{"type":"FeatureCollection","features":[{"type":"Feature","properties":{"tenant":"milwaukee","slug":"milwaukee","city":"Milwaukee","district":1},"geometry":{"type":"MultiPolygon","coordinates":[[[[-87.9227,43.0893],[-87.9227,43.0893],[-87.9229,43.0893],[-87.9232,43.0893],[-87.9233,43.0893],[-87.9238,43.0894],[-87.9246,43.0894],[-87.9258,43.0894],[-87.927,43.0894],[-87.9283,43.0894],[-87.9295,43.0894],[-87.9307,43.0895],[-87.932,43.0895],[-87.9332,43.0895],[-87.9344,43.0895],[-87.9356,43.0896],[-87.937,43.0896],[-87.9382,43.0896],[-87.9388,43.0896],[-87.9395,43.0896],[-87.9409,43.0897],[-87.942,43.0897],[-87.9435,43.0897],[-87.9447,43.0897],[-87.9457,43.0898],[-87.9469,43.0898],[-87.9474,43.0898],[-87.9482,43.0898],[-87.9494,43.0898],[-87.9506,43.0898],[-87.9519,43.0898],[-87.9522,43.0898],[-87.9538,43.0898],[-87.9557,43.0898],[-87.9566,43.0899],[-87.957,43.0899],[-87.957,43.0916],[-87.9569,43.0935],[-87.9569,43.0953],[-87.9568,43.0965],[-87.9568,43.0969],[-87.9568,43.0971],[-87.9575,43.0989],[-87.958,43.0999],[-87.9583,43.1008],[-87.959,43.1026],[-87.9591,43.1027],[-87.9598,43.1044],[-87.9598,43.1046],[-87.9603,43.1046],[-87.9615,43.1046],[-87.9627,43.1046],[-87.9639,43.1046],[-87.965,43.1046],[-87.9665,43.1046],[-87.9678,43.1046],[-87.969,43.1046],[-87.9702,43.1046],[-87.9714,43.1046],[-87.9731,43.1046],[-87.9739,43.1046],[-87.9743,43.1046],[-87.9755,43.1046],[-87.9765,43.1046],[-87.9776,43.1047],[-87.9778,43.1047],[-87.9788,43.1047],[-87.979,43.1047],[-87.9801,43.1047],[-87.9806,43.1047],[-87.9813,43.1047],[-87.9823,43.1047],[-87.9825,43.1047],[-87.9837,43.1047],[-87.9852,43.1047],[-87.986,43.1047],[-87.9864,43.1047],[-87.9863,43.1057],[-87.9862,43.1085],[-87.9861,43.112],[-87.9849,43.112],[-87.9837,43.112],[-87.9824,43.112],[-87.9812,43.112],[-87.9812,43.1157],[-87.9811,43.1175],[-87.9811,43.1189],[-87.9811,43.1192],[-87.9809,43.1193],[-87.9823,43.1193],[-87.9836,43.1193],[-87.984,43.1193],[-87.986,43.1193],[-87.9861,43.1193],[-87.986,43.1203],[-87.986,43.1225],[-87.9859,43.1248],[-87.9858,43.1266],[-87.9809,43.1266],[-87.9809,43.1287],[-87.9809,43.1294],[-87.9809,43.1296],[-87.9809,43.1297],[-87.9814,43.1301],[-87.9817,43.1304],[-87.9825,43.1311],[-87.9829,43.1314],[-87.983,43.1315],[-87.9835,43.132],[-87.9831,43.132],[-87.9829,43.132],[-87.9822,43.132],[-87.9818,43.132],[-87.9796,43.132],[-87.9794,43.132],[-87.9793,43.132],[-87.979,43.132],[-87.9782,43.132],[-87.9769,43.1321],[-87.9757,43.1321],[-87.9749,43.1321],[-87.974,43.1321],[-87.9732,43.1321],[-87.972,43.1321],[-87.9715,43.1321],[-87.9706,43.1321],[-87.9699,43.1322],[-87.9693,43.1322],[-87.9689,43.1322],[-87.9669,43.1322],[-87.9667,43.1322],[-87.9666,43.1322],[-87.9664,43.1322],[-87.9661,43.1322],[-87.966,43.1322],[-87.9659,43.1324],[-87.9659,43.133],[-87.9659,43.1332],[-87.9659,43.1334],[-87.9659,43.1338],[-87.9659,43.1339],[-87.9659,43.1345],[-87.9658,43.1363],[-87.9658,43.1369],[-87.9658,43.1378],[-87.9657,43.1404],[-87.9657,43.1413],[-87.9657,43.1414],[-87.9656,43.1417],[-87.9656,43.1418],[-87.9656,43.1418],[-87.9656,43.1419],[-87.9656,43.1424],[-87.9656,43.1426],[-87.9656,43.1438],[-87.9655,43.1474],[-87.9654,43.1482],[-87.9654,43.1484],[-87.9654,43.1486],[-87.9653,43.151],[-87.9652,43.1548],[-87.9651,43.1559],[-87.9614,43.1558],[-87.959,43.1558],[-87.9578,43.1558],[-87.9575,43.1558],[-87.9603,43.1623],[-87.9581,43.1623],[-87.9581,43.1631],[-87.9574,43.1631],[-87.9513,43.163],[-87.9508,43.163],[-87.9469,43.1601],[-87.9451,43.1587],[-87.9454,43.1484],[-87.9547,43.1485],[-87.9526,43.1435],[-87.9484,43.1338],[-87.9477,43.1323],[-87.9463,43.1289],[-87.9459,43.1282],[-87.946,43.1277],[-87.9461,43.1246],[-87.9461,43.1237],[-87.9462,43.1228],[-87.9461,43.1222],[-87.9461,43.1218],[-87.9461,43.1215],[-87.9461,43.1209],[-87.9455,43.1209],[-87.9455,43.1197],[-87.9455,43.1196],[-87.9454,43.1196],[-87.9454,43.1193],[-87.9454,43.1191],[-87.9449,43.1191],[-87.9446,43.1191],[-87.9446,43.1186],[-87.9437,43.1185],[-87.9438,43.1182],[-87.945,43.1182],[-87.945,43.1173],[-87.9456,43.1173],[-87.9456,43.1171],[-87.9459,43.1171],[-87.946,43.1156],[-87.946,43.1155],[-87.945,43.1155],[-87.9438,43.1155],[-87.9439,43.1144],[-87.9439,43.1136],[-87.9439,43.1132],[-87.9445,43.1132],[-87.9445,43.1133],[-87.9451,43.1133],[-87.9457,43.1133],[-87.9457,43.1123],[-87.9452,43.1123],[-87.9451,43.1123],[-87.945,43.1123],[-87.9445,43.1124],[-87.9439,43.1124],[-87.9439,43.113],[-87.9435,43.113],[-87.9435,43.1131],[-87.9435,43.1136],[-87.9434,43.1136],[-87.9434,43.1144],[-87.9433,43.1155],[-87.9413,43.1154],[-87.9394,43.1154],[-87.939,43.1156],[-87.9388,43.1154],[-87.9384,43.1154],[-87.94,43.117],[-87.9399,43.1175],[-87.94,43.1177],[-87.9399,43.1179],[-87.94,43.1184],[-87.94,43.1186],[-87.94,43.119],[-87.9376,43.119],[-87.9371,43.119],[-87.9364,43.119],[-87.9348,43.1189],[-87.9341,43.1189],[-87.9337,43.118],[-87.9337,43.1178],[-87.9331,43.1154],[-87.9331,43.1152],[-87.9273,43.1152],[-87.9272,43.1162],[-87.9272,43.1164],[-87.9277,43.1167],[-87.9277,43.1168],[-87.9277,43.1169],[-87.9277,43.1178],[-87.9277,43.1188],[-87.9264,43.1188],[-87.9252,43.1188],[-87.9241,43.1188],[-87.9229,43.1187],[-87.9208,43.1187],[-87.9208,43.1187],[-87.9209,43.1186],[-87.9209,43.1186],[-87.921,43.1184],[-87.9211,43.1183],[-87.9212,43.1183],[-87.9213,43.1181],[-87.9215,43.1179],[-87.9215,43.1179],[-87.9216,43.1178],[-87.9216,43.1177],[-87.9216,43.1177],[-87.9217,43.1175],[-87.9219,43.1173],[-87.9219,43.1172],[-87.9222,43.1169],[-87.9224,43.1167],[-87.9225,43.1165],[-87.9226,43.1164],[-87.9228,43.1162],[-87.9228,43.1161],[-87.9228,43.1161],[-87.9229,43.116],[-87.9229,43.116],[-87.923,43.1159],[-87.9231,43.1158],[-87.9232,43.1157],[-87.9232,43.1157],[-87.9233,43.1156],[-87.9233,43.1155],[-87.9233,43.1155],[-87.9234,43.1154],[-87.9234,43.1153],[-87.9235,43.1153],[-87.9235,43.1152],[-87.9236,43.1152],[-87.9236,43.1151],[-87.9236,43.1151],[-87.9237,43.1149],[-87.9237,43.1149],[-87.9238,43.1148],[-87.9238,43.1148],[-87.9238,43.1147],[-87.9238,43.1146],[-87.9238,43.1146],[-87.9239,43.1145],[-87.9239,43.1145],[-87.9239,43.1144],[-87.9239,43.1143],[-87.9239,43.1143],[-87.9239,43.1142],[-87.9239,43.1142],[-87.924,43.1141],[-87.924,43.1141],[-87.924,43.114],[-87.924,43.1139],[-87.9241,43.1137],[-87.9241,43.1136],[-87.9242,43.1135],[-87.9242,43.1133],[-87.9242,43.1132],[-87.9242,43.113],[-87.9242,43.1129],[-87.9242,43.1127],[-87.9242,43.1126],[-87.9242,43.1125],[-87.9241,43.1124],[-87.9241,43.1123],[-87.9241,43.1123],[-87.9241,43.1121],[-87.924,43.112],[-87.924,43.1119],[-87.9239,43.1119],[-87.9239,43.1118],[-87.9239,43.1117],[-87.9239,43.1117],[-87.9238,43.1116],[-87.9239,43.1115],[-87.9239,43.1114],[-87.924,43.1113],[-87.9241,43.1113],[-87.9242,43.1112],[-87.9243,43.1112],[-87.9244,43.1112],[-87.9245,43.1111],[-87.9246,43.1111],[-87.9246,43.1111],[-87.9247,43.111],[-87.9249,43.111],[-87.9249,43.1109],[-87.925,43.1109],[-87.9251,43.1108],[-87.9252,43.1108],[-87.9252,43.1108],[-87.9253,43.1107],[-87.9254,43.1107],[-87.9255,43.1107],[-87.9256,43.1107],[-87.9257,43.1107],[-87.9258,43.1107],[-87.9259,43.1107],[-87.9261,43.1107],[-87.9262,43.1107],[-87.9263,43.1107],[-87.9264,43.1108],[-87.9265,43.1107],[-87.9267,43.1108],[-87.9269,43.1107],[-87.927,43.1107],[-87.9271,43.1107],[-87.9271,43.1107],[-87.9272,43.1107],[-87.9274,43.1106],[-87.9275,43.1106],[-87.9275,43.1106],[-87.9276,43.1105],[-87.9277,43.1105],[-87.9278,43.1104],[-87.9279,43.1103],[-87.928,43.1103],[-87.9281,43.1102],[-87.9282,43.1101],[-87.9283,43.1101],[-87.9284,43.11],[-87.9285,43.1099],[-87.9287,43.1098],[-87.9288,43.1097],[-87.9289,43.1097],[-87.929,43.1096],[-87.9291,43.1095],[-87.9292,43.1094],[-87.9293,43.1094],[-87.9294,43.1093],[-87.9295,43.1093],[-87.9296,43.1092],[-87.9297,43.1092],[-87.9297,43.1091],[-87.9299,43.1089],[-87.93,43.1088],[-87.9303,43.1086],[-87.9304,43.1085],[-87.9305,43.1084],[-87.9307,43.1082],[-87.9309,43.1079],[-87.9309,43.1077],[-87.9308,43.1074],[-87.9306,43.1071],[-87.9304,43.1069],[-87.9302,43.1068],[-87.9299,43.1068],[-87.9297,43.1068],[-87.9295,43.1067],[-87.9293,43.1067],[-87.9292,43.1067],[-87.929,43.1067],[-87.9289,43.1067],[-87.9287,43.1067],[-87.9286,43.1066],[-87.9284,43.1066],[-87.9282,43.1066],[-87.928,43.1065],[-87.9279,43.1065],[-87.9278,43.1064],[-87.9276,43.1064],[-87.9275,43.1063],[-87.9274,43.1063],[-87.9272,43.1062],[-87.9271,43.1061],[-87.927,43.106],[-87.9269,43.106],[-87.9267,43.1059],[-87.9266,43.1058],[-87.9265,43.1058],[-87.9265,43.1057],[-87.9264,43.1056],[-87.9263,43.1056],[-87.9262,43.1055],[-87.9262,43.1054],[-87.9261,43.1053],[-87.9261,43.1052],[-87.9261,43.1052],[-87.926,43.1051],[-87.926,43.105],[-87.926,43.1049],[-87.926,43.1048],[-87.926,43.1048],[-87.926,43.1047],[-87.926,43.1046],[-87.926,43.1044],[-87.926,43.1043],[-87.926,43.1042],[-87.926,43.1039],[-87.926,43.1038],[-87.926,43.1036],[-87.926,43.1034],[-87.926,43.1031],[-87.9259,43.103],[-87.9258,43.1028],[-87.9258,43.1027],[-87.9257,43.1026],[-87.9255,43.1024],[-87.9253,43.1023],[-87.9249,43.1021],[-87.925,43.1003],[-87.9285,43.1004],[-87.927,43.0977],[-87.9269,43.0976],[-87.9254,43.0971],[-87.9266,43.0971],[-87.9255,43.0952],[-87.925,43.0952],[-87.925,43.0946],[-87.9219,43.0945],[-87.9189,43.0945],[-87.9193,43.0948],[-87.9192,43.0948],[-87.919,43.0948],[-87.9191,43.0949],[-87.9193,43.0951],[-87.9195,43.0952],[-87.9196,43.0953],[-87.9194,43.0953],[-87.917,43.0952],[-87.917,43.0948],[-87.9189,43.0948],[-87.9188,43.0947],[-87.9185,43.0945],[-87.9183,43.0943],[-87.9181,43.0941],[-87.9179,43.0938],[-87.9175,43.0935],[-87.9174,43.0934],[-87.9171,43.093],[-87.9171,43.0927],[-87.9171,43.0915],[-87.9171,43.0911],[-87.9171,43.09],[-87.9171,43.0896],[-87.9171,43.0893],[-87.9183,43.0893],[-87.9195,43.0893],[-87.9208,43.0893],[-87.9216,43.0893],[-87.9216,43.0893],[-87.9216,43.0893],[-87.9216,43.0893],[-87.9217,43.0893],[-87.9219,43.0893],[-87.9227,43.0893],[-87.9227,43.0893]]]]}},{"type":"Feature","properties":{"tenant":"milwaukee","slug":"milwaukee","city":"Milwaukee","district":2},"geometry":{"type":"MultiPolygon","coordinates":[[[[-88.0254,43.1341],[-88.0247,43.1341],[-88.0229,43.1341],[-88.0195,43.1341],[-88.0169,43.1341],[-88.0156,43.1341],[-88.013,43.1341],[-88.0107,43.1341],[-88.0072,43.1341],[-88.0057,43.1341],[-88.0022,43.1341],[-87.9999,43.1341],[-87.9957,43.134],[-87.9951,43.134],[-87.9908,43.134],[-87.9908,43.1318],[-87.9908,43.1295],[-87.9908,43.1281],[-87.9908,43.1267],[-87.9909,43.1249],[-87.9905,43.1248],[-87.9894,43.1248],[-87.9882,43.1248],[-87.9872,43.1248],[-87.9859,43.1248],[-87.986,43.1225],[-87.986,43.1203],[-87.9861,43.1193],[-87.986,43.1193],[-87.984,43.1193],[-87.9836,43.1193],[-87.9823,43.1193],[-87.9809,43.1193],[-87.9811,43.1192],[-87.9811,43.1189],[-87.9811,43.1175],[-87.9812,43.1157],[-87.9812,43.112],[-87.9824,43.112],[-87.9837,43.112],[-87.9849,43.112],[-87.9861,43.112],[-87.9862,43.1085],[-87.9863,43.1057],[-87.9864,43.1047],[-87.9866,43.1038],[-87.9866,43.1037],[-87.9866,43.1034],[-87.9866,43.1021],[-87.9866,43.1013],[-87.9867,43.1007],[-87.9867,43.0995],[-87.9867,43.0992],[-87.9867,43.0981],[-87.9864,43.0979],[-87.9857,43.0973],[-87.9854,43.0971],[-87.9841,43.0961],[-87.982,43.0944],[-87.9797,43.0926],[-87.9787,43.0918],[-87.9777,43.091],[-87.977,43.0905],[-87.977,43.0899],[-87.9783,43.0899],[-87.9795,43.0899],[-87.9807,43.0899],[-87.9819,43.0899],[-87.9832,43.0899],[-87.9856,43.09],[-87.9869,43.09],[-87.9869,43.0886],[-87.9869,43.0881],[-87.9882,43.0881],[-87.9895,43.0881],[-87.9908,43.0881],[-87.992,43.0881],[-87.9933,43.0881],[-87.9946,43.0881],[-87.9958,43.0881],[-87.9958,43.0899],[-87.997,43.0899],[-87.9982,43.0899],[-87.9994,43.0899],[-88.0006,43.0899],[-88.0018,43.0899],[-88.003,43.0899],[-88.004,43.0899],[-88.0047,43.0899],[-88.0059,43.0899],[-88.0072,43.0899],[-88.0072,43.0909],[-88.0071,43.0919],[-88.0071,43.0937],[-88.0071,43.0954],[-88.007,43.0972],[-88.007,43.0991],[-88.0069,43.1011],[-88.0069,43.103],[-88.0068,43.1037],[-88.0064,43.105],[-88.0082,43.105],[-88.0106,43.105],[-88.0117,43.105],[-88.0129,43.105],[-88.0135,43.105],[-88.0146,43.105],[-88.0161,43.105],[-88.0176,43.1062],[-88.0195,43.1077],[-88.0216,43.1093],[-88.0226,43.1101],[-88.0246,43.1116],[-88.0259,43.1126],[-88.031,43.1167],[-88.0332,43.1183],[-88.034,43.1189],[-88.0345,43.1193],[-88.0349,43.1196],[-88.0354,43.1195],[-88.0362,43.1194],[-88.037,43.1194],[-88.0376,43.1194],[-88.0382,43.1194],[-88.0385,43.1194],[-88.0402,43.1194],[-88.0408,43.1194],[-88.0409,43.1194],[-88.041,43.1194],[-88.0412,43.1194],[-88.0413,43.1194],[-88.0419,43.1194],[-88.0435,43.1194],[-88.0438,43.1194],[-88.0444,43.1194],[-88.0445,43.1194],[-88.0447,43.1194],[-88.0454,43.1194],[-88.0457,43.1194],[-88.0459,43.1194],[-88.0461,43.1193],[-88.0464,43.1193],[-88.0466,43.1193],[-88.0466,43.1193],[-88.0466,43.1196],[-88.0465,43.1202],[-88.0465,43.1204],[-88.0464,43.1208],[-88.0461,43.1211],[-88.0458,43.1213],[-88.0453,43.1215],[-88.0447,43.1219],[-88.044,43.1223],[-88.0435,43.1227],[-88.0435,43.1229],[-88.0433,43.1229],[-88.0433,43.1231],[-88.0433,43.1231],[-88.0428,43.1232],[-88.0411,43.1235],[-88.0405,43.1236],[-88.0419,43.1246],[-88.0428,43.1252],[-88.045,43.1268],[-88.0455,43.127],[-88.0452,43.1273],[-88.0451,43.1274],[-88.0453,43.1277],[-88.0455,43.128],[-88.0454,43.1303],[-88.0453,43.132],[-88.0452,43.1338],[-88.0452,43.1339],[-88.045,43.1339],[-88.0442,43.1339],[-88.0439,43.1339],[-88.0437,43.1339],[-88.0429,43.1339],[-88.0427,43.1339],[-88.0415,43.1339],[-88.0414,43.1339],[-88.0411,43.1339],[-88.0402,43.1339],[-88.039,43.1339],[-88.0388,43.1339],[-88.0386,43.1339],[-88.0381,43.1339],[-88.0378,43.1339],[-88.0376,43.1339],[-88.0368,43.1339],[-88.0366,43.1339],[-88.0363,43.1339],[-88.0356,43.1339],[-88.0353,43.1339],[-88.0348,43.1339],[-88.0331,43.134],[-88.0326,43.134],[-88.0325,43.134],[-88.0322,43.134],[-88.031,43.134],[-88.0308,43.134],[-88.0333,43.1358],[-88.0332,43.1359],[-88.0331,43.136],[-88.0329,43.1361],[-88.0328,43.1362],[-88.0327,43.1363],[-88.0326,43.1363],[-88.0325,43.1364],[-88.0324,43.1364],[-88.0323,43.1364],[-88.0322,43.1364],[-88.032,43.1364],[-88.0317,43.1363],[-88.0313,43.1361],[-88.0312,43.1361],[-88.0312,43.1361],[-88.031,43.1361],[-88.0309,43.1362],[-88.0309,43.1362],[-88.0308,43.1363],[-88.0307,43.1365],[-88.0306,43.1366],[-88.0304,43.137],[-88.0304,43.1371],[-88.0303,43.1374],[-88.0302,43.1376],[-88.03,43.1382],[-88.03,43.1382],[-88.0299,43.1388],[-88.0298,43.1391],[-88.0297,43.1395],[-88.0294,43.1403],[-88.0292,43.1414],[-88.0292,43.1416],[-88.0292,43.1419],[-88.029,43.1425],[-88.029,43.1427],[-88.0289,43.143],[-88.0289,43.1435],[-88.0287,43.144],[-88.0285,43.1444],[-88.0284,43.1448],[-88.0283,43.1451],[-88.0282,43.1456],[-88.0281,43.1458],[-88.0278,43.1464],[-88.0274,43.1469],[-88.0269,43.1473],[-88.0267,43.1476],[-88.0265,43.1477],[-88.0263,43.148],[-88.0261,43.1483],[-88.0261,43.1483],[-88.0261,43.1484],[-88.0261,43.1486],[-88.0251,43.1486],[-88.0252,43.1469],[-88.0252,43.144],[-88.0252,43.143],[-88.0253,43.1413],[-88.0253,43.1396],[-88.0253,43.1379],[-88.0253,43.1374],[-88.0254,43.1341]]]]}},{"type":"Feature","properties":{"tenant":"milwaukee","slug":"milwaukee","city":"Milwaukee","district":3},"geometry":{"type":"MultiPolygon","coordinates":[[[[-87.8773,43.0577],[-87.8774,43.0576],[-87.8779,43.0572],[-87.8788,43.0565],[-87.8797,43.0558],[-87.8807,43.055],[-87.8815,43.0544],[-87.8817,43.0543],[-87.8824,43.0539],[-87.8827,43.0539],[-87.8835,43.0537],[-87.8837,43.0537],[-87.8842,43.0536],[-87.8847,43.0536],[-87.8851,43.0536],[-87.8856,43.0535],[-87.8861,43.0535],[-87.8864,43.0536],[-87.8864,43.0537],[-87.8865,43.0539],[-87.8865,43.0541],[-87.8864,43.0543],[-87.8863,43.0545],[-87.8861,43.0548],[-87.886,43.055],[-87.8857,43.0552],[-87.8855,43.0554],[-87.8854,43.0555],[-87.8853,43.0556],[-87.886,43.0556],[-87.8863,43.0556],[-87.8865,43.0556],[-87.8866,43.0555],[-87.8867,43.0554],[-87.888,43.0541],[-87.889,43.0546],[-87.8891,43.0545],[-87.8901,43.0534],[-87.8906,43.0529],[-87.8911,43.0524],[-87.8937,43.0497],[-87.8942,43.0491],[-87.8956,43.0477],[-87.8964,43.0469],[-87.8969,43.0463],[-87.8969,43.0464],[-87.8969,43.0469],[-87.8969,43.0481],[-87.8969,43.0497],[-87.8969,43.0498],[-87.8968,43.0505],[-87.8981,43.0505],[-87.8996,43.0505],[-87.9009,43.0505],[-87.9021,43.0505],[-87.9034,43.0506],[-87.9046,43.0506],[-87.9055,43.0506],[-87.9057,43.0506],[-87.9058,43.0506],[-87.9059,43.0507],[-87.9062,43.0508],[-87.9072,43.0514],[-87.9077,43.0516],[-87.9075,43.0518],[-87.9065,43.0529],[-87.906,43.0533],[-87.9049,43.054],[-87.9043,43.0545],[-87.9034,43.0551],[-87.9027,43.0555],[-87.9025,43.0557],[-87.9018,43.0562],[-87.9012,43.0565],[-87.9003,43.0568],[-87.8994,43.0569],[-87.898,43.057],[-87.898,43.0572],[-87.8979,43.0579],[-87.8979,43.0583],[-87.8979,43.0591],[-87.8979,43.0592],[-87.8979,43.0602],[-87.8979,43.0603],[-87.8979,43.0611],[-87.8979,43.062],[-87.8978,43.0638],[-87.8991,43.0638],[-87.9003,43.0638],[-87.9016,43.0638],[-87.9015,43.0656],[-87.9015,43.0659],[-87.9015,43.0675],[-87.9015,43.0693],[-87.9015,43.0711],[-87.9015,43.0713],[-87.9015,43.0713],[-87.9015,43.0729],[-87.9014,43.0747],[-87.9014,43.0762],[-87.9014,43.0765],[-87.9013,43.0784],[-87.9013,43.0797],[-87.9012,43.082],[-87.9009,43.082],[-87.9,43.082],[-87.8987,43.082],[-87.8975,43.082],[-87.8962,43.082],[-87.8925,43.0819],[-87.8916,43.0819],[-87.8888,43.0819],[-87.8876,43.0819],[-87.8864,43.0819],[-87.8851,43.0819],[-87.8839,43.0819],[-87.8826,43.0819],[-87.8802,43.0819],[-87.8777,43.0819],[-87.8765,43.0819],[-87.8754,43.0819],[-87.8742,43.0819],[-87.8728,43.0819],[-87.8715,43.0819],[-87.8706,43.0819],[-87.8706,43.0816],[-87.8705,43.0815],[-87.8704,43.0811],[-87.8703,43.0809],[-87.8701,43.0806],[-87.8695,43.0793],[-87.8695,43.0792],[-87.8697,43.0792],[-87.8696,43.0791],[-87.8691,43.0783],[-87.869,43.078],[-87.8689,43.0778],[-87.8688,43.0777],[-87.8688,43.0776],[-87.8688,43.0775],[-87.8687,43.0773],[-87.8686,43.0772],[-87.8686,43.0771],[-87.8685,43.0769],[-87.8684,43.0767],[-87.8683,43.0765],[-87.8683,43.0764],[-87.8683,43.0763],[-87.8682,43.0763],[-87.8682,43.0762],[-87.8682,43.0762],[-87.8681,43.0761],[-87.8681,43.076],[-87.8681,43.076],[-87.868,43.0759],[-87.868,43.0758],[-87.8679,43.0757],[-87.8678,43.0756],[-87.8678,43.0756],[-87.8678,43.0756],[-87.8677,43.0755],[-87.8677,43.0755],[-87.8676,43.0755],[-87.8676,43.0755],[-87.8675,43.0755],[-87.8674,43.0755],[-87.8674,43.0755],[-87.8673,43.0755],[-87.8673,43.0754],[-87.8673,43.0754],[-87.8673,43.0753],[-87.8673,43.0752],[-87.8673,43.0752],[-87.8673,43.0751],[-87.8672,43.075],[-87.8672,43.0749],[-87.8672,43.0748],[-87.8672,43.0747],[-87.8672,43.0747],[-87.8672,43.0746],[-87.8671,43.0746],[-87.8671,43.0745],[-87.867,43.0745],[-87.867,43.0745],[-87.8669,43.0744],[-87.8668,43.0744],[-87.8664,43.0744],[-87.8641,43.0744],[-87.8638,43.0742],[-87.8637,43.0708],[-87.864,43.0702],[-87.8644,43.0699],[-87.8653,43.0693],[-87.8658,43.0689],[-87.8663,43.0682],[-87.8664,43.0682],[-87.8665,43.0679],[-87.8666,43.0679],[-87.8666,43.0679],[-87.8666,43.0678],[-87.8666,43.0678],[-87.8667,43.0677],[-87.8669,43.0674],[-87.867,43.0673],[-87.8671,43.0673],[-87.8672,43.0671],[-87.8673,43.067],[-87.8675,43.0669],[-87.8675,43.0668],[-87.8676,43.0668],[-87.8676,43.0667],[-87.8676,43.0666],[-87.8677,43.0666],[-87.8677,43.0665],[-87.8677,43.0664],[-87.8677,43.0664],[-87.8677,43.0663],[-87.8678,43.0663],[-87.8678,43.0662],[-87.8678,43.0661],[-87.8679,43.066],[-87.8679,43.066],[-87.868,43.0659],[-87.868,43.0659],[-87.868,43.0658],[-87.8681,43.0658],[-87.8681,43.0657],[-87.8682,43.0657],[-87.8683,43.0655],[-87.8684,43.0655],[-87.8684,43.0654],[-87.8684,43.0654],[-87.8685,43.0653],[-87.8685,43.0652],[-87.8685,43.0651],[-87.8685,43.0651],[-87.8685,43.0651],[-87.8685,43.065],[-87.8685,43.0649],[-87.8684,43.0648],[-87.8684,43.0647],[-87.8684,43.0647],[-87.8685,43.0646],[-87.8685,43.0646],[-87.8685,43.0646],[-87.8686,43.0645],[-87.8686,43.0645],[-87.8687,43.0645],[-87.8688,43.0645],[-87.8689,43.0645],[-87.8691,43.0645],[-87.8692,43.0645],[-87.8692,43.0645],[-87.8693,43.0645],[-87.8693,43.0644],[-87.8694,43.0644],[-87.8695,43.0643],[-87.8696,43.0643],[-87.8696,43.0642],[-87.8697,43.0642],[-87.8698,43.0641],[-87.8699,43.0641],[-87.87,43.064],[-87.8701,43.0639],[-87.8704,43.0638],[-87.8706,43.0636],[-87.8708,43.0635],[-87.871,43.0634],[-87.8711,43.0633],[-87.8711,43.0632],[-87.8712,43.0632],[-87.8714,43.063],[-87.8715,43.0629],[-87.8716,43.0629],[-87.8717,43.0628],[-87.8718,43.0627],[-87.8718,43.0627],[-87.8719,43.0626],[-87.8719,43.0626],[-87.872,43.0625],[-87.872,43.0625],[-87.8721,43.0624],[-87.8722,43.0624],[-87.8722,43.0623],[-87.8723,43.0623],[-87.8724,43.0622],[-87.8725,43.0622],[-87.8726,43.0621],[-87.8726,43.062],[-87.8727,43.062],[-87.8728,43.0619],[-87.8728,43.0619],[-87.8728,43.0618],[-87.8729,43.0618],[-87.8729,43.0617],[-87.873,43.0617],[-87.873,43.0616],[-87.8731,43.0616],[-87.8731,43.0616],[-87.8731,43.0615],[-87.8732,43.0615],[-87.8732,43.0615],[-87.8732,43.0614],[-87.8732,43.0614],[-87.8733,43.0613],[-87.8733,43.0613],[-87.8733,43.0613],[-87.8734,43.0612],[-87.8734,43.0612],[-87.8735,43.0611],[-87.8735,43.0611],[-87.8736,43.061],[-87.8737,43.0609],[-87.8738,43.0608],[-87.8739,43.0607],[-87.874,43.0606],[-87.8741,43.0605],[-87.8742,43.0604],[-87.8742,43.0603],[-87.8743,43.0602],[-87.8744,43.0602],[-87.8744,43.0601],[-87.8745,43.06],[-87.8758,43.0601],[-87.8759,43.0599],[-87.876,43.0597],[-87.8762,43.0594],[-87.8763,43.0591],[-87.8765,43.0589],[-87.8765,43.0587],[-87.8767,43.0584],[-87.8767,43.0583],[-87.8769,43.0581],[-87.8772,43.0578],[-87.8773,43.0577]]]]}},{"type":"Feature","properties":{"tenant":"milwaukee","slug":"milwaukee","city":"Milwaukee","district":4},"geometry":{"type":"MultiPolygon","coordinates":[[[[-87.8773,43.0577],[-87.8772,43.0578],[-87.8769,43.0581],[-87.8767,43.0583],[-87.8767,43.0584],[-87.8765,43.0587],[-87.8765,43.0589],[-87.8763,43.0591],[-87.8762,43.0594],[-87.876,43.0597],[-87.8759,43.0599],[-87.8758,43.0601],[-87.8745,43.06],[-87.8745,43.0599],[-87.8746,43.0599],[-87.8746,43.0599],[-87.8746,43.0598],[-87.8746,43.0598],[-87.8747,43.0597],[-87.8747,43.0596],[-87.8748,43.0596],[-87.8748,43.0596],[-87.8748,43.0595],[-87.8749,43.0594],[-87.8749,43.0594],[-87.875,43.0593],[-87.875,43.0592],[-87.875,43.0592],[-87.8751,43.0591],[-87.8752,43.059],[-87.8752,43.0589],[-87.8752,43.0587],[-87.8752,43.0586],[-87.8753,43.0585],[-87.8753,43.0584],[-87.8754,43.0583],[-87.8754,43.0582],[-87.8754,43.0581],[-87.8755,43.058],[-87.8756,43.0578],[-87.8758,43.0577],[-87.8759,43.0577],[-87.876,43.0576],[-87.8761,43.0576],[-87.8761,43.0576],[-87.8762,43.0576],[-87.8762,43.0576],[-87.8763,43.0575],[-87.8764,43.0574],[-87.8765,43.0574],[-87.8767,43.0573],[-87.8767,43.0572],[-87.8768,43.0572],[-87.8768,43.0572],[-87.8768,43.0572],[-87.8769,43.0571],[-87.8769,43.0571],[-87.8769,43.0571],[-87.877,43.057],[-87.877,43.057],[-87.877,43.057],[-87.8771,43.0569],[-87.8772,43.0568],[-87.8773,43.0568],[-87.8773,43.0567],[-87.8774,43.0567],[-87.8775,43.0566],[-87.8776,43.0565],[-87.8777,43.0565],[-87.8778,43.0564],[-87.8778,43.0563],[-87.8778,43.0563],[-87.8778,43.0561],[-87.8778,43.0561],[-87.8778,43.056],[-87.8778,43.056],[-87.8778,43.0559],[-87.8778,43.0558],[-87.8778,43.0558],[-87.8779,43.0558],[-87.8779,43.0557],[-87.8779,43.0557],[-87.878,43.0557],[-87.878,43.0556],[-87.8781,43.0556],[-87.8781,43.0556],[-87.8781,43.0555],[-87.8782,43.0555],[-87.8782,43.0554],[-87.8783,43.0554],[-87.8783,43.0554],[-87.8784,43.0554],[-87.8784,43.0554],[-87.8784,43.0554],[-87.8784,43.0555],[-87.8785,43.0555],[-87.8787,43.0554],[-87.8788,43.0554],[-87.8794,43.055],[-87.8796,43.0548],[-87.8799,43.0546],[-87.8799,43.0545],[-87.8801,43.0543],[-87.8801,43.0543],[-87.8801,43.0542],[-87.8801,43.0542],[-87.8801,43.0541],[-87.8801,43.0541],[-87.88,43.0541],[-87.88,43.0541],[-87.88,43.054],[-87.8803,43.0538],[-87.8804,43.0537],[-87.8804,43.0537],[-87.8804,43.0536],[-87.8805,43.0536],[-87.8805,43.0536],[-87.8806,43.0535],[-87.8807,43.0535],[-87.8808,43.0534],[-87.8808,43.0534],[-87.8809,43.0534],[-87.8809,43.0534],[-87.8808,43.0536],[-87.8808,43.0536],[-87.8808,43.0536],[-87.8809,43.0536],[-87.8811,43.0536],[-87.8812,43.0536],[-87.8814,43.0536],[-87.8816,43.0534],[-87.8817,43.0533],[-87.8818,43.0532],[-87.8819,43.053],[-87.8819,43.0529],[-87.8818,43.0528],[-87.8817,43.0527],[-87.8816,43.0528],[-87.8816,43.0528],[-87.8815,43.0528],[-87.8815,43.0528],[-87.8815,43.0528],[-87.8814,43.0528],[-87.8814,43.0528],[-87.8814,43.0527],[-87.8814,43.0527],[-87.8815,43.0526],[-87.8816,43.0526],[-87.8816,43.0525],[-87.8817,43.0525],[-87.8818,43.0524],[-87.8819,43.0524],[-87.882,43.0523],[-87.8821,43.0522],[-87.8821,43.0522],[-87.8822,43.0522],[-87.8822,43.0522],[-87.8822,43.0521],[-87.8822,43.0521],[-87.8822,43.052],[-87.8822,43.052],[-87.8822,43.052],[-87.8822,43.0519],[-87.8822,43.0519],[-87.8821,43.0517],[-87.8821,43.0517],[-87.882,43.0516],[-87.882,43.0516],[-87.882,43.0515],[-87.8819,43.0514],[-87.8819,43.0513],[-87.8818,43.0513],[-87.8816,43.051],[-87.8796,43.0478],[-87.8795,43.0476],[-87.8795,43.0475],[-87.8795,43.0473],[-87.8795,43.0472],[-87.8802,43.0447],[-87.8803,43.0447],[-87.8796,43.0473],[-87.8796,43.0474],[-87.8796,43.0475],[-87.8797,43.0476],[-87.8797,43.0478],[-87.8819,43.0512],[-87.8821,43.0511],[-87.8822,43.0513],[-87.8827,43.0512],[-87.8827,43.0511],[-87.8835,43.0509],[-87.8837,43.0514],[-87.8852,43.0511],[-87.8853,43.0514],[-87.8854,43.0517],[-87.8855,43.0517],[-87.8858,43.0516],[-87.886,43.0515],[-87.8866,43.053],[-87.8867,43.053],[-87.887,43.053],[-87.8871,43.0529],[-87.8866,43.0516],[-87.8873,43.0511],[-87.8874,43.0512],[-87.8876,43.0511],[-87.8874,43.051],[-87.8876,43.0508],[-87.887,43.0504],[-87.8893,43.0481],[-87.8886,43.0477],[-87.8885,43.0472],[-87.8898,43.0459],[-87.8895,43.0457],[-87.8879,43.0448],[-87.8862,43.0465],[-87.8817,43.0463],[-87.8817,43.0461],[-87.8839,43.0462],[-87.8846,43.0455],[-87.8848,43.0453],[-87.886,43.0442],[-87.8864,43.0439],[-87.8872,43.0433],[-87.8884,43.0429],[-87.8889,43.0428],[-87.8905,43.0426],[-87.8921,43.0425],[-87.8938,43.0425],[-87.8946,43.0425],[-87.895,43.0425],[-87.8954,43.0416],[-87.8957,43.0411],[-87.896,43.0404],[-87.8961,43.04],[-87.8962,43.0398],[-87.8964,43.0393],[-87.8966,43.0385],[-87.8967,43.0378],[-87.8949,43.0379],[-87.894,43.0379],[-87.8936,43.0378],[-87.8934,43.0376],[-87.8933,43.0374],[-87.8933,43.0371],[-87.8936,43.0358],[-87.8937,43.0352],[-87.8938,43.035],[-87.8938,43.0349],[-87.8938,43.0349],[-87.8939,43.0348],[-87.8941,43.0348],[-87.8942,43.0349],[-87.8942,43.0349],[-87.8942,43.035],[-87.894,43.036],[-87.894,43.0363],[-87.8938,43.0371],[-87.8938,43.0373],[-87.8939,43.0374],[-87.8941,43.0375],[-87.8943,43.0375],[-87.8945,43.0374],[-87.8946,43.0373],[-87.8949,43.0373],[-87.8951,43.0367],[-87.8951,43.0367],[-87.8969,43.0366],[-87.897,43.0364],[-87.8969,43.0363],[-87.8968,43.0363],[-87.8968,43.0362],[-87.8967,43.0361],[-87.8967,43.036],[-87.8967,43.0357],[-87.8968,43.0355],[-87.8968,43.0352],[-87.8967,43.035],[-87.8966,43.0347],[-87.8965,43.0345],[-87.8964,43.0344],[-87.8965,43.0343],[-87.8966,43.0343],[-87.8968,43.0343],[-87.8971,43.0344],[-87.8971,43.0344],[-87.8973,43.0343],[-87.8974,43.0341],[-87.898,43.0312],[-87.8982,43.0305],[-87.8982,43.0303],[-87.8981,43.03],[-87.898,43.0298],[-87.8979,43.0296],[-87.8977,43.0294],[-87.8975,43.0292],[-87.8972,43.0291],[-87.8971,43.0291],[-87.8968,43.0291],[-87.8962,43.0291],[-87.8961,43.0292],[-87.896,43.0293],[-87.8959,43.0295],[-87.8957,43.0297],[-87.8955,43.03],[-87.8955,43.0304],[-87.8956,43.0309],[-87.8959,43.0313],[-87.8963,43.0315],[-87.8967,43.0318],[-87.897,43.0319],[-87.8971,43.032],[-87.8971,43.0321],[-87.8971,43.0322],[-87.897,43.0324],[-87.8967,43.0325],[-87.8964,43.0327],[-87.8962,43.0331],[-87.8961,43.0334],[-87.8962,43.0337],[-87.8965,43.034],[-87.8964,43.0342],[-87.8963,43.0342],[-87.8962,43.0342],[-87.896,43.0342],[-87.8957,43.0342],[-87.8954,43.0342],[-87.8952,43.0344],[-87.8951,43.0346],[-87.895,43.035],[-87.8949,43.0352],[-87.8948,43.0353],[-87.8947,43.0353],[-87.8946,43.0352],[-87.8946,43.035],[-87.8947,43.0345],[-87.8946,43.0338],[-87.8944,43.033],[-87.894,43.0322],[-87.8938,43.0315],[-87.8938,43.0309],[-87.894,43.0304],[-87.8941,43.0301],[-87.8943,43.0298],[-87.8943,43.0296],[-87.8946,43.0294],[-87.8948,43.0293],[-87.8951,43.0292],[-87.8954,43.0291],[-87.8955,43.029],[-87.8956,43.0289],[-87.8956,43.0288],[-87.8957,43.0287],[-87.8959,43.0287],[-87.8959,43.0259],[-87.8961,43.0253],[-87.8986,43.025],[-87.8987,43.025],[-87.8986,43.0246],[-87.9006,43.025],[-87.9026,43.0254],[-87.9028,43.0254],[-87.9032,43.0256],[-87.9035,43.0261],[-87.9048,43.0277],[-87.9048,43.0278],[-87.9048,43.028],[-87.9062,43.0292],[-87.9074,43.0301],[-87.9087,43.0307],[-87.9099,43.0312],[-87.9104,43.0314],[-87.9105,43.0316],[-87.9107,43.0319],[-87.9118,43.0323],[-87.9124,43.0325],[-87.9141,43.033],[-87.9146,43.0331],[-87.9149,43.0331],[-87.9181,43.0332],[-87.9186,43.0331],[-87.919,43.0331],[-87.9196,43.0328],[-87.9202,43.0326],[-87.9206,43.0324],[-87.9218,43.0321],[-87.9227,43.0321],[-87.9226,43.0318],[-87.9226,43.0317],[-87.9226,43.0315],[-87.9226,43.0313],[-87.9227,43.0313],[-87.9228,43.0314],[-87.923,43.0314],[-87.9231,43.0314],[-87.9232,43.0314],[-87.9247,43.0314],[-87.925,43.0314],[-87.9252,43.0314],[-87.9262,43.0314],[-87.9292,43.0314],[-87.9302,43.0314],[-87.9307,43.0314],[-87.9324,43.0314],[-87.9328,43.0314],[-87.9329,43.0314],[-87.9329,43.0317],[-87.9329,43.032],[-87.9329,43.0328],[-87.9329,43.0328],[-87.9329,43.0339],[-87.9329,43.0347],[-87.9329,43.0356],[-87.9379,43.0356],[-87.9392,43.0356],[-87.9402,43.0356],[-87.9409,43.0356],[-87.9416,43.0356],[-87.9423,43.0357],[-87.9428,43.0357],[-87.9432,43.0357],[-87.9438,43.0356],[-87.9444,43.0355],[-87.9449,43.0353],[-87.9454,43.0352],[-87.9458,43.035],[-87.9463,43.0348],[-87.9477,43.0348],[-87.9477,43.0349],[-87.9477,43.035],[-87.9477,43.0358],[-87.9477,43.0361],[-87.9477,43.0364],[-87.9477,43.0372],[-87.9477,43.0375],[-87.9477,43.0377],[-87.9477,43.0384],[-87.9477,43.0387],[-87.9479,43.0387],[-87.9487,43.0387],[-87.949,43.0387],[-87.949,43.0387],[-87.9491,43.0387],[-87.9491,43.0387],[-87.9493,43.0387],[-87.9497,43.0387],[-87.9498,43.0387],[-87.9499,43.0387],[-87.9502,43.0387],[-87.9503,43.0387],[-87.9504,43.0387],[-87.9506,43.0387],[-87.9507,43.0387],[-87.9508,43.0387],[-87.9513,43.0387],[-87.9514,43.0387],[-87.9517,43.0387],[-87.9524,43.0387],[-87.9527,43.0387],[-87.9528,43.0387],[-87.953,43.0387],[-87.9531,43.0387],[-87.9533,43.0387],[-87.9538,43.0387],[-87.9539,43.0387],[-87.954,43.0387],[-87.9543,43.0387],[-87.9544,43.0387],[-87.9547,43.0387],[-87.9557,43.0387],[-87.9561,43.0387],[-87.9564,43.0387],[-87.9573,43.0387],[-87.9576,43.0388],[-87.9576,43.0403],[-87.9576,43.0417],[-87.9576,43.0433],[-87.9576,43.0438],[-87.9576,43.0445],[-87.9576,43.0459],[-87.9576,43.0473],[-87.9576,43.0476],[-87.9576,43.0487],[-87.9564,43.0487],[-87.9555,43.0487],[-87.9552,43.0487],[-87.9535,43.0487],[-87.9524,43.0487],[-87.9512,43.0487],[-87.95,43.0487],[-87.9488,43.0486],[-87.9477,43.0486],[-87.9477,43.0484],[-87.9477,43.0482],[-87.9477,43.0475],[-87.9477,43.0473],[-87.9477,43.047],[-87.9477,43.0461],[-87.9477,43.0459],[-87.9477,43.0456],[-87.9477,43.0448],[-87.9477,43.0445],[-87.9474,43.0445],[-87.9472,43.0444],[-87.9465,43.0444],[-87.9462,43.0443],[-87.946,43.0443],[-87.9451,43.0443],[-87.9449,43.0443],[-87.9447,43.0443],[-87.944,43.0443],[-87.9438,43.0443],[-87.9436,43.0443],[-87.943,43.0443],[-87.9428,43.0443],[-87.9428,43.0443],[-87.9428,43.0441],[-87.9428,43.0434],[-87.9428,43.0432],[-87.9425,43.0432],[-87.9418,43.0432],[-87.9415,43.0432],[-87.9412,43.0432],[-87.9405,43.0432],[-87.9402,43.0432],[-87.9401,43.0432],[-87.9395,43.0432],[-87.9393,43.0432],[-87.9392,43.0432],[-87.9392,43.0432],[-87.9391,43.0432],[-87.939,43.0432],[-87.939,43.0434],[-87.939,43.0441],[-87.939,43.0443],[-87.9378,43.0443],[-87.9377,43.0486],[-87.9352,43.0486],[-87.9339,43.0486],[-87.9327,43.0486],[-87.9314,43.0486],[-87.9307,43.0485],[-87.93,43.0485],[-87.9286,43.0485],[-87.9278,43.0485],[-87.9271,43.0485],[-87.9268,43.0485],[-87.9266,43.0485],[-87.9264,43.0485],[-87.9262,43.0484],[-87.926,43.0484],[-87.9258,43.0484],[-87.9256,43.0483],[-87.9253,43.0482],[-87.925,43.0481],[-87.9247,43.048],[-87.9244,43.0479],[-87.924,43.0477],[-87.9226,43.047],[-87.9212,43.0463],[-87.9201,43.0457],[-87.9199,43.0457],[-87.9197,43.0457],[-87.9189,43.0457],[-87.9173,43.0457],[-87.9158,43.0457],[-87.9144,43.0457],[-87.9142,43.0457],[-87.9136,43.0457],[-87.9133,43.0457],[-87.9133,43.0462],[-87.9133,43.0464],[-87.9133,43.0466],[-87.9132,43.0467],[-87.9132,43.0469],[-87.9129,43.0475],[-87.9125,43.0479],[-87.9122,43.0482],[-87.9119,43.0484],[-87.9118,43.0484],[-87.9115,43.0486],[-87.9115,43.0486],[-87.9115,43.0486],[-87.9111,43.0488],[-87.9108,43.049],[-87.91,43.0494],[-87.91,43.0494],[-87.9095,43.0497],[-87.9091,43.0499],[-87.9077,43.0516],[-87.9072,43.0514],[-87.9062,43.0508],[-87.9059,43.0507],[-87.9058,43.0506],[-87.9057,43.0506],[-87.9055,43.0506],[-87.9046,43.0506],[-87.9034,43.0506],[-87.9021,43.0505],[-87.9009,43.0505],[-87.8996,43.0505],[-87.8981,43.0505],[-87.8968,43.0505],[-87.8969,43.0498],[-87.8969,43.0497],[-87.8969,43.0481],[-87.8969,43.0469],[-87.8969,43.0463],[-87.8964,43.0469],[-87.8956,43.0477],[-87.8942,43.0491],[-87.8937,43.0497],[-87.8911,43.0524],[-87.8906,43.0529],[-87.8901,43.0534],[-87.8891,43.0544],[-87.889,43.0546],[-87.888,43.0541],[-87.8867,43.0554],[-87.8866,43.0555],[-87.8865,43.0556],[-87.8863,43.0556],[-87.886,43.0556],[-87.8853,43.0556],[-87.8854,43.0555],[-87.8855,43.0554],[-87.8857,43.0552],[-87.886,43.055],[-87.8861,43.0548],[-87.8863,43.0545],[-87.8864,43.0543],[-87.8865,43.0541],[-87.8865,43.0539],[-87.8864,43.0537],[-87.8864,43.0536],[-87.8862,43.0535],[-87.8861,43.0535],[-87.8856,43.0535],[-87.8851,43.0536],[-87.8847,43.0536],[-87.8842,43.0536],[-87.8837,43.0537],[-87.8835,43.0537],[-87.8827,43.0539],[-87.8824,43.0539],[-87.8817,43.0543],[-87.8815,43.0544],[-87.8807,43.055],[-87.8797,43.0558],[-87.8788,43.0565],[-87.8779,43.0572],[-87.8774,43.0576],[-87.8773,43.0577]]]]}},{"type":"Feature","properties":{"tenant":"milwaukee","slug":"milwaukee","city":"Milwaukee","district":5},"geometry":{"type":"MultiPolygon","coordinates":[[[[-88.045,43.1484],[-88.0447,43.1484],[-88.0384,43.1484],[-88.0351,43.1485],[-88.0339,43.1485],[-88.0325,43.1485],[-88.0292,43.1486],[-88.0284,43.1486],[-88.0261,43.1486],[-88.0261,43.1484],[-88.0261,43.1483],[-88.0261,43.1483],[-88.0263,43.148],[-88.0265,43.1477],[-88.0267,43.1476],[-88.0269,43.1473],[-88.0274,43.1469],[-88.0278,43.1464],[-88.0281,43.1458],[-88.0282,43.1456],[-88.0283,43.1451],[-88.0284,43.1448],[-88.0285,43.1444],[-88.0287,43.144],[-88.0289,43.1435],[-88.0289,43.143],[-88.029,43.1427],[-88.029,43.1425],[-88.0292,43.1419],[-88.0292,43.1416],[-88.0292,43.1414],[-88.0294,43.1403],[-88.0297,43.1395],[-88.0298,43.1391],[-88.0299,43.1388],[-88.03,43.1382],[-88.03,43.1382],[-88.0302,43.1376],[-88.0303,43.1374],[-88.0304,43.1371],[-88.0304,43.137],[-88.0306,43.1366],[-88.0307,43.1365],[-88.0308,43.1363],[-88.0309,43.1362],[-88.0309,43.1362],[-88.031,43.1361],[-88.0312,43.1361],[-88.0312,43.1361],[-88.0313,43.1361],[-88.0317,43.1363],[-88.032,43.1364],[-88.0322,43.1364],[-88.0323,43.1364],[-88.0324,43.1364],[-88.0325,43.1364],[-88.0326,43.1363],[-88.0327,43.1363],[-88.0328,43.1362],[-88.0329,43.1361],[-88.0331,43.136],[-88.0332,43.1359],[-88.0333,43.1358],[-88.0308,43.134],[-88.031,43.134],[-88.0322,43.134],[-88.0325,43.134],[-88.0326,43.134],[-88.0331,43.134],[-88.0348,43.1339],[-88.0353,43.1339],[-88.0356,43.1339],[-88.0363,43.1339],[-88.0366,43.1339],[-88.0368,43.1339],[-88.0376,43.1339],[-88.0378,43.1339],[-88.0381,43.1339],[-88.0386,43.1339],[-88.0388,43.1339],[-88.039,43.1339],[-88.0402,43.1339],[-88.0411,43.1339],[-88.0414,43.1339],[-88.0415,43.1339],[-88.0427,43.1339],[-88.0429,43.1339],[-88.0437,43.1339],[-88.0439,43.1339],[-88.0442,43.1339],[-88.045,43.1339],[-88.0452,43.1339],[-88.0452,43.1338],[-88.0453,43.132],[-88.0454,43.1303],[-88.0455,43.128],[-88.0453,43.1277],[-88.0451,43.1274],[-88.0452,43.1273],[-88.0455,43.127],[-88.045,43.1268],[-88.0428,43.1252],[-88.0419,43.1246],[-88.0405,43.1236],[-88.0411,43.1235],[-88.0428,43.1232],[-88.0433,43.1231],[-88.0433,43.1231],[-88.0433,43.1229],[-88.0435,43.1229],[-88.0435,43.1227],[-88.044,43.1223],[-88.0447,43.1219],[-88.0453,43.1215],[-88.0458,43.1213],[-88.0461,43.1211],[-88.0464,43.1208],[-88.0465,43.1204],[-88.0465,43.1202],[-88.0466,43.1196],[-88.0466,43.1193],[-88.0466,43.1193],[-88.0464,43.1193],[-88.0461,43.1193],[-88.0459,43.1194],[-88.0457,43.1194],[-88.0454,43.1194],[-88.0447,43.1194],[-88.0445,43.1194],[-88.0444,43.1194],[-88.0438,43.1194],[-88.0435,43.1194],[-88.0419,43.1194],[-88.0413,43.1194],[-88.0412,43.1194],[-88.041,43.1194],[-88.0409,43.1194],[-88.0408,43.1194],[-88.0402,43.1194],[-88.0385,43.1194],[-88.0382,43.1194],[-88.0376,43.1194],[-88.037,43.1194],[-88.0362,43.1194],[-88.0354,43.1195],[-88.0349,43.1196],[-88.0345,43.1193],[-88.034,43.1189],[-88.0332,43.1183],[-88.031,43.1167],[-88.0259,43.1126],[-88.0246,43.1116],[-88.0226,43.1101],[-88.0216,43.1093],[-88.0195,43.1077],[-88.0176,43.1062],[-88.0161,43.105],[-88.0146,43.105],[-88.0135,43.105],[-88.0129,43.105],[-88.0117,43.105],[-88.0106,43.105],[-88.0082,43.105],[-88.0064,43.105],[-88.0068,43.1037],[-88.0069,43.103],[-88.0069,43.1011],[-88.007,43.0991],[-88.007,43.0972],[-88.0071,43.0954],[-88.0071,43.0937],[-88.0071,43.0919],[-88.0072,43.0909],[-88.0072,43.0899],[-88.0072,43.0881],[-88.0072,43.0863],[-88.0072,43.0844],[-88.0073,43.0826],[-88.0073,43.0805],[-88.0073,43.0779],[-88.0073,43.0768],[-88.0073,43.0753],[-88.0073,43.0735],[-88.0074,43.0717],[-88.0074,43.0699],[-88.0074,43.0695],[-88.0074,43.0689],[-88.0074,43.068],[-88.0074,43.0676],[-88.008,43.0676],[-88.008,43.0676],[-88.0099,43.0675],[-88.0124,43.0675],[-88.0137,43.0675],[-88.0149,43.0675],[-88.0161,43.0674],[-88.0174,43.0674],[-88.0185,43.0674],[-88.0196,43.0674],[-88.021,43.0674],[-88.0224,43.0674],[-88.0237,43.0673],[-88.0249,43.0673],[-88.0262,43.0673],[-88.0275,43.0673],[-88.0286,43.0672],[-88.0297,43.0672],[-88.0307,43.0672],[-88.032,43.0672],[-88.035,43.0671],[-88.0363,43.0671],[-88.0373,43.0671],[-88.0374,43.0676],[-88.0388,43.0676],[-88.0388,43.0688],[-88.0368,43.0688],[-88.0367,43.0695],[-88.0366,43.0697],[-88.0366,43.0698],[-88.0365,43.07],[-88.0364,43.0702],[-88.0362,43.0703],[-88.0361,43.0704],[-88.0357,43.0708],[-88.0356,43.0709],[-88.0355,43.071],[-88.0354,43.0712],[-88.0353,43.0713],[-88.0352,43.0715],[-88.0352,43.0718],[-88.0351,43.0721],[-88.0352,43.0724],[-88.0352,43.0725],[-88.0353,43.0729],[-88.0353,43.0732],[-88.0354,43.0735],[-88.0354,43.0738],[-88.0355,43.074],[-88.0355,43.0743],[-88.0355,43.0748],[-88.0355,43.075],[-88.0364,43.075],[-88.0376,43.075],[-88.0383,43.075],[-88.0383,43.0751],[-88.0382,43.0753],[-88.0377,43.0755],[-88.0356,43.0755],[-88.0356,43.0757],[-88.0357,43.0758],[-88.0357,43.0759],[-88.0358,43.0761],[-88.0347,43.0765],[-88.0346,43.0764],[-88.0345,43.0763],[-88.0345,43.0762],[-88.0344,43.076],[-88.0338,43.0761],[-88.0339,43.0763],[-88.0339,43.0764],[-88.034,43.0765],[-88.0341,43.0766],[-88.0341,43.0767],[-88.0342,43.0768],[-88.0343,43.0769],[-88.0344,43.077],[-88.0345,43.0772],[-88.0346,43.0773],[-88.0348,43.0775],[-88.035,43.0776],[-88.0346,43.0779],[-88.0345,43.0779],[-88.0341,43.0781],[-88.0342,43.0783],[-88.0344,43.0783],[-88.0347,43.0785],[-88.0347,43.0787],[-88.0354,43.0787],[-88.0354,43.0786],[-88.0354,43.0785],[-88.0354,43.0785],[-88.0354,43.0785],[-88.035,43.0782],[-88.0348,43.0781],[-88.0352,43.0778],[-88.0353,43.0779],[-88.0354,43.0779],[-88.0356,43.078],[-88.0358,43.0781],[-88.0368,43.0784],[-88.0368,43.0787],[-88.0377,43.0787],[-88.0379,43.0787],[-88.0379,43.0789],[-88.0387,43.0789],[-88.0388,43.0796],[-88.0389,43.0817],[-88.0389,43.0823],[-88.0384,43.0823],[-88.0383,43.0831],[-88.0383,43.0838],[-88.0377,43.0838],[-88.0377,43.0841],[-88.0383,43.0841],[-88.0383,43.0851],[-88.0377,43.0851],[-88.0377,43.0853],[-88.0383,43.0853],[-88.0383,43.0857],[-88.0377,43.0857],[-88.0377,43.0859],[-88.0383,43.0859],[-88.0383,43.0868],[-88.0377,43.0868],[-88.0377,43.0877],[-88.0382,43.0877],[-88.0382,43.0892],[-88.0394,43.0897],[-88.0425,43.0897],[-88.0437,43.0897],[-88.0458,43.0897],[-88.0476,43.0897],[-88.0476,43.0902],[-88.0433,43.0902],[-88.0431,43.0903],[-88.043,43.0904],[-88.0428,43.0905],[-88.0427,43.0906],[-88.0426,43.0907],[-88.0426,43.097],[-88.0426,43.0981],[-88.0376,43.0981],[-88.0376,43.098],[-88.0309,43.098],[-88.0309,43.0976],[-88.0306,43.0969],[-88.0306,43.0969],[-88.0307,43.0969],[-88.0308,43.0969],[-88.0309,43.0969],[-88.0309,43.0968],[-88.0348,43.0947],[-88.0353,43.0952],[-88.0363,43.0952],[-88.0363,43.0969],[-88.0369,43.0969],[-88.0369,43.0964],[-88.0376,43.0964],[-88.0376,43.0961],[-88.0369,43.0961],[-88.0369,43.0954],[-88.0376,43.0954],[-88.0376,43.0952],[-88.0374,43.0952],[-88.0369,43.0952],[-88.0369,43.0941],[-88.0374,43.0939],[-88.0371,43.0936],[-88.0369,43.0935],[-88.0368,43.0933],[-88.0365,43.093],[-88.037,43.0927],[-88.037,43.0919],[-88.0376,43.0919],[-88.0376,43.0914],[-88.037,43.0914],[-88.037,43.0908],[-88.037,43.0908],[-88.0366,43.0907],[-88.0366,43.0906],[-88.0357,43.0906],[-88.0357,43.0902],[-88.0353,43.0902],[-88.0353,43.0906],[-88.0353,43.091],[-88.0347,43.091],[-88.0347,43.0912],[-88.034,43.0912],[-88.034,43.0912],[-88.034,43.0913],[-88.034,43.0914],[-88.0335,43.0914],[-88.0333,43.0913],[-88.0333,43.0914],[-88.0326,43.0914],[-88.0326,43.0906],[-88.0327,43.0902],[-88.033,43.0902],[-88.033,43.0897],[-88.0328,43.0897],[-88.0315,43.0897],[-88.0315,43.0906],[-88.0314,43.0906],[-88.0314,43.0915],[-88.0308,43.0915],[-88.0308,43.0907],[-88.0302,43.0907],[-88.0296,43.0907],[-88.0296,43.0902],[-88.029,43.0902],[-88.0277,43.0902],[-88.0276,43.0916],[-88.0276,43.0933],[-88.0276,43.0951],[-88.0276,43.097],[-88.0276,43.0986],[-88.0275,43.0995],[-88.0275,43.1013],[-88.0275,43.1044],[-88.0326,43.1044],[-88.0326,43.1043],[-88.0368,43.1042],[-88.0368,43.1044],[-88.0375,43.1044],[-88.0376,43.1044],[-88.0381,43.1044],[-88.0381,43.1042],[-88.0407,43.1042],[-88.0407,43.1044],[-88.0421,43.1044],[-88.0434,43.1044],[-88.0446,43.1043],[-88.0459,43.1043],[-88.0491,43.1043],[-88.0528,43.1043],[-88.0547,43.1043],[-88.058,43.1043],[-88.0599,43.1043],[-88.061,43.1042],[-88.063,43.1042],[-88.0641,43.1042],[-88.066,43.1042],[-88.066,43.1047],[-88.0657,43.112],[-88.0657,43.1135],[-88.0656,43.1144],[-88.0655,43.117],[-88.0655,43.1191],[-88.0654,43.1204],[-88.0684,43.121],[-88.071,43.1215],[-88.0707,43.1224],[-88.0703,43.1228],[-88.0702,43.1255],[-88.0682,43.1255],[-88.0652,43.1254],[-88.0652,43.1254],[-88.0651,43.1254],[-88.0651,43.1263],[-88.0649,43.1301],[-88.065,43.13],[-88.065,43.1314],[-88.0649,43.1335],[-88.0649,43.1348],[-88.0649,43.1356],[-88.0647,43.1407],[-88.0646,43.1413],[-88.0643,43.148],[-88.0625,43.148],[-88.0611,43.148],[-88.0595,43.1481],[-88.0594,43.1481],[-88.0589,43.148],[-88.0588,43.148],[-88.0586,43.1479],[-88.0584,43.1478],[-88.0583,43.1478],[-88.0581,43.1477],[-88.058,43.1476],[-88.0576,43.1473],[-88.0574,43.1472],[-88.0572,43.1472],[-88.057,43.1471],[-88.0567,43.147],[-88.0564,43.147],[-88.0552,43.147],[-88.055,43.147],[-88.0547,43.147],[-88.0541,43.147],[-88.0532,43.147],[-88.0527,43.147],[-88.0519,43.1471],[-88.0515,43.1472],[-88.0513,43.1472],[-88.0508,43.1474],[-88.0501,43.1476],[-88.0489,43.148],[-88.0487,43.1481],[-88.0483,43.1481],[-88.0479,43.1482],[-88.0472,43.1483],[-88.0467,43.1484],[-88.0465,43.1484],[-88.0463,43.1484],[-88.0456,43.1484],[-88.045,43.1484]]]]}},{"type":"Feature","properties":{"tenant":"milwaukee","slug":"milwaukee","city":"Milwaukee","district":6},"geometry":{"type":"MultiPolygon","coordinates":[[[[-87.9271,43.0495],[-87.9271,43.0499],[-87.927,43.0513],[-87.9267,43.0509],[-87.9265,43.0507],[-87.9263,43.0505],[-87.9262,43.0503],[-87.9259,43.0502],[-87.9256,43.05],[-87.9255,43.0499],[-87.9254,43.0506],[-87.9253,43.0512],[-87.9253,43.0512],[-87.9253,43.0518],[-87.9253,43.0526],[-87.9252,43.0532],[-87.925,43.0547],[-87.9248,43.0557],[-87.9246,43.0565],[-87.9246,43.0565],[-87.9245,43.0569],[-87.9243,43.0572],[-87.9242,43.0574],[-87.9242,43.0575],[-87.9239,43.0578],[-87.9236,43.0581],[-87.9226,43.0589],[-87.9224,43.059],[-87.922,43.0592],[-87.9218,43.0594],[-87.9216,43.0595],[-87.9214,43.0597],[-87.9212,43.0599],[-87.9211,43.0601],[-87.9209,43.0603],[-87.9209,43.0603],[-87.9207,43.0608],[-87.9206,43.0612],[-87.9206,43.0615],[-87.9206,43.0621],[-87.9206,43.063],[-87.9206,43.0639],[-87.9206,43.0676],[-87.9206,43.0706],[-87.9206,43.071],[-87.9206,43.0712],[-87.9206,43.0712],[-87.9214,43.0712],[-87.9216,43.0712],[-87.9225,43.0712],[-87.9239,43.0712],[-87.9247,43.0712],[-87.9253,43.0712],[-87.9259,43.0712],[-87.9267,43.0712],[-87.9275,43.0712],[-87.9292,43.0712],[-87.9303,43.0713],[-87.9306,43.0713],[-87.931,43.0713],[-87.9313,43.0713],[-87.9318,43.0714],[-87.9321,43.0714],[-87.9331,43.0714],[-87.9343,43.0714],[-87.9355,43.0714],[-87.9367,43.0714],[-87.9374,43.0714],[-87.9386,43.0715],[-87.9386,43.0715],[-87.9386,43.0733],[-87.9386,43.075],[-87.9387,43.0751],[-87.9386,43.0751],[-87.9373,43.0751],[-87.9373,43.0751],[-87.9373,43.0758],[-87.9387,43.0769],[-87.9397,43.0777],[-87.9406,43.0784],[-87.9411,43.0787],[-87.9422,43.0796],[-87.9434,43.0806],[-87.9441,43.0812],[-87.9442,43.0811],[-87.9446,43.0811],[-87.9446,43.0816],[-87.9458,43.0825],[-87.9469,43.0834],[-87.9471,43.0835],[-87.9471,43.0835],[-87.9471,43.0835],[-87.9471,43.0847],[-87.947,43.0862],[-87.947,43.0875],[-87.947,43.088],[-87.947,43.0895],[-87.9469,43.0898],[-87.9457,43.0898],[-87.9447,43.0897],[-87.9435,43.0897],[-87.942,43.0897],[-87.9409,43.0897],[-87.9395,43.0896],[-87.9388,43.0896],[-87.9382,43.0896],[-87.937,43.0896],[-87.9356,43.0896],[-87.9344,43.0895],[-87.9332,43.0895],[-87.932,43.0895],[-87.9307,43.0895],[-87.9295,43.0894],[-87.9283,43.0894],[-87.927,43.0894],[-87.9258,43.0894],[-87.9246,43.0894],[-87.9238,43.0894],[-87.9233,43.0893],[-87.9229,43.0893],[-87.9227,43.0893],[-87.9227,43.0893],[-87.9227,43.0893],[-87.9219,43.0893],[-87.9217,43.0893],[-87.9216,43.0893],[-87.9216,43.0893],[-87.9216,43.0893],[-87.9216,43.0893],[-87.9208,43.0893],[-87.9195,43.0893],[-87.9183,43.0893],[-87.9171,43.0893],[-87.9171,43.0896],[-87.9171,43.09],[-87.9171,43.0911],[-87.9171,43.0915],[-87.9171,43.0927],[-87.9171,43.093],[-87.9169,43.0929],[-87.9169,43.0924],[-87.9165,43.0919],[-87.9165,43.0911],[-87.9165,43.0898],[-87.9142,43.0898],[-87.9105,43.0898],[-87.9087,43.0897],[-87.9078,43.0897],[-87.9078,43.0915],[-87.9077,43.0966],[-87.9077,43.0972],[-87.9076,43.0989],[-87.9081,43.0995],[-87.9087,43.1001],[-87.9099,43.1008],[-87.9127,43.1014],[-87.9138,43.1019],[-87.9144,43.1024],[-87.9148,43.1027],[-87.916,43.1032],[-87.9168,43.1033],[-87.9168,43.1041],[-87.9169,43.1041],[-87.9169,43.1046],[-87.9156,43.1046],[-87.9144,43.1046],[-87.9132,43.1046],[-87.912,43.1045],[-87.9095,43.1045],[-87.9088,43.104],[-87.907,43.104],[-87.907,43.1029],[-87.9069,43.1028],[-87.9069,43.1026],[-87.907,43.1017],[-87.907,43.1003],[-87.907,43.0992],[-87.907,43.0986],[-87.907,43.0985],[-87.907,43.0985],[-87.907,43.0985],[-87.9066,43.0981],[-87.9066,43.098],[-87.9065,43.0979],[-87.9064,43.0979],[-87.9063,43.0978],[-87.9057,43.0976],[-87.9056,43.0975],[-87.9055,43.0976],[-87.9055,43.0975],[-87.9053,43.0975],[-87.9053,43.0974],[-87.9051,43.0974],[-87.9049,43.0973],[-87.9048,43.0973],[-87.9047,43.0973],[-87.9045,43.0973],[-87.9043,43.0974],[-87.9041,43.0974],[-87.9041,43.0973],[-87.904,43.0973],[-87.9041,43.0973],[-87.9041,43.0973],[-87.9041,43.0972],[-87.9041,43.0972],[-87.9039,43.0972],[-87.9038,43.0972],[-87.9037,43.0972],[-87.9037,43.0972],[-87.9036,43.0972],[-87.9035,43.0972],[-87.9034,43.0971],[-87.9034,43.0971],[-87.9033,43.0971],[-87.9032,43.097],[-87.9031,43.097],[-87.9029,43.097],[-87.9028,43.0969],[-87.9027,43.0969],[-87.9026,43.0968],[-87.9024,43.0967],[-87.9023,43.0967],[-87.9021,43.0965],[-87.9021,43.0965],[-87.9019,43.0963],[-87.9019,43.0962],[-87.9017,43.0962],[-87.9017,43.0961],[-87.9015,43.096],[-87.9015,43.096],[-87.9013,43.0959],[-87.9012,43.0958],[-87.901,43.0957],[-87.9009,43.0956],[-87.9008,43.0955],[-87.9007,43.0954],[-87.9006,43.0951],[-87.9005,43.0949],[-87.9005,43.0948],[-87.9005,43.0947],[-87.9005,43.0947],[-87.9005,43.0946],[-87.9005,43.0945],[-87.9005,43.0944],[-87.9005,43.0944],[-87.9005,43.0943],[-87.9005,43.0942],[-87.9006,43.0941],[-87.9006,43.094],[-87.9006,43.0939],[-87.9007,43.0938],[-87.9007,43.0937],[-87.9008,43.0937],[-87.9008,43.0936],[-87.9008,43.0935],[-87.9008,43.0934],[-87.9009,43.0933],[-87.9009,43.0932],[-87.9009,43.0931],[-87.9008,43.093],[-87.9008,43.0929],[-87.9009,43.0928],[-87.9009,43.0927],[-87.9009,43.0926],[-87.9009,43.0925],[-87.9008,43.0924],[-87.9008,43.0924],[-87.9008,43.0923],[-87.9008,43.0921],[-87.9007,43.092],[-87.9006,43.0919],[-87.9005,43.0918],[-87.9004,43.0917],[-87.9002,43.0916],[-87.9001,43.0915],[-87.9001,43.0914],[-87.9,43.0912],[-87.9,43.0911],[-87.8999,43.091],[-87.8999,43.0909],[-87.8999,43.0907],[-87.8999,43.0906],[-87.8998,43.0905],[-87.8997,43.0905],[-87.8996,43.0903],[-87.8996,43.0902],[-87.8995,43.09],[-87.8994,43.0899],[-87.8992,43.0898],[-87.8989,43.0896],[-87.8987,43.0895],[-87.8985,43.0894],[-87.8984,43.0894],[-87.8984,43.0893],[-87.8983,43.0893],[-87.8982,43.0892],[-87.8981,43.0892],[-87.898,43.0891],[-87.898,43.089],[-87.8979,43.089],[-87.8979,43.0889],[-87.8978,43.0889],[-87.8977,43.0888],[-87.8977,43.0888],[-87.8976,43.0887],[-87.8975,43.0887],[-87.8975,43.0886],[-87.8974,43.0885],[-87.8973,43.0884],[-87.8972,43.0884],[-87.8971,43.0883],[-87.8971,43.0882],[-87.897,43.0882],[-87.8969,43.0881],[-87.8969,43.0881],[-87.8968,43.088],[-87.8967,43.088],[-87.8966,43.0879],[-87.8965,43.0879],[-87.8964,43.0878],[-87.8963,43.0878],[-87.8962,43.0878],[-87.8961,43.0877],[-87.8961,43.0877],[-87.896,43.0876],[-87.8959,43.0875],[-87.8958,43.0875],[-87.8957,43.0874],[-87.8957,43.0873],[-87.8955,43.0873],[-87.8955,43.0872],[-87.8954,43.0872],[-87.8953,43.0872],[-87.8953,43.0871],[-87.8952,43.0871],[-87.8951,43.0871],[-87.8951,43.0871],[-87.8951,43.0871],[-87.8949,43.087],[-87.8949,43.087],[-87.8948,43.0869],[-87.8948,43.0869],[-87.8947,43.0869],[-87.8946,43.0868],[-87.8946,43.0868],[-87.8945,43.0868],[-87.8944,43.0868],[-87.8944,43.0867],[-87.8943,43.0867],[-87.8942,43.0866],[-87.8941,43.0865],[-87.8941,43.0865],[-87.894,43.0865],[-87.8939,43.0864],[-87.8939,43.0864],[-87.8939,43.0864],[-87.8938,43.0863],[-87.8938,43.0863],[-87.8938,43.0862],[-87.8938,43.0862],[-87.8938,43.0862],[-87.8937,43.0861],[-87.8936,43.0861],[-87.8936,43.0861],[-87.8935,43.086],[-87.8934,43.0859],[-87.8933,43.0859],[-87.8933,43.0858],[-87.8932,43.0857],[-87.8932,43.0857],[-87.8931,43.0856],[-87.8931,43.0856],[-87.893,43.0855],[-87.8929,43.0854],[-87.8929,43.0854],[-87.8929,43.0853],[-87.8929,43.0853],[-87.8928,43.0852],[-87.8928,43.0851],[-87.8928,43.0851],[-87.8928,43.085],[-87.8927,43.085],[-87.8927,43.0849],[-87.8927,43.0849],[-87.8927,43.0848],[-87.8926,43.0847],[-87.8926,43.0846],[-87.8926,43.0846],[-87.8926,43.0845],[-87.8925,43.0844],[-87.8925,43.0843],[-87.8925,43.0842],[-87.8924,43.0841],[-87.8924,43.084],[-87.8923,43.0839],[-87.8923,43.0838],[-87.8922,43.0837],[-87.8921,43.0835],[-87.8921,43.0835],[-87.8921,43.0834],[-87.892,43.0833],[-87.892,43.0832],[-87.892,43.0831],[-87.8919,43.0831],[-87.8919,43.083],[-87.8919,43.0829],[-87.8918,43.0828],[-87.8918,43.0828],[-87.8918,43.0827],[-87.8917,43.0826],[-87.8917,43.0824],[-87.8917,43.0824],[-87.8917,43.0823],[-87.8917,43.0823],[-87.8916,43.0823],[-87.8916,43.0822],[-87.8916,43.0822],[-87.8916,43.0821],[-87.8916,43.082],[-87.8916,43.082],[-87.8916,43.082],[-87.8916,43.0819],[-87.8917,43.0819],[-87.8925,43.0819],[-87.8962,43.082],[-87.8975,43.082],[-87.8987,43.082],[-87.9,43.082],[-87.901,43.082],[-87.9012,43.082],[-87.9013,43.0797],[-87.9013,43.0784],[-87.9014,43.0766],[-87.9014,43.0765],[-87.9014,43.0762],[-87.9014,43.0747],[-87.9015,43.0729],[-87.9015,43.0713],[-87.9015,43.0711],[-87.9015,43.0693],[-87.9015,43.0675],[-87.9015,43.0658],[-87.9015,43.0656],[-87.9016,43.0638],[-87.9003,43.0638],[-87.8991,43.0638],[-87.8978,43.0638],[-87.8979,43.062],[-87.8979,43.0611],[-87.8979,43.0603],[-87.8979,43.0602],[-87.8979,43.0592],[-87.8979,43.0591],[-87.8979,43.0583],[-87.8979,43.0579],[-87.898,43.0573],[-87.898,43.057],[-87.8994,43.0569],[-87.9003,43.0568],[-87.9012,43.0565],[-87.9018,43.0562],[-87.9025,43.0557],[-87.9027,43.0555],[-87.9034,43.0551],[-87.9043,43.0545],[-87.9049,43.054],[-87.906,43.0533],[-87.9065,43.0529],[-87.9075,43.0518],[-87.9077,43.0516],[-87.9091,43.0499],[-87.91,43.0494],[-87.91,43.0494],[-87.9108,43.049],[-87.9111,43.0488],[-87.9111,43.0488],[-87.9115,43.0486],[-87.9115,43.0486],[-87.9119,43.0484],[-87.9122,43.0482],[-87.9125,43.0479],[-87.9129,43.0475],[-87.9132,43.0469],[-87.9132,43.0467],[-87.9133,43.0466],[-87.9133,43.0465],[-87.9133,43.0464],[-87.9133,43.0462],[-87.9133,43.0457],[-87.9136,43.0457],[-87.9142,43.0457],[-87.9144,43.0457],[-87.9158,43.0457],[-87.9173,43.0457],[-87.9189,43.0457],[-87.9199,43.0457],[-87.9201,43.0457],[-87.9212,43.0463],[-87.9226,43.047],[-87.924,43.0477],[-87.9244,43.0479],[-87.9247,43.048],[-87.925,43.0481],[-87.9253,43.0482],[-87.9256,43.0483],[-87.9258,43.0484],[-87.926,43.0484],[-87.9262,43.0484],[-87.9264,43.0485],[-87.9266,43.0485],[-87.9268,43.0485],[-87.9271,43.0485],[-87.9271,43.0495]]]]}},{"type":"Feature","properties":{"tenant":"milwaukee","slug":"milwaukee","city":"Milwaukee","district":7},"geometry":{"type":"MultiPolygon","coordinates":[[[[-87.9801,43.0716],[-87.9809,43.0716],[-87.982,43.0717],[-87.9832,43.0717],[-87.9841,43.0717],[-87.9851,43.0717],[-87.9862,43.0717],[-87.9873,43.0717],[-87.9873,43.0735],[-87.9873,43.0754],[-87.9873,43.0758],[-87.9872,43.0786],[-87.9871,43.0809],[-87.9871,43.0827],[-87.9871,43.0832],[-87.987,43.0845],[-87.987,43.0863],[-87.9869,43.0881],[-87.9869,43.09],[-87.9856,43.09],[-87.9832,43.0899],[-87.9819,43.0899],[-87.9807,43.0899],[-87.9795,43.0899],[-87.9783,43.0899],[-87.977,43.0899],[-87.977,43.0905],[-87.9777,43.091],[-87.9787,43.0918],[-87.9797,43.0926],[-87.982,43.0944],[-87.9841,43.0961],[-87.9854,43.0971],[-87.9857,43.0973],[-87.9867,43.0981],[-87.9867,43.0992],[-87.9867,43.0995],[-87.9867,43.1007],[-87.9866,43.1013],[-87.9866,43.1021],[-87.9866,43.1034],[-87.9866,43.1037],[-87.9866,43.1038],[-87.9864,43.1047],[-87.986,43.1047],[-87.986,43.1047],[-87.9852,43.1047],[-87.9837,43.1047],[-87.9825,43.1047],[-87.9823,43.1047],[-87.9813,43.1047],[-87.9806,43.1047],[-87.9801,43.1047],[-87.979,43.1047],[-87.9788,43.1047],[-87.9778,43.1047],[-87.9776,43.1047],[-87.9765,43.1046],[-87.9755,43.1046],[-87.9743,43.1046],[-87.9739,43.1046],[-87.9731,43.1046],[-87.9714,43.1046],[-87.9702,43.1046],[-87.969,43.1046],[-87.9678,43.1046],[-87.9665,43.1046],[-87.965,43.1046],[-87.9639,43.1046],[-87.9627,43.1046],[-87.9615,43.1046],[-87.9603,43.1046],[-87.9598,43.1046],[-87.9598,43.1044],[-87.9591,43.1027],[-87.9591,43.1026],[-87.959,43.1026],[-87.9583,43.1008],[-87.958,43.0999],[-87.9575,43.0989],[-87.9568,43.0971],[-87.9568,43.0969],[-87.9568,43.0965],[-87.9569,43.0953],[-87.9569,43.0935],[-87.957,43.0916],[-87.957,43.0899],[-87.9557,43.0898],[-87.9538,43.0898],[-87.9522,43.0898],[-87.9519,43.0898],[-87.9506,43.0898],[-87.9494,43.0898],[-87.9482,43.0898],[-87.9469,43.0898],[-87.947,43.0895],[-87.947,43.088],[-87.947,43.0875],[-87.947,43.0862],[-87.9471,43.0847],[-87.9471,43.0835],[-87.9471,43.0835],[-87.9471,43.0835],[-87.9458,43.0825],[-87.9446,43.0816],[-87.9446,43.0814],[-87.9446,43.0811],[-87.9442,43.0811],[-87.9441,43.0812],[-87.9434,43.0806],[-87.9422,43.0796],[-87.9411,43.0787],[-87.9406,43.0784],[-87.9397,43.0777],[-87.9387,43.0769],[-87.9373,43.0758],[-87.9373,43.0756],[-87.9373,43.0751],[-87.9374,43.0751],[-87.9386,43.0751],[-87.9387,43.0751],[-87.9386,43.075],[-87.9386,43.0733],[-87.9386,43.0715],[-87.939,43.0715],[-87.9399,43.0715],[-87.9411,43.0715],[-87.9423,43.0715],[-87.9436,43.0715],[-87.9448,43.0715],[-87.946,43.0715],[-87.9473,43.0716],[-87.9485,43.0716],[-87.9498,43.0716],[-87.9504,43.0716],[-87.9507,43.0716],[-87.951,43.0716],[-87.9525,43.0716],[-87.9527,43.0716],[-87.9529,43.0716],[-87.9539,43.0716],[-87.9541,43.0716],[-87.9542,43.0716],[-87.9551,43.0716],[-87.9561,43.0716],[-87.9573,43.0716],[-87.9585,43.0715],[-87.9597,43.0715],[-87.9609,43.0715],[-87.9621,43.0715],[-87.9633,43.0715],[-87.9644,43.0715],[-87.9657,43.0715],[-87.9674,43.0715],[-87.9674,43.0697],[-87.9674,43.0679],[-87.9687,43.0679],[-87.9699,43.0679],[-87.9711,43.0679],[-87.9724,43.0679],[-87.9737,43.0679],[-87.9749,43.0679],[-87.9761,43.068],[-87.9774,43.068],[-87.9786,43.068],[-87.9793,43.068],[-87.9798,43.068],[-87.9798,43.0698],[-87.9797,43.0716],[-87.9801,43.0716]]]]}},{"type":"Feature","properties":{"tenant":"milwaukee","slug":"milwaukee","city":"Milwaukee","district":8},"geometry":{"type":"MultiPolygon","coordinates":[[[[-87.9484,42.9886],[-87.9494,42.9885],[-87.9506,42.9885],[-87.9518,42.9885],[-87.9521,42.9885],[-87.9523,42.9885],[-87.9531,42.9885],[-87.9534,42.9885],[-87.9543,42.9885],[-87.9545,42.9885],[-87.9555,42.9885],[-87.9557,42.9885],[-87.9568,42.9885],[-87.958,42.9885],[-87.9592,42.9884],[-87.9605,42.9884],[-87.9617,42.9884],[-87.9629,42.9884],[-87.9641,42.9884],[-87.9654,42.9884],[-87.9666,42.9884],[-87.9678,42.9883],[-87.9689,42.9883],[-87.9691,42.9884],[-87.9703,42.9884],[-87.9703,42.9884],[-87.9703,42.9885],[-87.9703,42.9887],[-87.9703,42.9898],[-87.9703,42.9902],[-87.9703,42.9906],[-87.9703,42.9917],[-87.9703,42.992],[-87.9703,42.9924],[-87.9702,42.9935],[-87.9702,42.9938],[-87.9702,42.9942],[-87.9702,42.9953],[-87.9702,42.9956],[-87.9699,42.9956],[-87.9692,42.9956],[-87.9689,42.9956],[-87.9687,42.9956],[-87.968,42.9956],[-87.9677,42.9956],[-87.9677,42.9959],[-87.9677,42.9968],[-87.9677,42.9971],[-87.9677,42.9971],[-87.9677,42.9972],[-87.9677,42.9974],[-87.9677,42.9974],[-87.9677,42.998],[-87.9677,42.9989],[-87.9677,42.9997],[-87.9677,43.0004],[-87.9751,43.0029],[-87.9747,43.0029],[-87.9685,43.0008],[-87.9684,43.0029],[-87.9682,43.0029],[-87.9677,43.0029],[-87.9665,43.0029],[-87.9616,43.0029],[-87.9611,43.003],[-87.961,43.0047],[-87.9609,43.0098],[-87.9627,43.0098],[-87.9627,43.0102],[-87.964,43.0102],[-87.9663,43.0102],[-87.9663,43.0106],[-87.9663,43.0111],[-87.9663,43.0115],[-87.9663,43.0117],[-87.9664,43.0123],[-87.9627,43.0123],[-87.9626,43.0132],[-87.9665,43.0132],[-87.9666,43.0143],[-87.9675,43.0143],[-87.9674,43.0159],[-87.9674,43.0168],[-87.9667,43.0168],[-87.9661,43.0168],[-87.9647,43.0169],[-87.9633,43.0169],[-87.9618,43.0169],[-87.9617,43.0177],[-87.9617,43.0182],[-87.9617,43.019],[-87.9617,43.0198],[-87.9616,43.0206],[-87.9616,43.0214],[-87.9623,43.0213],[-87.9623,43.0234],[-87.9623,43.0239],[-87.9623,43.0242],[-87.9616,43.0242],[-87.9576,43.0242],[-87.9576,43.0243],[-87.9576,43.0244],[-87.9576,43.0245],[-87.9576,43.0245],[-87.9576,43.0246],[-87.9576,43.0247],[-87.9576,43.0249],[-87.9576,43.0251],[-87.9576,43.0251],[-87.9576,43.0252],[-87.9576,43.0252],[-87.9576,43.0253],[-87.9576,43.0253],[-87.9576,43.0254],[-87.9576,43.0254],[-87.9576,43.0261],[-87.9577,43.0279],[-87.9577,43.028],[-87.9577,43.0281],[-87.9577,43.0286],[-87.9577,43.0291],[-87.9577,43.0305],[-87.9577,43.031],[-87.9577,43.031],[-87.9577,43.031],[-87.9577,43.031],[-87.9577,43.031],[-87.9577,43.0311],[-87.9577,43.0314],[-87.9577,43.0315],[-87.9577,43.0315],[-87.9577,43.0318],[-87.9577,43.0319],[-87.9577,43.032],[-87.9577,43.0321],[-87.9577,43.0322],[-87.954,43.0322],[-87.9529,43.0323],[-87.9518,43.0325],[-87.9509,43.0328],[-87.9505,43.033],[-87.9494,43.0334],[-87.9487,43.0337],[-87.9486,43.0337],[-87.9477,43.034],[-87.9477,43.0342],[-87.9477,43.0347],[-87.9477,43.0348],[-87.9463,43.0348],[-87.9458,43.035],[-87.9454,43.0352],[-87.9449,43.0353],[-87.9444,43.0355],[-87.9438,43.0356],[-87.9432,43.0357],[-87.9428,43.0357],[-87.9423,43.0357],[-87.9416,43.0356],[-87.9409,43.0356],[-87.9402,43.0356],[-87.9392,43.0356],[-87.9379,43.0356],[-87.9329,43.0356],[-87.9329,43.0347],[-87.9329,43.0339],[-87.9329,43.0328],[-87.9329,43.0328],[-87.9329,43.032],[-87.9329,43.0317],[-87.9329,43.0314],[-87.9329,43.0314],[-87.9324,43.0314],[-87.9307,43.0314],[-87.9302,43.0314],[-87.9292,43.0314],[-87.9262,43.0314],[-87.9252,43.0314],[-87.925,43.0314],[-87.9247,43.0314],[-87.9232,43.0314],[-87.9231,43.0314],[-87.9229,43.0314],[-87.9228,43.0314],[-87.9228,43.0305],[-87.9228,43.0304],[-87.9228,43.0303],[-87.9228,43.0295],[-87.9228,43.029],[-87.9227,43.0288],[-87.9227,43.0284],[-87.9226,43.0278],[-87.9224,43.0273],[-87.9222,43.0267],[-87.9221,43.0263],[-87.922,43.026],[-87.9219,43.0258],[-87.9225,43.0253],[-87.9232,43.0253],[-87.9239,43.0253],[-87.9253,43.0253],[-87.9253,43.0242],[-87.9253,43.0232],[-87.9258,43.0232],[-87.9267,43.0232],[-87.928,43.0232],[-87.9284,43.0232],[-87.9292,43.0232],[-87.9305,43.0231],[-87.9329,43.023],[-87.9342,43.0229],[-87.9355,43.0229],[-87.9368,43.0228],[-87.9377,43.0228],[-87.938,43.0228],[-87.938,43.0212],[-87.938,43.0211],[-87.938,43.0202],[-87.938,43.0191],[-87.938,43.017],[-87.9381,43.016],[-87.9381,43.0149],[-87.9381,43.0142],[-87.9381,43.0124],[-87.9379,43.0124],[-87.9364,43.0124],[-87.9386,43.0103],[-87.938,43.0103],[-87.938,43.009],[-87.938,43.0087],[-87.938,43.0085],[-87.9381,43.0068],[-87.9381,43.0067],[-87.9381,43.0066],[-87.9381,43.0048],[-87.9382,43.0033],[-87.9382,43.003],[-87.9382,43.0012],[-87.9383,42.9993],[-87.9383,42.9976],[-87.9383,42.9967],[-87.9383,42.9957],[-87.9384,42.9934],[-87.9423,42.9931],[-87.9437,42.993],[-87.9447,42.993],[-87.9456,42.9931],[-87.9468,42.9933],[-87.9482,42.9937],[-87.9482,42.9923],[-87.9482,42.9915],[-87.9482,42.9911],[-87.9481,42.9903],[-87.9481,42.9896],[-87.9482,42.9886],[-87.9484,42.9886]]]]}},{"type":"Feature","properties":{"tenant":"milwaukee","slug":"milwaukee","city":"Milwaukee","district":9},"geometry":{"type":"MultiPolygon","coordinates":[[[[-88.0633,43.1921],[-88.0567,43.1922],[-88.0536,43.1922],[-88.0437,43.1923],[-88.0382,43.1923],[-88.0337,43.1924],[-88.0289,43.1924],[-88.0237,43.1925],[-88.0138,43.1925],[-88.0038,43.1926],[-87.9961,43.1926],[-87.9941,43.1925],[-87.9941,43.1924],[-87.9944,43.1797],[-87.9944,43.1792],[-87.9944,43.178],[-87.9944,43.1778],[-87.9945,43.1741],[-87.9946,43.1741],[-87.9947,43.1705],[-87.9946,43.1705],[-87.9947,43.1633],[-87.9947,43.1632],[-87.9917,43.1632],[-87.9892,43.1631],[-87.9848,43.1631],[-87.9825,43.1631],[-87.979,43.1631],[-87.9779,43.1631],[-87.9748,43.1631],[-87.9748,43.1625],[-87.975,43.159],[-87.9751,43.156],[-87.9752,43.1559],[-87.9753,43.1526],[-87.9754,43.1509],[-87.9755,43.1487],[-87.9755,43.1486],[-87.9722,43.1486],[-87.9699,43.1486],[-87.9672,43.1486],[-87.9654,43.1486],[-87.9654,43.1483],[-87.9654,43.1482],[-87.9655,43.1474],[-87.9656,43.1438],[-87.9656,43.1426],[-87.9656,43.1424],[-87.9656,43.1419],[-87.9656,43.1418],[-87.9656,43.1418],[-87.9656,43.1417],[-87.9657,43.1414],[-87.9657,43.1413],[-87.9657,43.1404],[-87.9658,43.1378],[-87.9658,43.1369],[-87.9658,43.1363],[-87.9659,43.1345],[-87.9659,43.1339],[-87.9659,43.1338],[-87.9659,43.1334],[-87.9659,43.1332],[-87.9659,43.133],[-87.9659,43.1324],[-87.966,43.1322],[-87.9661,43.1322],[-87.9664,43.1322],[-87.9666,43.1322],[-87.9667,43.1322],[-87.9669,43.1322],[-87.9689,43.1322],[-87.9693,43.1322],[-87.9699,43.1322],[-87.9706,43.1321],[-87.9715,43.1321],[-87.972,43.1321],[-87.9732,43.1321],[-87.974,43.1321],[-87.9749,43.1321],[-87.9757,43.1321],[-87.9769,43.1321],[-87.9782,43.132],[-87.979,43.132],[-87.9793,43.132],[-87.9794,43.132],[-87.9796,43.132],[-87.9818,43.132],[-87.9822,43.132],[-87.9829,43.132],[-87.9831,43.132],[-87.9835,43.132],[-87.983,43.1315],[-87.9829,43.1314],[-87.9825,43.1311],[-87.9817,43.1304],[-87.9814,43.1301],[-87.9809,43.1297],[-87.9809,43.1296],[-87.9809,43.1294],[-87.9809,43.1287],[-87.9809,43.1266],[-87.9858,43.1266],[-87.9859,43.1248],[-87.9872,43.1248],[-87.9882,43.1248],[-87.9894,43.1248],[-87.9902,43.1248],[-87.9909,43.1249],[-87.9908,43.1267],[-87.9908,43.1281],[-87.9908,43.1295],[-87.9908,43.1318],[-87.9908,43.134],[-87.9951,43.134],[-87.9957,43.134],[-87.9999,43.1341],[-88.0022,43.1341],[-88.0057,43.1341],[-88.0072,43.1341],[-88.0107,43.1341],[-88.013,43.1341],[-88.0156,43.1341],[-88.0169,43.1341],[-88.0195,43.1341],[-88.0229,43.1341],[-88.0242,43.1341],[-88.0254,43.1341],[-88.0253,43.1374],[-88.0253,43.1379],[-88.0253,43.1396],[-88.0253,43.1413],[-88.0252,43.143],[-88.0252,43.144],[-88.0252,43.1469],[-88.0251,43.1486],[-88.0257,43.1486],[-88.0261,43.1486],[-88.0284,43.1486],[-88.0292,43.1486],[-88.0325,43.1485],[-88.0339,43.1485],[-88.0351,43.1485],[-88.0384,43.1484],[-88.0439,43.1484],[-88.0447,43.1484],[-88.045,43.1484],[-88.0456,43.1484],[-88.0463,43.1484],[-88.0465,43.1484],[-88.0467,43.1484],[-88.0472,43.1483],[-88.0479,43.1482],[-88.0483,43.1481],[-88.0487,43.1481],[-88.0489,43.148],[-88.0501,43.1476],[-88.0508,43.1474],[-88.0513,43.1472],[-88.0515,43.1472],[-88.0519,43.1471],[-88.0527,43.147],[-88.0532,43.147],[-88.0541,43.147],[-88.0547,43.147],[-88.055,43.147],[-88.0552,43.147],[-88.0564,43.147],[-88.0567,43.147],[-88.057,43.1471],[-88.0572,43.1472],[-88.0574,43.1472],[-88.0576,43.1473],[-88.058,43.1476],[-88.0581,43.1477],[-88.0583,43.1478],[-88.0584,43.1478],[-88.0586,43.1479],[-88.0588,43.148],[-88.0589,43.148],[-88.0594,43.1481],[-88.0595,43.1481],[-88.0611,43.148],[-88.0625,43.148],[-88.0643,43.148],[-88.0645,43.148],[-88.0644,43.1483],[-88.0642,43.1552],[-88.0642,43.1563],[-88.0642,43.1567],[-88.0642,43.1568],[-88.0642,43.1571],[-88.0641,43.1575],[-88.0641,43.1575],[-88.064,43.1579],[-88.064,43.1581],[-88.064,43.1589],[-88.064,43.1591],[-88.064,43.1591],[-88.064,43.1592],[-88.064,43.1595],[-88.064,43.1601],[-88.064,43.1608],[-88.064,43.1608],[-88.064,43.1608],[-88.064,43.1609],[-88.064,43.1609],[-88.064,43.1625],[-88.0639,43.1665],[-88.0638,43.1713],[-88.0637,43.1754],[-88.0636,43.1769],[-88.0636,43.179],[-88.0634,43.1842],[-88.0633,43.1899],[-88.0633,43.1907],[-88.0633,43.1921]]],[[[-88.0633,43.1948],[-88.0633,43.1921],[-88.0645,43.1921],[-88.0673,43.1947],[-88.0633,43.1948]]]]}},{"type":"Feature","properties":{"tenant":"milwaukee","slug":"milwaukee","city":"Milwaukee","district":10},"geometry":{"type":"MultiPolygon","coordinates":[[[[-87.9798,43.068],[-87.9798,43.0677],[-87.9798,43.0661],[-87.9798,43.0643],[-87.9801,43.0643],[-87.9798,43.0642],[-87.9787,43.0635],[-87.9787,43.0625],[-87.9787,43.0607],[-87.9787,43.0593],[-87.9787,43.0571],[-87.9775,43.0571],[-87.9761,43.0571],[-87.9747,43.0571],[-87.9735,43.0571],[-87.9724,43.0571],[-87.9724,43.0555],[-87.9724,43.0552],[-87.9724,43.0529],[-87.9718,43.0526],[-87.9718,43.0497],[-87.9718,43.0494],[-87.9719,43.0492],[-87.9719,43.0488],[-87.9713,43.0488],[-87.9702,43.0488],[-87.9691,43.0488],[-87.9681,43.0488],[-87.967,43.0488],[-87.9654,43.0488],[-87.9654,43.0468],[-87.9654,43.0459],[-87.9649,43.0453],[-87.9653,43.0451],[-87.9656,43.0449],[-87.9659,43.0446],[-87.9662,43.0444],[-87.9663,43.0442],[-87.9665,43.044],[-87.9666,43.0438],[-87.9667,43.0437],[-87.9669,43.0432],[-87.9669,43.043],[-87.9671,43.0423],[-87.9674,43.0404],[-87.9673,43.0402],[-87.967,43.04],[-87.9669,43.0399],[-87.9666,43.0397],[-87.9663,43.0396],[-87.966,43.0394],[-87.9656,43.0393],[-87.9654,43.0391],[-87.9652,43.039],[-87.9652,43.0389],[-87.9651,43.0389],[-87.965,43.0388],[-87.9627,43.0388],[-87.9616,43.0388],[-87.9612,43.0388],[-87.9607,43.0387],[-87.959,43.0388],[-87.9576,43.0388],[-87.9573,43.0387],[-87.9564,43.0387],[-87.9561,43.0387],[-87.9557,43.0387],[-87.9547,43.0387],[-87.9544,43.0387],[-87.9543,43.0387],[-87.954,43.0387],[-87.9539,43.0387],[-87.9538,43.0387],[-87.9533,43.0387],[-87.9531,43.0387],[-87.953,43.0387],[-87.9528,43.0387],[-87.9527,43.0387],[-87.9524,43.0387],[-87.9517,43.0387],[-87.9514,43.0387],[-87.9513,43.0387],[-87.9508,43.0387],[-87.9507,43.0387],[-87.9506,43.0387],[-87.9504,43.0387],[-87.9503,43.0387],[-87.9502,43.0387],[-87.9499,43.0387],[-87.9498,43.0387],[-87.9497,43.0387],[-87.9493,43.0387],[-87.9491,43.0387],[-87.9491,43.0387],[-87.949,43.0387],[-87.949,43.0387],[-87.9487,43.0387],[-87.9479,43.0387],[-87.9477,43.0387],[-87.9477,43.0384],[-87.9477,43.0377],[-87.9477,43.0375],[-87.9477,43.0372],[-87.9477,43.0364],[-87.9477,43.0361],[-87.9477,43.0358],[-87.9477,43.035],[-87.9477,43.0349],[-87.9477,43.0348],[-87.9477,43.0342],[-87.9477,43.034],[-87.9486,43.0337],[-87.9487,43.0337],[-87.9494,43.0334],[-87.9505,43.033],[-87.9509,43.0328],[-87.9518,43.0325],[-87.9529,43.0323],[-87.954,43.0322],[-87.9577,43.0322],[-87.9577,43.0321],[-87.9577,43.032],[-87.9577,43.0318],[-87.9577,43.0315],[-87.9577,43.0315],[-87.9577,43.0314],[-87.9577,43.0311],[-87.9577,43.031],[-87.9577,43.031],[-87.9577,43.031],[-87.9577,43.031],[-87.9577,43.031],[-87.9577,43.0305],[-87.9577,43.0291],[-87.9577,43.0286],[-87.9577,43.0281],[-87.9577,43.028],[-87.9577,43.0279],[-87.9576,43.0261],[-87.9576,43.0254],[-87.9576,43.0254],[-87.9576,43.0253],[-87.9576,43.0253],[-87.9576,43.0252],[-87.9576,43.0252],[-87.9576,43.0251],[-87.9576,43.0251],[-87.9576,43.0249],[-87.9576,43.0247],[-87.9576,43.0246],[-87.9576,43.0245],[-87.9576,43.0245],[-87.9576,43.0244],[-87.9576,43.0243],[-87.9576,43.0242],[-87.9616,43.0242],[-87.9623,43.0242],[-87.9634,43.0242],[-87.9654,43.0242],[-87.9665,43.0242],[-87.9693,43.0241],[-87.9693,43.0238],[-87.9693,43.0234],[-87.9694,43.021],[-87.9695,43.0207],[-87.97,43.0206],[-87.9713,43.0204],[-87.9725,43.0201],[-87.9736,43.0199],[-87.9748,43.0197],[-87.976,43.0195],[-87.978,43.0192],[-87.9791,43.019],[-87.9802,43.0188],[-87.9823,43.0184],[-87.9824,43.0229],[-87.9824,43.0241],[-87.9825,43.0241],[-87.9828,43.0241],[-87.9831,43.0241],[-87.9834,43.024],[-87.9838,43.024],[-87.9842,43.024],[-87.9845,43.024],[-87.9865,43.024],[-87.9924,43.0242],[-87.9963,43.0243],[-87.9974,43.0243],[-87.9974,43.0241],[-87.9986,43.0241],[-87.9999,43.0242],[-88.0023,43.0242],[-88.0037,43.0242],[-88.0072,43.0242],[-88.0072,43.0241],[-88.0085,43.024],[-88.0085,43.0242],[-88.0137,43.024],[-88.0172,43.0239],[-88.0235,43.0238],[-88.0242,43.0238],[-88.0242,43.0243],[-88.0251,43.0243],[-88.0251,43.0249],[-88.026,43.0249],[-88.0273,43.025],[-88.0282,43.025],[-88.0292,43.025],[-88.0296,43.025],[-88.0302,43.025],[-88.0316,43.025],[-88.0321,43.0251],[-88.0337,43.0251],[-88.0361,43.0251],[-88.0364,43.0251],[-88.0371,43.0251],[-88.0374,43.0252],[-88.0378,43.0252],[-88.038,43.0252],[-88.0386,43.0252],[-88.0393,43.0253],[-88.0397,43.0254],[-88.0402,43.0254],[-88.0408,43.0256],[-88.0411,43.0256],[-88.0417,43.0257],[-88.0419,43.0257],[-88.0424,43.0259],[-88.0429,43.026],[-88.0436,43.0262],[-88.0448,43.0266],[-88.0451,43.0279],[-88.0453,43.0285],[-88.0455,43.0296],[-88.0459,43.031],[-88.0471,43.031],[-88.0472,43.0339],[-88.0471,43.0341],[-88.0471,43.0346],[-88.047,43.0351],[-88.0422,43.0347],[-88.0372,43.035],[-88.0366,43.035],[-88.0341,43.0351],[-88.0334,43.0352],[-88.0314,43.0355],[-88.0314,43.0383],[-88.0314,43.0388],[-88.0271,43.0388],[-88.0256,43.0388],[-88.0218,43.0389],[-88.0218,43.0385],[-88.0218,43.0359],[-88.0236,43.0359],[-88.0235,43.0337],[-88.0235,43.0316],[-88.0235,43.0312],[-88.0173,43.0313],[-88.0162,43.0313],[-88.0162,43.0318],[-88.0173,43.0317],[-88.0173,43.0327],[-88.0161,43.036],[-88.0143,43.036],[-88.0129,43.0356],[-88.0113,43.0352],[-88.011,43.0351],[-88.0106,43.035],[-88.0103,43.035],[-88.0096,43.035],[-88.0086,43.0351],[-88.0072,43.0352],[-88.006,43.0354],[-88.0048,43.0355],[-88.0041,43.0356],[-88.0036,43.0356],[-88.0024,43.0357],[-88.0016,43.0357],[-88.0016,43.0354],[-88.0016,43.0352],[-88.0013,43.0352],[-88.0013,43.0348],[-88.0013,43.0341],[-88.0008,43.0341],[-87.9997,43.0341],[-87.9986,43.0341],[-87.9973,43.0341],[-87.9967,43.0341],[-87.9967,43.0351],[-87.9967,43.0352],[-87.9967,43.0355],[-87.9965,43.0355],[-87.9965,43.0355],[-87.9959,43.0355],[-87.9959,43.0354],[-87.9955,43.0354],[-87.9955,43.036],[-87.9951,43.0361],[-87.9951,43.0365],[-87.9949,43.0365],[-87.9949,43.0363],[-87.9945,43.0363],[-87.9945,43.0366],[-87.9933,43.0366],[-87.9933,43.0362],[-87.9921,43.0362],[-87.9917,43.0362],[-87.9917,43.0368],[-87.991,43.0368],[-87.991,43.0369],[-87.9899,43.0369],[-87.9899,43.0363],[-87.9887,43.0364],[-87.9887,43.037],[-87.988,43.037],[-87.988,43.0364],[-87.9874,43.0365],[-87.9875,43.037],[-87.986,43.037],[-87.9853,43.037],[-87.9853,43.0371],[-87.9849,43.0371],[-87.9849,43.0377],[-87.9847,43.0377],[-87.9847,43.0384],[-87.9842,43.0384],[-87.9841,43.0388],[-87.9846,43.0388],[-87.9846,43.0392],[-87.9844,43.0392],[-87.9844,43.0396],[-87.9841,43.0396],[-87.984,43.0396],[-87.984,43.0402],[-87.9848,43.0402],[-87.9855,43.0402],[-87.9861,43.0402],[-87.9875,43.0402],[-87.9875,43.0417],[-87.9875,43.042],[-87.9875,43.0422],[-87.9875,43.0424],[-87.9875,43.0436],[-87.9875,43.0437],[-87.9875,43.0439],[-87.9875,43.0442],[-87.9874,43.0443],[-87.9874,43.0444],[-87.9874,43.0471],[-87.9875,43.0478],[-87.9875,43.05],[-87.9875,43.0516],[-87.9875,43.053],[-87.9875,43.0554],[-87.9875,43.0571],[-87.9875,43.0589],[-87.9875,43.0607],[-87.9875,43.0625],[-87.9874,43.0643],[-87.9886,43.0643],[-87.9891,43.0643],[-87.9891,43.0662],[-87.9891,43.0676],[-87.9893,43.0676],[-87.9893,43.0676],[-87.9897,43.0676],[-87.9908,43.0676],[-87.992,43.0676],[-87.992,43.0662],[-87.9935,43.0662],[-87.9935,43.068],[-87.9948,43.068],[-87.9961,43.068],[-87.9974,43.068],[-87.9985,43.068],[-87.9996,43.068],[-88.0006,43.068],[-88.001,43.068],[-88.0018,43.068],[-88.0024,43.068],[-88.0024,43.0695],[-88.0029,43.0695],[-88.004,43.0695],[-88.0051,43.0695],[-88.0062,43.0695],[-88.0074,43.0695],[-88.0074,43.0699],[-88.0074,43.0717],[-88.0073,43.0735],[-88.0073,43.0753],[-88.0073,43.0768],[-88.0073,43.0779],[-88.0073,43.0805],[-88.0073,43.0826],[-88.0072,43.0844],[-88.0072,43.0863],[-88.0072,43.0881],[-88.0072,43.0899],[-88.0059,43.0899],[-88.0047,43.0899],[-88.004,43.0899],[-88.003,43.0899],[-88.0018,43.0899],[-88.0006,43.0899],[-87.9994,43.0899],[-87.9982,43.0899],[-87.997,43.0899],[-87.9958,43.0899],[-87.9958,43.0881],[-87.9946,43.0881],[-87.9933,43.0881],[-87.992,43.0881],[-87.9908,43.0881],[-87.9895,43.0881],[-87.9882,43.0881],[-87.9874,43.0881],[-87.9869,43.0881],[-87.987,43.0863],[-87.987,43.0845],[-87.9871,43.0829],[-87.9871,43.0827],[-87.9871,43.0809],[-87.9872,43.0786],[-87.9873,43.0759],[-87.9873,43.0758],[-87.9873,43.0754],[-87.9873,43.0735],[-87.9873,43.0717],[-87.9862,43.0717],[-87.9851,43.0717],[-87.9841,43.0717],[-87.9832,43.0717],[-87.982,43.0717],[-87.9809,43.0716],[-87.98,43.0716],[-87.9797,43.0716],[-87.9798,43.0698],[-87.9798,43.068]]]]}},{"type":"Feature","properties":{"tenant":"milwaukee","slug":"milwaukee","city":"Milwaukee","district":11},"geometry":{"type":"MultiPolygon","coordinates":[[[[-87.9703,42.9885],[-87.9703,42.9884],[-87.9703,42.9884],[-87.9691,42.9884],[-87.9689,42.9883],[-87.9678,42.9883],[-87.9666,42.9884],[-87.9654,42.9884],[-87.9641,42.9884],[-87.9629,42.9884],[-87.9617,42.9884],[-87.9605,42.9884],[-87.9592,42.9884],[-87.958,42.9885],[-87.9568,42.9885],[-87.9557,42.9885],[-87.9555,42.9885],[-87.9545,42.9885],[-87.9543,42.9885],[-87.9534,42.9885],[-87.9531,42.9885],[-87.9523,42.9885],[-87.9521,42.9885],[-87.9518,42.9885],[-87.9506,42.9885],[-87.9494,42.9885],[-87.9482,42.9886],[-87.9482,42.988],[-87.9482,42.9867],[-87.9482,42.9849],[-87.9483,42.9831],[-87.9483,42.9813],[-87.9499,42.9812],[-87.9509,42.9812],[-87.9529,42.9812],[-87.9532,42.9812],[-87.9532,42.9811],[-87.9532,42.9807],[-87.9538,42.9807],[-87.9538,42.9803],[-87.9544,42.9803],[-87.9544,42.9805],[-87.9551,42.9805],[-87.9551,42.9806],[-87.9557,42.9806],[-87.9557,42.9808],[-87.9563,42.9808],[-87.9563,42.9805],[-87.9569,42.9805],[-87.9569,42.9798],[-87.957,42.9797],[-87.957,42.9798],[-87.9575,42.9798],[-87.9576,42.9794],[-87.9576,42.9778],[-87.9582,42.9778],[-87.9582,42.9767],[-87.9582,42.9764],[-87.9601,42.9764],[-87.9601,42.9754],[-87.9601,42.9752],[-87.9647,42.9752],[-87.9648,42.9739],[-87.9661,42.9739],[-87.9677,42.9739],[-87.9677,42.9734],[-87.9673,42.9734],[-87.9673,42.9727],[-87.9682,42.9727],[-87.9682,42.9739],[-87.9682,42.9744],[-87.9682,42.9744],[-87.9688,42.9744],[-87.9688,42.9745],[-87.9699,42.9745],[-87.9699,42.9749],[-87.9699,42.9751],[-87.9705,42.9751],[-87.9705,42.9761],[-87.9706,42.9761],[-87.9706,42.9786],[-87.968,42.9786],[-87.968,42.9812],[-87.9679,42.9849],[-87.9679,42.9854],[-87.9679,42.9857],[-87.9685,42.9857],[-87.9685,42.9862],[-87.9691,42.9862],[-87.9691,42.9861],[-87.9706,42.9861],[-87.9714,42.9856],[-87.9718,42.9859],[-87.9698,42.9871],[-87.9702,42.9874],[-87.9705,42.9874],[-87.9703,42.9875],[-87.9703,42.9879],[-87.9707,42.9879],[-87.9708,42.9873],[-87.9711,42.9871],[-87.971,42.9875],[-87.9713,42.9875],[-87.9714,42.9869],[-87.9716,42.9867],[-87.9719,42.9866],[-87.9727,42.9861],[-87.9729,42.986],[-87.9741,42.9852],[-87.9754,42.9845],[-87.9761,42.984],[-87.9757,42.9837],[-87.9759,42.9836],[-87.9759,42.9835],[-87.9767,42.9831],[-87.977,42.983],[-87.9773,42.9833],[-87.9779,42.9829],[-87.979,42.9822],[-87.9801,42.9816],[-87.9801,42.9811],[-87.9801,42.9807],[-87.981,42.9807],[-87.981,42.9796],[-87.9811,42.9775],[-87.9811,42.977],[-87.9805,42.977],[-87.9805,42.9765],[-87.9799,42.9765],[-87.9799,42.9768],[-87.9798,42.9775],[-87.9793,42.9775],[-87.978,42.9775],[-87.978,42.9757],[-87.9768,42.9757],[-87.9756,42.9757],[-87.9755,42.9786],[-87.9736,42.9786],[-87.9737,42.9785],[-87.9737,42.9784],[-87.9737,42.9783],[-87.9738,42.9782],[-87.9738,42.9781],[-87.9738,42.9772],[-87.9738,42.9771],[-87.9737,42.977],[-87.9737,42.9769],[-87.9737,42.9768],[-87.9736,42.9767],[-87.9735,42.9766],[-87.9734,42.9764],[-87.9733,42.9763],[-87.9734,42.9762],[-87.9734,42.9761],[-87.9735,42.976],[-87.9731,42.9757],[-87.9731,42.9757],[-87.9729,42.9758],[-87.9729,42.9759],[-87.9728,42.976],[-87.9727,42.9761],[-87.9725,42.976],[-87.9724,42.976],[-87.9722,42.9759],[-87.972,42.9759],[-87.9718,42.9758],[-87.9715,42.9758],[-87.9713,42.9758],[-87.971,42.9758],[-87.9708,42.9758],[-87.9706,42.9759],[-87.9706,42.975],[-87.9701,42.975],[-87.9701,42.9745],[-87.9703,42.9745],[-87.9703,42.9739],[-87.9706,42.9739],[-87.9723,42.9739],[-87.9723,42.9734],[-87.9731,42.9734],[-87.9731,42.973],[-87.9733,42.973],[-87.9733,42.9737],[-87.9733,42.9739],[-87.9743,42.9739],[-87.9748,42.9739],[-87.9748,42.9737],[-87.9748,42.973],[-87.9748,42.9729],[-87.974,42.9729],[-87.974,42.9721],[-87.974,42.9713],[-87.974,42.9708],[-87.9772,42.9708],[-87.9775,42.9708],[-87.9775,42.9698],[-87.9776,42.9666],[-87.9783,42.9666],[-87.9782,42.9676],[-87.9784,42.9676],[-87.9795,42.9676],[-87.9826,42.9675],[-87.9832,42.9675],[-87.9832,42.9666],[-87.9837,42.9666],[-87.9859,42.9666],[-87.9863,42.9666],[-87.9882,42.9666],[-87.9881,42.968],[-87.9881,42.9684],[-87.9881,42.9693],[-87.9881,42.9696],[-87.9882,42.9696],[-87.9895,42.9696],[-87.9897,42.9697],[-87.9899,42.9698],[-87.99,42.9699],[-87.9902,42.97],[-87.9905,42.97],[-87.9907,42.9701],[-87.9913,42.9701],[-87.9913,42.9702],[-87.9927,42.9702],[-87.9926,42.9721],[-87.9901,42.9721],[-87.9901,42.9721],[-87.99,42.9739],[-87.9928,42.9738],[-87.9934,42.9735],[-87.9941,42.9731],[-87.9979,42.9706],[-87.9989,42.97],[-88.008,42.9699],[-88.013,42.9699],[-88.0147,42.9699],[-88.0147,42.9703],[-88.0146,42.9704],[-88.0146,42.9711],[-88.0146,42.9719],[-88.0146,42.972],[-88.0146,42.9724],[-88.0147,42.9724],[-88.0147,42.9728],[-88.0147,42.9737],[-88.0162,42.9737],[-88.0178,42.9737],[-88.0191,42.9737],[-88.024,42.9737],[-88.0277,42.9737],[-88.029,42.9737],[-88.0302,42.9737],[-88.0314,42.9737],[-88.0326,42.9736],[-88.0339,42.9736],[-88.0376,42.9736],[-88.0374,42.9809],[-88.0374,42.982],[-88.0374,42.9828],[-88.0372,42.9881],[-88.0362,42.9881],[-88.0348,42.9881],[-88.0336,42.9881],[-88.031,42.9882],[-88.029,42.9882],[-88.0274,42.9882],[-88.0242,42.9882],[-88.0224,42.9882],[-88.0175,42.9882],[-88.0152,42.9882],[-88.0125,42.9882],[-88.0091,42.9883],[-88.0076,42.9883],[-88.0056,42.9883],[-88.0051,42.9883],[-88.0033,42.9883],[-88.002,42.9883],[-88.002,42.9893],[-88.002,42.9903],[-88.0019,42.9919],[-88.0019,42.9937],[-88.0019,42.9956],[-88.0019,42.9974],[-88.0018,42.999],[-88.0012,42.999],[-88.0,42.999],[-88.0,42.9988],[-87.999,42.9988],[-87.9981,42.9989],[-87.9981,42.999],[-87.9975,42.999],[-87.9975,42.9988],[-87.9957,42.9988],[-87.9957,42.9988],[-87.995,42.9988],[-87.995,42.9989],[-87.9944,42.9989],[-87.9933,42.9989],[-87.9923,42.9989],[-87.9912,42.9989],[-87.9901,42.9989],[-87.9901,42.9989],[-87.9895,42.9989],[-87.9895,42.9988],[-87.989,42.9988],[-87.9889,42.9987],[-87.9888,42.9987],[-87.9882,42.9987],[-87.9883,42.9978],[-87.9882,42.9977],[-87.9875,42.9978],[-87.9875,42.9975],[-87.9872,42.9975],[-87.9869,42.9975],[-87.9865,42.9976],[-87.9862,42.9977],[-87.9859,42.9978],[-87.9856,42.9979],[-87.9854,42.9981],[-87.9852,42.9983],[-87.985,42.9985],[-87.9849,42.9986],[-87.9847,42.9991],[-87.9846,42.9993],[-87.9845,42.9993],[-87.9832,42.9993],[-87.9829,42.9993],[-87.9825,42.9993],[-87.9816,42.9993],[-87.9813,42.9993],[-87.981,42.9993],[-87.9791,42.9993],[-87.9787,42.9993],[-87.9783,42.9993],[-87.9776,42.9993],[-87.9776,42.9995],[-87.9776,42.9998],[-87.9776,43.0001],[-87.9776,43.0003],[-87.9776,43.0011],[-87.9775,43.0029],[-87.9769,43.0029],[-87.9765,43.0029],[-87.9756,43.0029],[-87.9775,43.0035],[-87.9775,43.0037],[-87.9775,43.0038],[-87.9774,43.0038],[-87.9747,43.0029],[-87.9751,43.0029],[-87.9677,43.0004],[-87.9677,42.9997],[-87.9677,42.9989],[-87.9677,42.998],[-87.9677,42.9974],[-87.9677,42.9974],[-87.9677,42.9972],[-87.9677,42.9971],[-87.9677,42.9971],[-87.9677,42.9968],[-87.9677,42.9959],[-87.9677,42.9956],[-87.968,42.9956],[-87.9687,42.9956],[-87.9689,42.9956],[-87.9692,42.9956],[-87.9699,42.9956],[-87.9702,42.9956],[-87.9702,42.9953],[-87.9702,42.9942],[-87.9702,42.9938],[-87.9702,42.9935],[-87.9703,42.9924],[-87.9703,42.992],[-87.9703,42.9917],[-87.9703,42.9906],[-87.9703,42.9902],[-87.9703,42.9898],[-87.9703,42.9887],[-87.9703,42.9885]],[[-87.9722,42.9879],[-87.9722,42.987],[-87.9716,42.987],[-87.9716,42.9879],[-87.9722,42.9879]],[[-87.9831,42.9721],[-87.983,42.9739],[-87.9836,42.9739],[-87.9836,42.9757],[-87.9836,42.9775],[-87.9835,42.9795],[-87.9827,42.98],[-87.9818,42.9806],[-87.9822,42.981],[-87.9825,42.9808],[-87.9824,42.9806],[-87.9841,42.9806],[-87.9841,42.9802],[-87.9839,42.9802],[-87.9839,42.9798],[-87.9841,42.9798],[-87.9841,42.9798],[-87.9843,42.9798],[-87.9843,42.9795],[-87.9847,42.9795],[-87.9854,42.9791],[-87.9854,42.9789],[-87.986,42.9789],[-87.986,42.978],[-87.9849,42.9787],[-87.985,42.9739],[-87.9844,42.9739],[-87.9839,42.9739],[-87.9839,42.9734],[-87.9837,42.9734],[-87.9837,42.9721],[-87.9838,42.9707],[-87.9843,42.9707],[-87.9843,42.9705],[-87.9844,42.9705],[-87.985,42.9705],[-87.985,42.9706],[-87.9855,42.9706],[-87.9855,42.9705],[-87.9856,42.9705],[-87.9868,42.9705],[-87.9881,42.9705],[-87.9881,42.9703],[-87.986,42.9703],[-87.9852,42.9703],[-87.9845,42.9703],[-87.9831,42.9703],[-87.9831,42.9721]]]]}},{"type":"Feature","properties":{"tenant":"milwaukee","slug":"milwaukee","city":"Milwaukee","district":12},"geometry":{"type":"MultiPolygon","coordinates":[[[[-87.9111,43.0086],[-87.9111,43.0083],[-87.9133,43.0081],[-87.9138,43.0077],[-87.9139,43.0065],[-87.914,43.0052],[-87.9119,43.0029],[-87.9113,43.0029],[-87.9113,43.0023],[-87.9114,43.0018],[-87.9116,43.0004],[-87.9117,42.9992],[-87.9123,42.998],[-87.9125,42.9975],[-87.9126,42.9973],[-87.9126,42.9973],[-87.9128,42.9975],[-87.9128,42.9976],[-87.9128,42.9976],[-87.9129,42.9978],[-87.9131,42.9979],[-87.9132,42.9981],[-87.9133,42.9983],[-87.9135,42.9985],[-87.9137,42.9987],[-87.9138,42.9988],[-87.9141,42.9991],[-87.9141,42.9991],[-87.9142,42.9992],[-87.9142,42.9992],[-87.9145,42.9994],[-87.9152,43.0001],[-87.9155,43.0003],[-87.9159,43.0007],[-87.9163,43.001],[-87.9169,43.0016],[-87.9171,43.0018],[-87.9178,43.0018],[-87.9187,43.0018],[-87.9187,43.0013],[-87.92,43.0013],[-87.9212,43.0013],[-87.9224,43.0013],[-87.9236,43.0013],[-87.9248,43.0013],[-87.9248,42.9992],[-87.9249,42.9976],[-87.9249,42.9974],[-87.9249,42.9974],[-87.9249,42.9973],[-87.9249,42.9955],[-87.9261,42.9955],[-87.9273,42.9955],[-87.9286,42.9955],[-87.9296,42.9956],[-87.9299,42.9956],[-87.93,42.994],[-87.93,42.9939],[-87.9313,42.9938],[-87.9326,42.9938],[-87.9337,42.9937],[-87.9346,42.9936],[-87.9384,42.9934],[-87.9383,42.9957],[-87.9383,42.9967],[-87.9383,42.9976],[-87.9383,42.9993],[-87.9382,43.0012],[-87.9382,43.003],[-87.9382,43.0033],[-87.9381,43.0048],[-87.9381,43.0066],[-87.9381,43.0067],[-87.9381,43.0068],[-87.938,43.0085],[-87.938,43.0087],[-87.938,43.0103],[-87.9386,43.0103],[-87.9364,43.0124],[-87.9379,43.0124],[-87.9381,43.0124],[-87.9381,43.0142],[-87.9381,43.0149],[-87.9381,43.016],[-87.938,43.017],[-87.938,43.0191],[-87.938,43.0202],[-87.938,43.0211],[-87.938,43.0212],[-87.938,43.0226],[-87.938,43.0228],[-87.9377,43.0228],[-87.9368,43.0228],[-87.9355,43.0229],[-87.9342,43.0229],[-87.9329,43.023],[-87.9305,43.0231],[-87.9292,43.0232],[-87.9284,43.0232],[-87.928,43.0232],[-87.9267,43.0232],[-87.9259,43.0232],[-87.9258,43.0232],[-87.9253,43.0232],[-87.9253,43.0242],[-87.9253,43.0253],[-87.9239,43.0253],[-87.9233,43.0253],[-87.9225,43.0253],[-87.9219,43.0258],[-87.922,43.026],[-87.9221,43.0263],[-87.9222,43.0267],[-87.9224,43.0273],[-87.9226,43.0278],[-87.9227,43.0284],[-87.9227,43.0288],[-87.9228,43.029],[-87.9228,43.0295],[-87.9228,43.0303],[-87.9228,43.0305],[-87.9228,43.0314],[-87.9227,43.0313],[-87.9226,43.0313],[-87.9226,43.0315],[-87.9226,43.0317],[-87.9226,43.0318],[-87.9227,43.0321],[-87.9218,43.0321],[-87.9206,43.0324],[-87.9202,43.0326],[-87.9196,43.0328],[-87.919,43.0331],[-87.9186,43.0331],[-87.9181,43.0332],[-87.9149,43.0331],[-87.9146,43.0331],[-87.9141,43.033],[-87.9124,43.0325],[-87.9118,43.0323],[-87.9107,43.0319],[-87.9105,43.0316],[-87.9104,43.0314],[-87.9099,43.0312],[-87.9087,43.0307],[-87.9074,43.0301],[-87.9062,43.0292],[-87.9048,43.028],[-87.9051,43.0279],[-87.9053,43.0277],[-87.9051,43.0274],[-87.9047,43.0271],[-87.9044,43.0267],[-87.904,43.0262],[-87.9038,43.0256],[-87.9038,43.0253],[-87.9038,43.0251],[-87.904,43.0247],[-87.9042,43.0245],[-87.9044,43.0244],[-87.9048,43.0241],[-87.9054,43.0235],[-87.9056,43.0228],[-87.9059,43.0221],[-87.9057,43.0222],[-87.9058,43.0221],[-87.9058,43.0219],[-87.9059,43.0216],[-87.9059,43.0214],[-87.9059,43.0214],[-87.9054,43.0204],[-87.9047,43.0196],[-87.9074,43.0196],[-87.9074,43.0194],[-87.9045,43.0193],[-87.9034,43.0181],[-87.9034,43.018],[-87.9076,43.018],[-87.9076,43.0178],[-87.9031,43.0177],[-87.9029,43.0177],[-87.9027,43.0172],[-87.9029,43.017],[-87.9043,43.0141],[-87.904,43.014],[-87.9042,43.0136],[-87.9066,43.0091],[-87.9083,43.0083],[-87.9088,43.0092],[-87.909,43.0096],[-87.909,43.0097],[-87.9093,43.0101],[-87.9096,43.0107],[-87.9098,43.011],[-87.9109,43.0111],[-87.9111,43.0111],[-87.9111,43.0091],[-87.9111,43.0086]]]]}},{"type":"Feature","properties":{"tenant":"milwaukee","slug":"milwaukee","city":"Milwaukee","district":13},"geometry":{"type":"MultiPolygon","coordinates":[[[[-87.9482,42.9937],[-87.9468,42.9933],[-87.9456,42.9931],[-87.9447,42.993],[-87.9437,42.993],[-87.9423,42.9931],[-87.9384,42.9934],[-87.9384,42.9915],[-87.9384,42.9913],[-87.9384,42.9884],[-87.9385,42.9866],[-87.9386,42.9849],[-87.9386,42.9848],[-87.9373,42.9848],[-87.9361,42.9848],[-87.9349,42.9847],[-87.9338,42.9847],[-87.9327,42.9847],[-87.9315,42.9847],[-87.9316,42.9829],[-87.9316,42.9811],[-87.9316,42.9811],[-87.9316,42.9811],[-87.9303,42.981],[-87.9289,42.981],[-87.9277,42.981],[-87.9265,42.981],[-87.9252,42.981],[-87.9241,42.981],[-87.923,42.9812],[-87.9216,42.9813],[-87.9199,42.9815],[-87.9192,42.9816],[-87.9184,42.9817],[-87.9175,42.9819],[-87.9169,42.982],[-87.9163,42.9822],[-87.9155,42.9823],[-87.9155,42.9814],[-87.9155,42.981],[-87.9143,42.981],[-87.9131,42.981],[-87.9119,42.981],[-87.9107,42.981],[-87.9094,42.981],[-87.9094,42.9792],[-87.9094,42.9783],[-87.9094,42.9779],[-87.9094,42.9776],[-87.9094,42.9774],[-87.9095,42.9765],[-87.9095,42.9755],[-87.9095,42.9742],[-87.9095,42.9738],[-87.9095,42.9738],[-87.9094,42.9738],[-87.9076,42.9737],[-87.9055,42.9737],[-87.9052,42.9728],[-87.9051,42.9724],[-87.9049,42.9719],[-87.9048,42.9719],[-87.9045,42.9714],[-87.9042,42.9712],[-87.904,42.971],[-87.9036,42.9708],[-87.9025,42.9701],[-87.9014,42.9695],[-87.9007,42.9691],[-87.8996,42.9685],[-87.8983,42.968],[-87.8979,42.9678],[-87.8971,42.9675],[-87.8958,42.9669],[-87.8946,42.9664],[-87.894,42.9661],[-87.8936,42.966],[-87.8896,42.9643],[-87.8896,42.9627],[-87.8896,42.9613],[-87.8896,42.9603],[-87.8896,42.9598],[-87.8896,42.9591],[-87.8872,42.9591],[-87.8855,42.9591],[-87.8832,42.9591],[-87.8832,42.9564],[-87.8857,42.9423],[-87.8856,42.9423],[-87.8878,42.93],[-87.888,42.9289],[-87.8891,42.9227],[-87.8906,42.9227],[-87.8903,42.93],[-87.9,42.9301],[-87.9054,42.9301],[-87.9099,42.9301],[-87.9115,42.9301],[-87.9148,42.9301],[-87.9197,42.9302],[-87.9242,42.9302],[-87.9276,42.9302],[-87.9299,42.9303],[-87.9302,42.9303],[-87.9304,42.9252],[-87.9304,42.9238],[-87.9305,42.9208],[-87.9355,42.9208],[-87.9392,42.9209],[-87.9404,42.9209],[-87.9403,42.9236],[-87.9402,42.926],[-87.9402,42.9275],[-87.9402,42.9279],[-87.9401,42.929],[-87.9401,42.9303],[-87.9443,42.9303],[-87.9476,42.9304],[-87.9493,42.9304],[-87.9493,42.9327],[-87.9493,42.9339],[-87.9492,42.9361],[-87.9492,42.9376],[-87.9513,42.9376],[-87.9525,42.9376],[-87.9554,42.9376],[-87.9578,42.9376],[-87.9591,42.9376],[-87.9603,42.9376],[-87.963,42.9376],[-87.964,42.9376],[-87.964,42.9384],[-87.9646,42.9384],[-87.9646,42.9388],[-87.9645,42.9425],[-87.9645,42.9437],[-87.9644,42.9449],[-87.9638,42.9449],[-87.9632,42.9449],[-87.9633,42.9433],[-87.9627,42.9433],[-87.9627,42.9431],[-87.9623,42.9431],[-87.9622,42.9431],[-87.9619,42.9433],[-87.9616,42.9431],[-87.9616,42.9431],[-87.9614,42.9431],[-87.9614,42.9433],[-87.9602,42.9433],[-87.9602,42.9437],[-87.9601,42.9449],[-87.9589,42.9449],[-87.958,42.9449],[-87.958,42.9442],[-87.9571,42.9442],[-87.9571,42.9437],[-87.9568,42.9437],[-87.9538,42.9437],[-87.949,42.9437],[-87.949,42.9449],[-87.9489,42.9477],[-87.9489,42.9503],[-87.9488,42.9521],[-87.9487,42.9558],[-87.9487,42.9576],[-87.9487,42.9594],[-87.9486,42.9614],[-87.9486,42.962],[-87.9486,42.9625],[-87.9486,42.9627],[-87.9486,42.9629],[-87.9486,42.964],[-87.9486,42.9648],[-87.9486,42.9654],[-87.9485,42.9666],[-87.9485,42.9688],[-87.9484,42.9734],[-87.9484,42.9739],[-87.9525,42.9739],[-87.9533,42.9739],[-87.9538,42.9739],[-87.9538,42.975],[-87.956,42.975],[-87.9559,42.9751],[-87.9547,42.976],[-87.9531,42.9771],[-87.9541,42.9778],[-87.9539,42.978],[-87.9539,42.9785],[-87.9532,42.9785],[-87.9532,42.9794],[-87.9532,42.9807],[-87.9532,42.9812],[-87.9529,42.9812],[-87.9509,42.9812],[-87.9499,42.9812],[-87.9483,42.9813],[-87.9483,42.9831],[-87.9482,42.9849],[-87.9482,42.9867],[-87.9482,42.9882],[-87.9482,42.9886],[-87.9481,42.9896],[-87.9481,42.9903],[-87.9482,42.9911],[-87.9482,42.9915],[-87.9482,42.9923],[-87.9482,42.9937]]]]}},{"type":"Feature","properties":{"tenant":"milwaukee","slug":"milwaukee","city":"Milwaukee","district":14},"geometry":{"type":"MultiPolygon","coordinates":[[[[-87.9139,43.0065],[-87.9138,43.0077],[-87.9133,43.0081],[-87.9111,43.0083],[-87.9111,43.0086],[-87.9111,43.0091],[-87.9111,43.0111],[-87.9109,43.0111],[-87.9098,43.011],[-87.9096,43.0107],[-87.9093,43.0101],[-87.909,43.0097],[-87.909,43.0096],[-87.9088,43.0092],[-87.9083,43.0083],[-87.9066,43.0091],[-87.9042,43.0136],[-87.904,43.014],[-87.9043,43.0141],[-87.9029,43.017],[-87.9027,43.0172],[-87.9029,43.0177],[-87.9031,43.0177],[-87.9076,43.0178],[-87.9076,43.018],[-87.9034,43.018],[-87.9034,43.0181],[-87.9045,43.0193],[-87.9074,43.0194],[-87.9074,43.0196],[-87.9047,43.0196],[-87.9054,43.0204],[-87.9059,43.0214],[-87.9059,43.0214],[-87.9059,43.0216],[-87.9058,43.0219],[-87.9058,43.0221],[-87.9057,43.0222],[-87.9059,43.0221],[-87.9056,43.0228],[-87.9054,43.0235],[-87.9048,43.0241],[-87.9044,43.0244],[-87.9042,43.0245],[-87.904,43.0247],[-87.9038,43.0251],[-87.9038,43.0253],[-87.9038,43.0256],[-87.904,43.0262],[-87.9044,43.0267],[-87.9047,43.0271],[-87.9051,43.0274],[-87.9053,43.0277],[-87.9048,43.028],[-87.9048,43.0278],[-87.9048,43.0277],[-87.9035,43.0261],[-87.9032,43.0256],[-87.9028,43.0254],[-87.9026,43.0254],[-87.9006,43.025],[-87.8986,43.0246],[-87.8987,43.025],[-87.8986,43.025],[-87.8964,43.0252],[-87.8961,43.0253],[-87.8957,43.025],[-87.8946,43.0251],[-87.8941,43.0229],[-87.8941,43.0229],[-87.8941,43.0229],[-87.8973,43.0201],[-87.897,43.0193],[-87.8947,43.0213],[-87.8946,43.0214],[-87.8946,43.0213],[-87.8942,43.0205],[-87.8942,43.0205],[-87.8942,43.0205],[-87.8965,43.0184],[-87.8961,43.0175],[-87.8938,43.0195],[-87.8938,43.0195],[-87.8938,43.0195],[-87.8937,43.0195],[-87.8937,43.0195],[-87.893,43.0181],[-87.893,43.0181],[-87.893,43.018],[-87.8954,43.0159],[-87.8938,43.0123],[-87.8913,43.0145],[-87.8912,43.0145],[-87.8911,43.0144],[-87.8937,43.0121],[-87.8915,43.0071],[-87.8876,43.0081],[-87.8845,43.0048],[-87.8873,43.0028],[-87.8873,43.0027],[-87.8879,43.0023],[-87.8866,43.0014],[-87.8868,43.0013],[-87.8867,43.0012],[-87.8867,43.0012],[-87.8868,43.0013],[-87.8877,43.0006],[-87.8877,43.0006],[-87.8876,43.0005],[-87.8875,43.0005],[-87.8872,43.0007],[-87.8865,43.0],[-87.886,42.9995],[-87.885,42.9985],[-87.8848,42.9983],[-87.8846,42.9982],[-87.8845,42.998],[-87.8841,42.9978],[-87.8838,42.9977],[-87.8837,42.9976],[-87.8835,42.9976],[-87.883,42.9976],[-87.8826,42.9977],[-87.8823,42.9974],[-87.8824,42.9971],[-87.8825,42.997],[-87.8827,42.9967],[-87.8825,42.9966],[-87.8825,42.9965],[-87.8823,42.9963],[-87.8822,42.9961],[-87.8821,42.996],[-87.882,42.9959],[-87.8819,42.9959],[-87.8819,42.9959],[-87.8818,42.9958],[-87.8817,42.9957],[-87.8816,42.9956],[-87.8816,42.9956],[-87.8815,42.9955],[-87.8815,42.9955],[-87.8814,42.9953],[-87.8813,42.9952],[-87.8812,42.9951],[-87.8811,42.995],[-87.881,42.9948],[-87.8808,42.9946],[-87.8807,42.9944],[-87.8807,42.9944],[-87.8806,42.9943],[-87.8804,42.9941],[-87.8803,42.994],[-87.8802,42.9939],[-87.8801,42.9938],[-87.88,42.9937],[-87.8799,42.9936],[-87.8797,42.9935],[-87.8796,42.9935],[-87.8794,42.9936],[-87.8793,42.9937],[-87.8792,42.9937],[-87.8791,42.9937],[-87.8791,42.9936],[-87.8791,42.9936],[-87.8792,42.9935],[-87.8792,42.9935],[-87.8792,42.9935],[-87.8792,42.9934],[-87.8792,42.9934],[-87.8791,42.9933],[-87.8791,42.9933],[-87.8791,42.9933],[-87.879,42.9932],[-87.879,42.9932],[-87.8789,42.9931],[-87.8789,42.9931],[-87.8788,42.993],[-87.8787,42.993],[-87.8787,42.9929],[-87.8786,42.9928],[-87.8785,42.9927],[-87.8783,42.9925],[-87.8782,42.9924],[-87.8779,42.9922],[-87.8775,42.9919],[-87.8772,42.9917],[-87.877,42.9917],[-87.8768,42.9915],[-87.8766,42.9914],[-87.8766,42.9914],[-87.8764,42.9913],[-87.8762,42.9912],[-87.8759,42.9911],[-87.8758,42.991],[-87.8758,42.991],[-87.8757,42.991],[-87.8757,42.991],[-87.8756,42.991],[-87.8756,42.991],[-87.8756,42.9911],[-87.8755,42.9911],[-87.8755,42.991],[-87.8754,42.991],[-87.8754,42.991],[-87.8753,42.991],[-87.8746,42.9906],[-87.8746,42.9906],[-87.8745,42.9906],[-87.8745,42.9905],[-87.8745,42.9905],[-87.8746,42.9905],[-87.8746,42.9905],[-87.8747,42.9904],[-87.8747,42.9903],[-87.8746,42.9903],[-87.8746,42.9902],[-87.8745,42.9901],[-87.8742,42.9899],[-87.8741,42.9899],[-87.874,42.9898],[-87.8738,42.9897],[-87.8736,42.9896],[-87.8735,42.9895],[-87.8734,42.9894],[-87.8733,42.9894],[-87.8733,42.9894],[-87.8731,42.9892],[-87.873,42.9892],[-87.8728,42.9891],[-87.8726,42.989],[-87.8724,42.9889],[-87.8724,42.9888],[-87.8722,42.9887],[-87.8722,42.9887],[-87.872,42.9886],[-87.872,42.9884],[-87.8718,42.9883],[-87.8716,42.9882],[-87.8715,42.9882],[-87.8713,42.9881],[-87.8712,42.9881],[-87.8711,42.988],[-87.871,42.988],[-87.871,42.9879],[-87.8709,42.9879],[-87.8709,42.9879],[-87.8708,42.9878],[-87.8707,42.9878],[-87.8707,42.9878],[-87.8705,42.9877],[-87.8704,42.9876],[-87.8704,42.9876],[-87.8703,42.9876],[-87.8702,42.9875],[-87.8701,42.9875],[-87.8701,42.9875],[-87.87,42.9874],[-87.8699,42.9873],[-87.8698,42.9873],[-87.8698,42.9873],[-87.8696,42.9872],[-87.8696,42.9872],[-87.8694,42.9871],[-87.8694,42.9871],[-87.8694,42.9871],[-87.8693,42.987],[-87.8691,42.9869],[-87.869,42.9869],[-87.869,42.9868],[-87.8689,42.9868],[-87.8689,42.9868],[-87.8688,42.9868],[-87.8688,42.9868],[-87.8687,42.9867],[-87.8697,42.9861],[-87.8701,42.9858],[-87.8709,42.9865],[-87.8713,42.9867],[-87.8744,42.985],[-87.8745,42.9845],[-87.8745,42.9827],[-87.8745,42.9809],[-87.8746,42.9805],[-87.8793,42.9805],[-87.8797,42.9805],[-87.8802,42.9805],[-87.8802,42.9805],[-87.882,42.9805],[-87.8819,42.9804],[-87.8824,42.9802],[-87.8827,42.9805],[-87.883,42.9805],[-87.8831,42.9806],[-87.8867,42.9806],[-87.8867,42.9805],[-87.8868,42.9805],[-87.8868,42.9806],[-87.8887,42.9806],[-87.8888,42.9801],[-87.8888,42.9792],[-87.8888,42.9787],[-87.8882,42.9787],[-87.887,42.9787],[-87.887,42.9783],[-87.887,42.9766],[-87.8864,42.9766],[-87.8864,42.9764],[-87.8864,42.9746],[-87.8864,42.9737],[-87.8863,42.9737],[-87.8863,42.9728],[-87.8865,42.9728],[-87.8865,42.9719],[-87.8871,42.9719],[-87.8883,42.9719],[-87.8883,42.9733],[-87.8892,42.9733],[-87.8892,42.9719],[-87.8892,42.9718],[-87.8895,42.9718],[-87.8895,42.9719],[-87.8907,42.9718],[-87.8907,42.9718],[-87.8907,42.9711],[-87.8895,42.9711],[-87.8895,42.9707],[-87.8907,42.9708],[-87.8907,42.9707],[-87.8918,42.9708],[-87.8929,42.9708],[-87.8929,42.9714],[-87.8918,42.9714],[-87.8918,42.9718],[-87.8918,42.9728],[-87.8918,42.9733],[-87.8939,42.9733],[-87.894,42.9728],[-87.894,42.9719],[-87.894,42.9709],[-87.894,42.9698],[-87.894,42.9664],[-87.894,42.9661],[-87.8946,42.9664],[-87.8958,42.9669],[-87.8971,42.9675],[-87.8979,42.9678],[-87.8983,42.968],[-87.8996,42.9685],[-87.9007,42.9691],[-87.9014,42.9695],[-87.9025,42.9701],[-87.9036,42.9708],[-87.904,42.971],[-87.9042,42.9712],[-87.9045,42.9714],[-87.9048,42.9719],[-87.9049,42.9719],[-87.9051,42.9724],[-87.9052,42.9728],[-87.9055,42.9737],[-87.9076,42.9737],[-87.9094,42.9738],[-87.9095,42.9738],[-87.9095,42.9738],[-87.9095,42.9755],[-87.9095,42.9765],[-87.9094,42.9774],[-87.9094,42.9776],[-87.9094,42.9779],[-87.9094,42.9783],[-87.9094,42.9792],[-87.9094,42.981],[-87.9107,42.981],[-87.9119,42.981],[-87.9131,42.981],[-87.9143,42.981],[-87.9155,42.981],[-87.9155,42.9814],[-87.9155,42.9823],[-87.9163,42.9822],[-87.9169,42.982],[-87.9175,42.9819],[-87.9184,42.9817],[-87.9192,42.9816],[-87.9199,42.9815],[-87.9216,42.9813],[-87.923,42.9812],[-87.9241,42.981],[-87.9252,42.981],[-87.9265,42.981],[-87.9277,42.981],[-87.9289,42.981],[-87.9303,42.981],[-87.9316,42.9811],[-87.9316,42.9811],[-87.9316,42.9811],[-87.9316,42.9812],[-87.9316,42.9829],[-87.9315,42.9847],[-87.9327,42.9847],[-87.9338,42.9847],[-87.9349,42.9847],[-87.9361,42.9848],[-87.9373,42.9848],[-87.9386,42.9848],[-87.9386,42.9849],[-87.9385,42.9866],[-87.9384,42.9884],[-87.9384,42.9913],[-87.9384,42.9915],[-87.9384,42.9934],[-87.9346,42.9936],[-87.9337,42.9937],[-87.9326,42.9938],[-87.9313,42.9938],[-87.93,42.9939],[-87.93,42.994],[-87.9299,42.9956],[-87.9296,42.9956],[-87.9286,42.9955],[-87.9273,42.9955],[-87.9261,42.9955],[-87.9249,42.9955],[-87.9249,42.9973],[-87.9249,42.9974],[-87.9249,42.9974],[-87.9249,42.9976],[-87.9248,42.9992],[-87.9248,43.0013],[-87.9236,43.0013],[-87.9224,43.0013],[-87.9212,43.0013],[-87.92,43.0013],[-87.9187,43.0013],[-87.9187,43.0018],[-87.9186,43.0018],[-87.9178,43.0018],[-87.9172,43.0018],[-87.9171,43.0018],[-87.9169,43.0016],[-87.9163,43.001],[-87.9159,43.0007],[-87.9155,43.0003],[-87.9154,43.0002],[-87.9152,43.0001],[-87.9145,42.9994],[-87.9142,42.9992],[-87.9142,42.9992],[-87.9141,42.9991],[-87.9141,42.9991],[-87.9138,42.9988],[-87.9137,42.9987],[-87.9135,42.9985],[-87.9133,42.9983],[-87.9132,42.9981],[-87.9131,42.9979],[-87.9129,42.9978],[-87.9128,42.9976],[-87.9128,42.9976],[-87.9128,42.9975],[-87.9126,42.9973],[-87.9126,42.9973],[-87.9125,42.9975],[-87.9123,42.998],[-87.9117,42.9992],[-87.9116,43.0004],[-87.9114,43.0018],[-87.9113,43.0023],[-87.9113,43.0029],[-87.9119,43.0029],[-87.914,43.0052],[-87.9139,43.0065]]]]}},{"type":"Feature","properties":{"tenant":"milwaukee","slug":"milwaukee","city":"Milwaukee","district":15},"geometry":{"type":"MultiPolygon","coordinates":[[[[-87.9541,43.0716],[-87.9539,43.0716],[-87.9529,43.0716],[-87.9527,43.0716],[-87.9525,43.0716],[-87.951,43.0716],[-87.9507,43.0716],[-87.9498,43.0716],[-87.9485,43.0716],[-87.9473,43.0716],[-87.946,43.0715],[-87.9448,43.0715],[-87.9436,43.0715],[-87.9423,43.0715],[-87.9411,43.0715],[-87.9399,43.0715],[-87.9386,43.0715],[-87.938,43.0714],[-87.9374,43.0714],[-87.9367,43.0714],[-87.9355,43.0714],[-87.9343,43.0714],[-87.9331,43.0714],[-87.9321,43.0714],[-87.9318,43.0714],[-87.9313,43.0713],[-87.931,43.0713],[-87.9306,43.0713],[-87.9303,43.0713],[-87.9292,43.0712],[-87.9275,43.0712],[-87.9267,43.0712],[-87.9259,43.0712],[-87.9253,43.0712],[-87.9247,43.0712],[-87.9239,43.0712],[-87.9225,43.0712],[-87.9216,43.0712],[-87.9214,43.0712],[-87.9206,43.0712],[-87.9206,43.0712],[-87.9206,43.071],[-87.9206,43.0706],[-87.9206,43.0676],[-87.9206,43.0639],[-87.9206,43.063],[-87.9206,43.0621],[-87.9206,43.0615],[-87.9206,43.0612],[-87.9207,43.0608],[-87.9209,43.0603],[-87.9209,43.0603],[-87.9211,43.0601],[-87.9212,43.0599],[-87.9214,43.0597],[-87.9216,43.0595],[-87.9218,43.0594],[-87.922,43.0592],[-87.9224,43.059],[-87.9226,43.0589],[-87.9236,43.0581],[-87.9239,43.0578],[-87.9242,43.0575],[-87.9242,43.0574],[-87.9243,43.0572],[-87.9245,43.0569],[-87.9246,43.0565],[-87.9246,43.0565],[-87.9248,43.0557],[-87.925,43.0547],[-87.9252,43.0532],[-87.9253,43.0526],[-87.9253,43.0518],[-87.9253,43.0512],[-87.9253,43.0512],[-87.9254,43.0507],[-87.9254,43.0506],[-87.9255,43.0499],[-87.9256,43.05],[-87.9259,43.0502],[-87.9262,43.0503],[-87.9263,43.0505],[-87.9265,43.0507],[-87.9267,43.0509],[-87.927,43.0513],[-87.9271,43.0499],[-87.9271,43.0495],[-87.9271,43.0485],[-87.9278,43.0485],[-87.9286,43.0485],[-87.93,43.0485],[-87.9307,43.0485],[-87.9314,43.0486],[-87.9327,43.0486],[-87.9339,43.0486],[-87.9352,43.0486],[-87.9377,43.0486],[-87.9378,43.0443],[-87.939,43.0443],[-87.939,43.0441],[-87.939,43.0434],[-87.939,43.0432],[-87.9391,43.0432],[-87.9392,43.0432],[-87.9392,43.0432],[-87.9393,43.0432],[-87.9395,43.0432],[-87.9401,43.0432],[-87.9402,43.0432],[-87.9405,43.0432],[-87.9412,43.0432],[-87.9415,43.0432],[-87.9418,43.0432],[-87.9425,43.0432],[-87.9428,43.0432],[-87.9428,43.0434],[-87.9428,43.0441],[-87.9428,43.0443],[-87.9428,43.0443],[-87.943,43.0443],[-87.9436,43.0443],[-87.9438,43.0443],[-87.944,43.0443],[-87.9447,43.0443],[-87.9449,43.0443],[-87.9451,43.0443],[-87.946,43.0443],[-87.9462,43.0443],[-87.9465,43.0444],[-87.9472,43.0444],[-87.9474,43.0445],[-87.9477,43.0445],[-87.9477,43.0448],[-87.9477,43.0456],[-87.9477,43.0459],[-87.9477,43.0461],[-87.9477,43.047],[-87.9477,43.0473],[-87.9477,43.0475],[-87.9477,43.0482],[-87.9477,43.0484],[-87.9477,43.0486],[-87.9488,43.0486],[-87.95,43.0487],[-87.9512,43.0487],[-87.9524,43.0487],[-87.9535,43.0487],[-87.9552,43.0487],[-87.9555,43.0487],[-87.9564,43.0487],[-87.9576,43.0487],[-87.9576,43.0476],[-87.9576,43.0473],[-87.9576,43.0459],[-87.9576,43.0445],[-87.9576,43.0438],[-87.9576,43.0433],[-87.9576,43.0417],[-87.9576,43.0403],[-87.9576,43.0388],[-87.959,43.0388],[-87.9607,43.0387],[-87.9612,43.0388],[-87.9616,43.0388],[-87.9627,43.0388],[-87.965,43.0388],[-87.9651,43.0389],[-87.9652,43.039],[-87.9654,43.0391],[-87.9656,43.0393],[-87.966,43.0394],[-87.9663,43.0396],[-87.9666,43.0397],[-87.9669,43.0399],[-87.967,43.04],[-87.9673,43.0402],[-87.9674,43.0404],[-87.9671,43.0423],[-87.9669,43.043],[-87.9669,43.0432],[-87.9667,43.0437],[-87.9666,43.0438],[-87.9665,43.044],[-87.9663,43.0442],[-87.9662,43.0444],[-87.9659,43.0446],[-87.9656,43.0449],[-87.9653,43.0451],[-87.9649,43.0453],[-87.9654,43.0459],[-87.9654,43.0468],[-87.9654,43.0488],[-87.967,43.0488],[-87.9681,43.0488],[-87.9691,43.0488],[-87.9702,43.0488],[-87.9713,43.0488],[-87.9719,43.0488],[-87.9719,43.0492],[-87.9718,43.0494],[-87.9718,43.0497],[-87.9718,43.0526],[-87.9724,43.0529],[-87.9724,43.0552],[-87.9724,43.0555],[-87.9724,43.0571],[-87.9735,43.0571],[-87.9747,43.0571],[-87.9761,43.0571],[-87.9775,43.0571],[-87.9787,43.0571],[-87.9787,43.0593],[-87.9787,43.0607],[-87.9787,43.0625],[-87.9787,43.0635],[-87.9798,43.0642],[-87.9801,43.0643],[-87.9798,43.0643],[-87.9798,43.0661],[-87.9798,43.068],[-87.9786,43.068],[-87.9774,43.068],[-87.9761,43.068],[-87.9749,43.0679],[-87.9737,43.0679],[-87.9724,43.0679],[-87.9711,43.0679],[-87.9699,43.0679],[-87.9687,43.0679],[-87.9674,43.0679],[-87.9674,43.0697],[-87.9674,43.0715],[-87.9657,43.0715],[-87.9644,43.0715],[-87.9633,43.0715],[-87.9621,43.0715],[-87.9609,43.0715],[-87.9597,43.0715],[-87.9585,43.0715],[-87.9573,43.0716],[-87.9561,43.0716],[-87.9551,43.0716],[-87.9541,43.0716]]]]}},{"type":"Feature","properties":{"tenant":"westalliswi","slug":"west-allis","city":"West Allis","district":1},"geometry":{"type":"MultiPolygon","coordinates":[[[[-87.9974,43.0243],[-87.9974,43.0242],[-88.0,43.0242],[-88.0,43.024],[-88.0,43.0239],[-88.0,43.0237],[-88.0,43.0232],[-88.0,43.0212],[-88.0,43.021],[-88.0,43.0205],[-88.0,43.0204],[-88.0,43.02],[-88.0,43.0189],[-88.0001,43.0185],[-88.0001,43.0181],[-88.0001,43.017],[-88.0001,43.0166],[-88.0001,43.0166],[-88.0002,43.0166],[-88.0002,43.0166],[-88.0002,43.0163],[-88.0002,43.0153],[-88.0002,43.015],[-88.0002,43.0148],[-88.0002,43.0143],[-88.0002,43.0142],[-88.0002,43.0139],[-88.0002,43.0132],[-88.0003,43.013],[-88.0003,43.0128],[-88.0003,43.0123],[-88.0003,43.0122],[-88.0,43.0122],[-87.9993,43.0122],[-87.9991,43.0122],[-87.9989,43.0122],[-87.9982,43.0122],[-87.9979,43.0122],[-87.9979,43.0118],[-87.9979,43.0106],[-87.998,43.0102],[-87.998,43.0102],[-87.998,43.0101],[-87.998,43.01],[-87.998,43.01],[-87.998,43.0099],[-87.998,43.0098],[-87.998,43.0095],[-87.998,43.0085],[-87.998,43.0082],[-87.998,43.0078],[-87.998,43.0067],[-87.998,43.0063],[-87.998,43.006],[-87.998,43.0049],[-87.998,43.0046],[-87.998,43.0042],[-87.998,43.0032],[-87.998,43.0028],[-87.9979,43.0028],[-87.9975,43.0028],[-87.9975,43.0027],[-87.9974,43.0028],[-87.9974,43.0028],[-87.9973,43.0028],[-87.9972,43.0029],[-87.997,43.003],[-87.9969,43.0031],[-87.9969,43.003],[-87.9969,43.0029],[-87.9969,43.0028],[-87.9966,43.0028],[-87.9959,43.0028],[-87.9957,43.0028],[-87.9955,43.0028],[-87.9948,43.0028],[-87.9945,43.0028],[-87.9945,43.0025],[-87.9946,43.0014],[-87.9946,43.001],[-87.9946,43.0007],[-87.9946,42.9996],[-87.9946,42.9992],[-87.9945,42.9989],[-87.9945,42.9988],[-87.9934,42.9988],[-87.9924,42.9988],[-87.9913,42.9988],[-87.9907,42.9988],[-87.9901,42.9988],[-87.9896,42.9988],[-87.9896,42.9987],[-87.989,42.9987],[-87.989,42.9986],[-87.9883,42.9986],[-87.9883,42.9978],[-87.9883,42.9978],[-87.9878,42.9978],[-87.9877,42.9978],[-87.9876,42.9978],[-87.9876,42.9975],[-87.9874,42.9975],[-87.9872,42.9975],[-87.9871,42.9975],[-87.987,42.9975],[-87.9869,42.9975],[-87.9868,42.9975],[-87.9867,42.9976],[-87.9867,42.9976],[-87.9866,42.9976],[-87.9865,42.9976],[-87.9864,42.9976],[-87.9863,42.9977],[-87.9862,42.9977],[-87.9861,42.9978],[-87.986,42.9978],[-87.9859,42.9978],[-87.9858,42.9979],[-87.9857,42.998],[-87.9856,42.998],[-87.9855,42.9981],[-87.9854,42.9981],[-87.9853,42.9982],[-87.9853,42.9983],[-87.9852,42.9983],[-87.9852,42.9984],[-87.9851,42.9985],[-87.985,42.9986],[-87.985,42.9986],[-87.9849,42.9987],[-87.9849,42.9988],[-87.9849,42.9989],[-87.9848,42.999],[-87.9848,42.999],[-87.9847,42.9991],[-87.9847,42.9992],[-87.9846,42.9992],[-87.9846,42.9993],[-87.9844,42.9993],[-87.9777,42.9993],[-87.9776,43.0027],[-87.9776,43.0029],[-87.9768,43.0029],[-87.9757,43.0029],[-87.9776,43.0035],[-87.9776,43.0049],[-87.9775,43.0074],[-87.9775,43.0083],[-87.9764,43.0083],[-87.9764,43.0095],[-87.9764,43.0102],[-87.9794,43.0102],[-87.9821,43.0102],[-87.9821,43.0119],[-87.9821,43.0121],[-87.9827,43.0117],[-87.9827,43.0123],[-87.9826,43.0136],[-87.9826,43.0143],[-87.9826,43.016],[-87.9826,43.0167],[-87.9826,43.0183],[-87.9824,43.0184],[-87.9824,43.0187],[-87.9824,43.02],[-87.9824,43.0208],[-87.9824,43.0226],[-87.9824,43.0241],[-87.9824,43.0241],[-87.9826,43.0241],[-87.9827,43.0241],[-87.9829,43.0241],[-87.9832,43.0241],[-87.9836,43.024],[-87.9837,43.024],[-87.9841,43.024],[-87.9842,43.024],[-87.9853,43.024],[-87.9855,43.024],[-87.9857,43.024],[-87.9858,43.024],[-87.986,43.024],[-87.9861,43.024],[-87.9863,43.024],[-87.9864,43.024],[-87.9867,43.0241],[-87.9875,43.0241],[-87.9875,43.0241],[-87.9884,43.0241],[-87.9896,43.0241],[-87.99,43.0241],[-87.9921,43.0241],[-87.9942,43.0242],[-87.9947,43.0242],[-87.995,43.0242],[-87.9966,43.0243],[-87.9974,43.0243]]]]}},{"type":"Feature","properties":{"tenant":"westalliswi","slug":"west-allis","city":"West Allis","district":2},"geometry":{"type":"MultiPolygon","coordinates":[[[[-88.0073,43.0241],[-88.0075,43.0241],[-88.0083,43.0241],[-88.0085,43.024],[-88.0086,43.024],[-88.0086,43.0242],[-88.0114,43.0241],[-88.0173,43.0239],[-88.0173,43.0237],[-88.0173,43.0232],[-88.0173,43.023],[-88.0173,43.0227],[-88.0173,43.0219],[-88.0173,43.0216],[-88.0173,43.0213],[-88.0172,43.0202],[-88.0172,43.0198],[-88.0172,43.0192],[-88.0172,43.0183],[-88.0172,43.0172],[-88.0172,43.0165],[-88.0171,43.0161],[-88.0171,43.016],[-88.0171,43.0145],[-88.0171,43.014],[-88.0171,43.0138],[-88.0171,43.0131],[-88.0171,43.0129],[-88.0171,43.0129],[-88.0171,43.0127],[-88.0171,43.012],[-88.0171,43.0117],[-88.0171,43.0115],[-88.0171,43.0113],[-88.0172,43.0108],[-88.0172,43.0106],[-88.0172,43.0106],[-88.0172,43.0105],[-88.0172,43.0104],[-88.0172,43.0102],[-88.0172,43.01],[-88.0172,43.0099],[-88.0172,43.0098],[-88.0172,43.0091],[-88.0172,43.0082],[-88.0172,43.0081],[-88.0172,43.0078],[-88.0172,43.0077],[-88.0172,43.0076],[-88.0172,43.0065],[-88.0173,43.0063],[-88.0173,43.006],[-88.0173,43.0058],[-88.0173,43.0044],[-88.0173,43.0039],[-88.0173,43.0037],[-88.0173,43.0029],[-88.0173,43.0027],[-88.0171,43.0027],[-88.0168,43.0027],[-88.0164,43.0027],[-88.0162,43.0027],[-88.016,43.0027],[-88.0154,43.0027],[-88.0151,43.0027],[-88.0149,43.0027],[-88.0145,43.0027],[-88.0143,43.0027],[-88.0141,43.0027],[-88.0141,43.0023],[-88.0141,43.0013],[-88.0141,43.0009],[-88.0139,43.0009],[-88.0131,43.0009],[-88.0129,43.0009],[-88.0126,43.0009],[-88.0119,43.0009],[-88.0116,43.0009],[-88.0113,43.0009],[-88.0105,43.0009],[-88.0102,43.0009],[-88.0099,43.0009],[-88.009,43.0009],[-88.0087,43.0009],[-88.0085,43.0009],[-88.0077,43.0009],[-88.0075,43.0009],[-88.0073,43.0009],[-88.0066,43.0009],[-88.0063,43.0009],[-88.0061,43.0009],[-88.0054,43.001],[-88.0052,43.001],[-88.0049,43.001],[-88.0042,43.001],[-88.004,43.001],[-88.0038,43.001],[-88.003,43.001],[-88.0028,43.001],[-88.0025,43.0011],[-88.0018,43.0015],[-88.0016,43.0016],[-88.0013,43.0018],[-88.0008,43.0021],[-88.0006,43.0022],[-88.0005,43.0023],[-88.0004,43.0024],[-88.0004,43.0025],[-88.0004,43.0027],[-88.0004,43.0028],[-88.0002,43.0028],[-87.9995,43.0028],[-87.9992,43.0028],[-87.9992,43.0028],[-87.9991,43.0028],[-87.999,43.0028],[-87.9988,43.0028],[-87.9982,43.0028],[-87.998,43.0028],[-87.998,43.0032],[-87.998,43.0042],[-87.998,43.0046],[-87.998,43.0049],[-87.998,43.006],[-87.998,43.0063],[-87.998,43.0067],[-87.998,43.0078],[-87.998,43.0082],[-87.998,43.0085],[-87.998,43.0095],[-87.998,43.0098],[-87.998,43.0099],[-87.998,43.01],[-87.998,43.01],[-87.998,43.0101],[-87.998,43.0102],[-87.998,43.0102],[-87.9979,43.0106],[-87.9979,43.0118],[-87.9979,43.0122],[-87.9982,43.0122],[-87.9989,43.0122],[-87.9991,43.0122],[-87.9993,43.0122],[-88.0,43.0122],[-88.0003,43.0122],[-88.0003,43.0123],[-88.0003,43.0128],[-88.0003,43.013],[-88.0002,43.0132],[-88.0002,43.0139],[-88.0002,43.0142],[-88.0002,43.0143],[-88.0002,43.0148],[-88.0002,43.015],[-88.0002,43.0153],[-88.0002,43.0163],[-88.0002,43.0166],[-88.0002,43.0166],[-88.0001,43.0166],[-88.0001,43.0166],[-88.0001,43.017],[-88.0001,43.0181],[-88.0001,43.0185],[-88.0,43.0189],[-88.0,43.02],[-88.0,43.0204],[-88.0,43.0205],[-88.0,43.021],[-88.0,43.0212],[-88.0,43.0232],[-88.0,43.0237],[-88.0,43.0239],[-88.0,43.024],[-88.0,43.0242],[-88.0021,43.0242],[-88.0034,43.0242],[-88.0047,43.0242],[-88.0063,43.0242],[-88.0072,43.0242],[-88.0072,43.0241],[-88.0073,43.0241]]]]}},{"type":"Feature","properties":{"tenant":"westalliswi","slug":"west-allis","city":"West Allis","district":3},"geometry":{"type":"MultiPolygon","coordinates":[[[[-88.0449,43.0267],[-88.0451,43.0268],[-88.0454,43.0269],[-88.0456,43.027],[-88.0454,43.0263],[-88.045,43.0249],[-88.0449,43.0244],[-88.0447,43.0237],[-88.0446,43.0235],[-88.0445,43.0229],[-88.0444,43.0226],[-88.0442,43.0217],[-88.044,43.0208],[-88.0438,43.0201],[-88.0437,43.0194],[-88.0437,43.0194],[-88.0436,43.0191],[-88.0434,43.0183],[-88.0434,43.0182],[-88.0433,43.0177],[-88.0433,43.0176],[-88.0432,43.0174],[-88.0432,43.0174],[-88.0432,43.0173],[-88.043,43.0166],[-88.043,43.0164],[-88.0428,43.0157],[-88.0428,43.0156],[-88.0427,43.0152],[-88.0426,43.0148],[-88.0425,43.0141],[-88.0423,43.0134],[-88.0423,43.0133],[-88.0421,43.0127],[-88.042,43.0123],[-88.042,43.0121],[-88.0419,43.0119],[-88.0419,43.0117],[-88.0418,43.0117],[-88.0417,43.0115],[-88.0416,43.0114],[-88.0415,43.0112],[-88.0413,43.011],[-88.0411,43.0108],[-88.0409,43.0106],[-88.0407,43.0105],[-88.0405,43.0104],[-88.0402,43.0103],[-88.04,43.0102],[-88.0397,43.0101],[-88.0395,43.0101],[-88.0392,43.01],[-88.0391,43.01],[-88.039,43.01],[-88.0386,43.01],[-88.038,43.01],[-88.0378,43.01],[-88.0373,43.01],[-88.037,43.01],[-88.037,43.01],[-88.037,43.01],[-88.037,43.0098],[-88.0375,43.0074],[-88.0378,43.0058],[-88.0379,43.0052],[-88.0381,43.0046],[-88.0382,43.0038],[-88.0384,43.0031],[-88.0384,43.0025],[-88.0383,43.0025],[-88.0382,43.0025],[-88.0381,43.0025],[-88.0374,43.0026],[-88.0371,43.0026],[-88.037,43.0026],[-88.0368,43.0026],[-88.0361,43.0026],[-88.0358,43.0026],[-88.0356,43.0026],[-88.0348,43.0026],[-88.0346,43.0026],[-88.0343,43.0026],[-88.0336,43.0026],[-88.0334,43.0026],[-88.0331,43.0026],[-88.0324,43.0026],[-88.0321,43.0026],[-88.0319,43.0026],[-88.0314,43.0026],[-88.0312,43.0026],[-88.0312,43.0026],[-88.0311,43.0026],[-88.0311,43.0026],[-88.0309,43.0026],[-88.0309,43.0026],[-88.0306,43.0026],[-88.0299,43.0026],[-88.0297,43.0026],[-88.0294,43.0026],[-88.0287,43.0026],[-88.0284,43.0026],[-88.0282,43.0026],[-88.0274,43.0026],[-88.0272,43.0026],[-88.027,43.0026],[-88.0262,43.0026],[-88.026,43.0026],[-88.026,43.0026],[-88.0257,43.0026],[-88.0251,43.0027],[-88.0248,43.0027],[-88.0246,43.0027],[-88.0238,43.0027],[-88.0235,43.0027],[-88.0233,43.0027],[-88.0225,43.0027],[-88.0223,43.0027],[-88.0218,43.0027],[-88.0203,43.0027],[-88.0199,43.0027],[-88.0196,43.0027],[-88.0189,43.0027],[-88.0186,43.0027],[-88.0184,43.0027],[-88.0176,43.0027],[-88.0173,43.0027],[-88.0173,43.0029],[-88.0173,43.0037],[-88.0173,43.0039],[-88.0173,43.0044],[-88.0173,43.0058],[-88.0173,43.006],[-88.0173,43.0063],[-88.0172,43.0065],[-88.0172,43.0076],[-88.0172,43.0077],[-88.0172,43.0078],[-88.0172,43.0081],[-88.0172,43.0082],[-88.0172,43.0091],[-88.0172,43.0098],[-88.0172,43.0099],[-88.0172,43.01],[-88.0172,43.0102],[-88.0172,43.0104],[-88.0172,43.0105],[-88.0172,43.0106],[-88.0172,43.0106],[-88.0172,43.0108],[-88.0171,43.0113],[-88.0171,43.0115],[-88.0171,43.0117],[-88.0171,43.012],[-88.0171,43.0127],[-88.0171,43.0129],[-88.0171,43.0129],[-88.0171,43.0131],[-88.0171,43.0138],[-88.0171,43.014],[-88.0171,43.0145],[-88.0171,43.016],[-88.0171,43.0161],[-88.0172,43.0165],[-88.0172,43.0172],[-88.0172,43.0183],[-88.0172,43.0192],[-88.0172,43.0198],[-88.0172,43.0202],[-88.0173,43.0213],[-88.0173,43.0216],[-88.0173,43.0219],[-88.0173,43.0227],[-88.0173,43.023],[-88.0173,43.0232],[-88.0173,43.0237],[-88.0173,43.0239],[-88.0175,43.0239],[-88.0235,43.0239],[-88.0243,43.0238],[-88.0243,43.0243],[-88.0249,43.0243],[-88.0252,43.0243],[-88.0252,43.0243],[-88.0252,43.0249],[-88.0256,43.0249],[-88.0259,43.0249],[-88.0261,43.025],[-88.0262,43.025],[-88.0265,43.025],[-88.0268,43.025],[-88.0271,43.025],[-88.0275,43.0249],[-88.0278,43.0249],[-88.0278,43.025],[-88.0282,43.025],[-88.0284,43.025],[-88.0288,43.025],[-88.0292,43.025],[-88.0294,43.025],[-88.0298,43.025],[-88.0301,43.025],[-88.0303,43.025],[-88.0312,43.025],[-88.0352,43.0251],[-88.037,43.0252],[-88.0374,43.0252],[-88.0379,43.0252],[-88.038,43.0252],[-88.038,43.0252],[-88.0381,43.0252],[-88.0381,43.0252],[-88.0382,43.0252],[-88.0383,43.0252],[-88.0383,43.0252],[-88.0384,43.0252],[-88.0385,43.0252],[-88.0385,43.0252],[-88.0386,43.0252],[-88.0387,43.0253],[-88.0387,43.0253],[-88.0388,43.0253],[-88.0388,43.0253],[-88.0389,43.0253],[-88.039,43.0253],[-88.039,43.0253],[-88.0393,43.0253],[-88.0393,43.0253],[-88.0394,43.0253],[-88.0395,43.0253],[-88.0396,43.0254],[-88.0396,43.0254],[-88.0397,43.0254],[-88.0398,43.0254],[-88.0399,43.0254],[-88.0399,43.0254],[-88.04,43.0254],[-88.0401,43.0254],[-88.0402,43.0254],[-88.0402,43.0254],[-88.0403,43.0255],[-88.0404,43.0255],[-88.0405,43.0255],[-88.0405,43.0255],[-88.0406,43.0255],[-88.0411,43.0256],[-88.0417,43.0257],[-88.0417,43.0257],[-88.0418,43.0257],[-88.0418,43.0257],[-88.0419,43.0257],[-88.0419,43.0257],[-88.042,43.0257],[-88.042,43.0258],[-88.0421,43.0258],[-88.0421,43.0258],[-88.0422,43.0258],[-88.0422,43.0258],[-88.0423,43.0258],[-88.0423,43.0258],[-88.0424,43.0258],[-88.0424,43.0259],[-88.0425,43.0259],[-88.0425,43.0259],[-88.0426,43.0259],[-88.0426,43.0259],[-88.0427,43.0259],[-88.0427,43.0259],[-88.0428,43.0259],[-88.0428,43.026],[-88.0429,43.026],[-88.0429,43.026],[-88.0435,43.0262],[-88.0438,43.0263],[-88.044,43.0263],[-88.0447,43.0266],[-88.0449,43.0267],[-88.0449,43.0267]]]]}},{"type":"Feature","properties":{"tenant":"westalliswi","slug":"west-allis","city":"West Allis","district":4},"geometry":{"type":"MultiPolygon","coordinates":[[[[-88.002,42.9903],[-88.002,42.9904],[-88.002,42.9905],[-88.002,42.9906],[-88.002,42.991],[-88.002,42.9919],[-88.002,42.9937],[-88.0019,42.9955],[-88.0019,42.9956],[-88.0018,42.9982],[-88.0018,42.999],[-88.0016,42.999],[-88.0014,42.999],[-88.0012,42.999],[-88.0007,42.999],[-88.0006,42.999],[-88.0002,42.999],[-88.0001,42.999],[-88.0,42.999],[-88.0001,42.9989],[-88.0001,42.9988],[-87.9991,42.9988],[-87.998,42.9988],[-87.998,42.999],[-87.9976,42.999],[-87.9975,42.999],[-87.9975,42.9988],[-87.9975,42.9988],[-87.9958,42.9988],[-87.9953,42.9988],[-87.9951,42.9988],[-87.9945,42.9988],[-87.9945,42.9989],[-87.9946,42.9992],[-87.9946,42.9996],[-87.9946,43.0007],[-87.9946,43.001],[-87.9946,43.0014],[-87.9945,43.0025],[-87.9945,43.0028],[-87.9948,43.0028],[-87.9955,43.0028],[-87.9957,43.0028],[-87.9959,43.0028],[-87.9966,43.0028],[-87.9969,43.0028],[-87.9969,43.0029],[-87.9969,43.003],[-87.9969,43.0031],[-87.997,43.003],[-87.9972,43.0029],[-87.9973,43.0028],[-87.9974,43.0028],[-87.9974,43.0028],[-87.9975,43.0027],[-87.9975,43.0028],[-87.9979,43.0028],[-87.998,43.0028],[-87.9982,43.0028],[-87.9988,43.0028],[-87.999,43.0028],[-87.9991,43.0028],[-87.9992,43.0028],[-87.9992,43.0028],[-87.9995,43.0028],[-88.0002,43.0028],[-88.0004,43.0028],[-88.0004,43.0027],[-88.0004,43.0025],[-88.0004,43.0024],[-88.0005,43.0023],[-88.0006,43.0022],[-88.0008,43.0021],[-88.0013,43.0018],[-88.0016,43.0016],[-88.0018,43.0015],[-88.0025,43.0011],[-88.0028,43.001],[-88.003,43.001],[-88.0038,43.001],[-88.004,43.001],[-88.0042,43.001],[-88.0049,43.001],[-88.0052,43.001],[-88.0054,43.001],[-88.0061,43.0009],[-88.0063,43.0009],[-88.0066,43.0009],[-88.0073,43.0009],[-88.0075,43.0009],[-88.0077,43.0009],[-88.0085,43.0009],[-88.0087,43.0009],[-88.009,43.0009],[-88.0099,43.0009],[-88.0102,43.0009],[-88.0105,43.0009],[-88.0113,43.0009],[-88.0116,43.0009],[-88.0119,43.0009],[-88.0126,43.0009],[-88.0129,43.0009],[-88.0131,43.0009],[-88.0139,43.0009],[-88.0141,43.0009],[-88.0141,43.0013],[-88.0141,43.0023],[-88.0141,43.0027],[-88.0143,43.0027],[-88.0145,43.0027],[-88.0149,43.0027],[-88.0151,43.0027],[-88.0154,43.0027],[-88.016,43.0027],[-88.0162,43.0027],[-88.0164,43.0027],[-88.0168,43.0027],[-88.0171,43.0027],[-88.0173,43.0027],[-88.0176,43.0027],[-88.0184,43.0027],[-88.0186,43.0027],[-88.0189,43.0027],[-88.0196,43.0027],[-88.0199,43.0027],[-88.0203,43.0027],[-88.0218,43.0027],[-88.0223,43.0027],[-88.0225,43.0027],[-88.0233,43.0027],[-88.0235,43.0027],[-88.0238,43.0027],[-88.0246,43.0027],[-88.0248,43.0027],[-88.0251,43.0027],[-88.0257,43.0026],[-88.026,43.0026],[-88.026,43.0026],[-88.0262,43.0026],[-88.027,43.0026],[-88.0272,43.0026],[-88.0274,43.0026],[-88.0282,43.0026],[-88.0284,43.0026],[-88.0287,43.0026],[-88.0294,43.0026],[-88.0297,43.0026],[-88.0299,43.0026],[-88.0306,43.0026],[-88.0309,43.0026],[-88.0309,43.0026],[-88.0311,43.0026],[-88.0311,43.0026],[-88.0312,43.0026],[-88.0312,43.0026],[-88.0314,43.0026],[-88.0319,43.0026],[-88.0321,43.0026],[-88.0324,43.0026],[-88.0331,43.0026],[-88.0334,43.0026],[-88.0336,43.0026],[-88.0343,43.0026],[-88.0346,43.0026],[-88.0348,43.0026],[-88.0356,43.0026],[-88.0358,43.0026],[-88.0361,43.0026],[-88.0368,43.0026],[-88.037,43.0026],[-88.0371,43.0026],[-88.0374,43.0026],[-88.0381,43.0025],[-88.0382,43.0025],[-88.0383,43.0025],[-88.0384,43.0025],[-88.0387,43.0025],[-88.0388,43.0025],[-88.0389,43.0025],[-88.039,43.0025],[-88.0394,43.0025],[-88.0395,43.0025],[-88.0398,43.0025],[-88.0405,43.0025],[-88.0407,43.0025],[-88.0412,43.0025],[-88.042,43.0025],[-88.0427,43.0025],[-88.0433,43.0025],[-88.0435,43.0025],[-88.0442,43.0025],[-88.0445,43.0025],[-88.0447,43.0025],[-88.0454,43.0025],[-88.0457,43.0025],[-88.0459,43.0025],[-88.0467,43.0025],[-88.047,43.0025],[-88.047,43.0023],[-88.047,43.0018],[-88.047,43.0016],[-88.047,43.0014],[-88.047,43.0008],[-88.047,43.0006],[-88.047,43.0002],[-88.047,42.9992],[-88.047,42.9989],[-88.047,42.9982],[-88.047,42.9982],[-88.047,42.996],[-88.0471,42.9952],[-88.0471,42.9949],[-88.0471,42.9939],[-88.0471,42.9936],[-88.0471,42.9931],[-88.0471,42.9916],[-88.0471,42.9911],[-88.0471,42.9904],[-88.0471,42.9886],[-88.0471,42.988],[-88.0468,42.988],[-88.0459,42.988],[-88.0456,42.988],[-88.0453,42.988],[-88.0445,42.988],[-88.0443,42.988],[-88.0441,42.988],[-88.0437,42.988],[-88.0436,42.988],[-88.043,42.988],[-88.0429,42.988],[-88.0422,42.988],[-88.0422,42.988],[-88.0422,42.9881],[-88.0411,42.9881],[-88.0402,42.9881],[-88.0388,42.9881],[-88.038,42.9881],[-88.0363,42.9881],[-88.0324,42.9882],[-88.0312,42.9882],[-88.0299,42.9882],[-88.0287,42.9882],[-88.0275,42.9882],[-88.0242,42.9882],[-88.0176,42.9882],[-88.0163,42.9882],[-88.0151,42.9882],[-88.0104,42.9883],[-88.0076,42.9883],[-88.006,42.9883],[-88.0052,42.9883],[-88.0021,42.9883],[-88.0021,42.9885],[-88.0021,42.9893],[-88.002,42.9894],[-88.002,42.9896],[-88.002,42.99],[-88.002,42.9901],[-88.002,42.9903]]]]}},{"type":"Feature","properties":{"tenant":"westalliswi","slug":"west-allis","city":"West Allis","district":5},"geometry":{"type":"MultiPolygon","coordinates":[[[[-88.0459,43.031],[-88.067,43.0309],[-88.067,43.0304],[-88.067,43.0304],[-88.067,43.0303],[-88.067,43.0301],[-88.067,43.0292],[-88.0671,43.0248],[-88.0671,43.0237],[-88.0671,43.0236],[-88.0671,43.0218],[-88.0672,43.021],[-88.0672,43.02],[-88.0672,43.0182],[-88.0673,43.0164],[-88.0673,43.0164],[-88.0674,43.0113],[-88.0675,43.009],[-88.0675,43.0084],[-88.0677,43.0049],[-88.0677,43.0028],[-88.0678,43.0014],[-88.0678,43.0009],[-88.0679,42.9985],[-88.068,42.9955],[-88.0683,42.9902],[-88.0683,42.9888],[-88.0683,42.9883],[-88.0683,42.9882],[-88.0684,42.9862],[-88.0685,42.9837],[-88.0686,42.9812],[-88.0686,42.981],[-88.0686,42.9809],[-88.0683,42.9809],[-88.0678,42.9809],[-88.0599,42.9809],[-88.0572,42.9808],[-88.0536,42.9808],[-88.0499,42.9808],[-88.0474,42.9808],[-88.0474,42.9808],[-88.0473,42.982],[-88.0473,42.9828],[-88.0473,42.9838],[-88.0472,42.9844],[-88.0472,42.9844],[-88.046,42.9844],[-88.0423,42.9845],[-88.0423,42.9858],[-88.0422,42.988],[-88.0429,42.988],[-88.043,42.988],[-88.0436,42.988],[-88.0437,42.988],[-88.0441,42.988],[-88.0443,42.988],[-88.0445,42.988],[-88.0453,42.988],[-88.0456,42.988],[-88.0459,42.988],[-88.0468,42.988],[-88.0471,42.988],[-88.0471,42.9886],[-88.0471,42.9904],[-88.0471,42.9911],[-88.0471,42.9916],[-88.0471,42.9931],[-88.0471,42.9936],[-88.0471,42.9939],[-88.0471,42.9949],[-88.0471,42.9952],[-88.047,42.996],[-88.047,42.9982],[-88.047,42.9982],[-88.047,42.9989],[-88.047,42.9992],[-88.047,43.0002],[-88.047,43.0006],[-88.047,43.0008],[-88.047,43.0014],[-88.047,43.0016],[-88.047,43.0018],[-88.047,43.0023],[-88.047,43.0025],[-88.0467,43.0025],[-88.0459,43.0025],[-88.0457,43.0025],[-88.0454,43.0025],[-88.0447,43.0025],[-88.0445,43.0025],[-88.0442,43.0025],[-88.0435,43.0025],[-88.0433,43.0025],[-88.0427,43.0025],[-88.042,43.0025],[-88.0412,43.0025],[-88.0407,43.0025],[-88.0405,43.0025],[-88.0398,43.0025],[-88.0395,43.0025],[-88.0394,43.0025],[-88.039,43.0025],[-88.0389,43.0025],[-88.0388,43.0025],[-88.0387,43.0025],[-88.0384,43.0025],[-88.0384,43.0031],[-88.0382,43.0038],[-88.0381,43.0046],[-88.0379,43.0052],[-88.0378,43.0058],[-88.0375,43.0074],[-88.037,43.0098],[-88.037,43.01],[-88.037,43.01],[-88.037,43.01],[-88.0373,43.01],[-88.0378,43.01],[-88.038,43.01],[-88.0386,43.01],[-88.039,43.01],[-88.0391,43.01],[-88.0392,43.01],[-88.0395,43.0101],[-88.0397,43.0101],[-88.04,43.0102],[-88.0402,43.0103],[-88.0405,43.0104],[-88.0407,43.0105],[-88.0409,43.0106],[-88.0411,43.0108],[-88.0413,43.011],[-88.0415,43.0112],[-88.0416,43.0114],[-88.0417,43.0115],[-88.0418,43.0117],[-88.0419,43.0117],[-88.0419,43.0119],[-88.042,43.0121],[-88.042,43.0123],[-88.0421,43.0127],[-88.0423,43.0133],[-88.0423,43.0134],[-88.0425,43.0141],[-88.0426,43.0148],[-88.0427,43.0152],[-88.0428,43.0156],[-88.0428,43.0157],[-88.043,43.0164],[-88.043,43.0166],[-88.0432,43.0173],[-88.0432,43.0174],[-88.0432,43.0174],[-88.0433,43.0176],[-88.0433,43.0177],[-88.0434,43.0182],[-88.0434,43.0183],[-88.0436,43.0191],[-88.0437,43.0194],[-88.0437,43.0194],[-88.0438,43.0201],[-88.044,43.0208],[-88.0442,43.0217],[-88.0444,43.0226],[-88.0445,43.0229],[-88.0446,43.0235],[-88.0447,43.0237],[-88.0449,43.0244],[-88.045,43.0249],[-88.0454,43.0263],[-88.0456,43.027],[-88.0454,43.0269],[-88.0451,43.0268],[-88.0449,43.0267],[-88.0459,43.031]]],[[[-88.0573,42.9772],[-88.0573,42.9794],[-88.0604,42.9795],[-88.0604,42.9773],[-88.0573,42.9772]]]]}}]}