{"type":"FeatureCollection","features":[{"type":"Feature","properties":{"ad":1,"sd":1},"geometry":{"type":"MultiPolygon","coordinates":[[[[-87.01371,45.29791],[-87.01308,45.29617],[-87.00753,45.29452],[-87.00273,45.29493],[-86.99981,45.29706],[-86.99711,45.29792],[-86.99332,45.29788],[-86.99051,45.29573],[-86.984,45.29555],[-86.97745,45.29061],[-86.97537,45.28797],[-86.9722,45.28214],[-86.97032,45.28017],[-86.97044,45.27777],[-86.97474,45.27116],[-86.97934,45.2689],[-86.98325,45.26545],[-86.9846,45.2632],[-86.98507,45.26004],[-86.9834,45.25142],[-86.982,45.2484],[-86.97677,45.24595],[-86.97299,45.24649],[-86.9729,45.24531],[-86.97434,45.24449],[-86.9726,45.24386],[-86.97609,45.24124],[-86.98327,45.24004],[-86.98585,45.23628],[-86.98596,45.23247],[-86.98325,45.23155],[-86.98389,45.23017],[-86.98344,45.22936],[-86.98225,45.22835],[-86.97823,45.22765],[-86.97926,45.22612],[-86.97915,45.22472],[-86.98214,45.22326],[-86.98186,45.22212],[-86.98102,45.22193],[-86.9837,45.21998],[-86.98183,45.21817],[-86.98325,45.21808],[-86.98545,45.21564],[-86.98683,45.21518],[-86.99108,45.21718],[-86.98975,45.21739],[-86.99029,45.21774],[-86.99292,45.21732],[-86.99622,45.21413],[-86.99541,45.21309],[-86.99631,45.21248],[-86.99811,45.2136],[-87.00192,45.21169],[-87.00414,45.21242],[-87.00656,45.21678],[-87.00827,45.22424],[-87.01624,45.22928],[-87.02046,45.23057],[-87.02234,45.23324],[-87.02718,45.23347],[-87.0331,45.23255],[-87.03701,45.23105],[-87.03789,45.22933],[-87.04097,45.22937],[-87.03977,45.22834],[-87.04106,45.22809],[-87.03985,45.22821],[-87.03936,45.22698],[-87.03567,45.22496],[-87.0331,45.22455],[-87.0321,45.22318],[-87.03307,45.22209],[-87.035,45.22384],[-87.03699,45.2233],[-87.03784,45.22274],[-87.03778,45.22111],[-87.03586,45.22096],[-87.03423,45.21944],[-87.03163,45.21866],[-87.03253,45.21844],[-87.03361,45.21608],[-87.03286,45.21539],[-87.03274,45.21334],[-87.03505,45.21262],[-87.03446,45.21348],[-87.03512,45.213],[-87.03541,45.21372],[-87.03725,45.2137],[-87.04117,45.21106],[-87.04093,45.20922],[-87.03969,45.20884],[-87.04063,45.20841],[-87.03933,45.2086],[-87.04027,45.20811],[-87.03965,45.20508],[-87.04026,45.20167],[-87.03819,45.19946],[-87.03961,45.19658],[-87.04069,45.18833],[-87.04366,45.18242],[-87.04635,45.17249],[-87.04548,45.16425],[-87.04436,45.16326],[-87.04387,45.16094],[-87.04271,45.16042],[-87.04446,45.16002],[-87.04529,45.15829],[-87.04173,45.15639],[-87.04028,45.1537],[-87.03725,45.15345],[-87.03625,45.15048],[-87.03156,45.15045],[-87.03233,45.1498],[-87.03008,45.14845],[-87.03025,45.14654],[-87.02896,45.14625],[-87.0313,45.1431],[-87.03322,45.14226],[-87.03203,45.14163],[-87.0333,45.14175],[-87.03564,45.14068],[-87.03519,45.14014],[-87.03847,45.13939],[-87.04069,45.13725],[-87.04199,45.13711],[-87.04192,45.13626],[-87.04295,45.13725],[-87.04217,45.13864],[-87.04431,45.13701],[-87.04477,45.13565],[-87.04679,45.13489],[-87.04573,45.1365],[-87.04781,45.1355],[-87.05054,45.13673],[-87.05021,45.13942],[-87.05499,45.1423],[-87.0563,45.1439],[-87.05611,45.14782],[-87.05894,45.14907],[-87.06391,45.1536],[-87.06349,45.155],[-87.06499,45.15653],[-87.06915,45.1579],[-87.06788,45.15661],[-87.06881,45.1569],[-87.06844,45.15568],[-87.06871,45.15721],[-87.06945,45.15745],[-87.06884,45.15714],[-87.06934,45.15626],[-87.07107,45.15707],[-87.07388,45.15602],[-87.07527,45.15661],[-87.07967,45.15574],[-87.07944,45.15077],[-87.08044,45.1501],[-87.07772,45.14756],[-87.08188,45.14713],[-87.08306,45.14626],[-87.08272,45.14579],[-87.08416,45.14531],[-87.08248,45.14114],[-87.07685,45.13513],[-87.07606,45.12898],[-87.07405,45.12724],[-87.0713,45.12644],[-87.06569,45.12617],[-87.0616,45.12366],[-87.05746,45.12483],[-87.05653,45.12115],[-87.05749,45.12094],[-87.0574,45.12001],[-87.05435,45.12013],[-87.05103,45.11657],[-87.04978,45.1109],[-87.0486,45.10881],[-87.04993,45.10419],[-87.05346,45.10191],[-87.05276,45.10177],[-87.05238,45.09957],[-87.05309,45.09893],[-87.05131,45.0991],[-87.05284,45.09805],[-87.05345,45.09621],[-87.05213,45.09627],[-87.05127,45.09732],[-87.05113,45.0964],[-87.0522,45.09602],[-87.04862,45.0948],[-87.04812,45.09276],[-87.04993,45.09214],[-87.05103,45.09039],[-87.04762,45.08808],[-87.05048,45.08764],[-87.05111,45.09012],[-87.05346,45.09089],[-87.05282,45.09285],[-87.05656,45.09358],[-87.05929,45.08973],[-87.05901,45.08858],[-87.05746,45.08843],[-87.05761,45.08702],[-87.05993,45.08414],[-87.06269,45.08331],[-87.06188,45.08157],[-87.06295,45.07951],[-87.06634,45.07852],[-87.06767,45.08005],[-87.06785,45.08192],[-87.06758,45.08374],[-87.06671,45.08432],[-87.06959,45.08423],[-87.07311,45.08744],[-87.07581,45.08753],[-87.07867,45.09051],[-87.07834,45.09131],[-87.08179,45.09598],[-87.08242,45.09521],[-87.08677,45.09547],[-87.09072,45.09447],[-87.09403,45.09226],[-87.09634,45.08931],[-87.09737,45.08701],[-87.09703,45.08343],[-87.09529,45.08054],[-87.09192,45.07863],[-87.08879,45.07836],[-87.08511,45.07918],[-87.08399,45.07577],[-87.08442,45.07303],[-87.08315,45.07227],[-87.0829,45.07081],[-87.0811,45.07071],[-87.07991,45.07358],[-87.07955,45.06773],[-87.08214,45.06674],[-87.08172,45.06535],[-87.08315,45.06631],[-87.08385,45.06592],[-87.08244,45.06476],[-87.08177,45.06527],[-87.08064,45.06468],[-87.0791,45.06266],[-87.07966,45.05815],[-87.08026,45.05779],[-87.08295,45.05905],[-87.08606,45.05833],[-87.0874,45.0558],[-87.09115,45.05589],[-87.09205,45.05403],[-87.09085,45.05273],[-87.09083,45.05108],[-87.09748,45.05522],[-87.12223,45.05824],[-87.12417,45.05759],[-87.12529,45.05375],[-87.12453,45.04923],[-87.12491,45.04265],[-87.12656,45.03973],[-87.1303,45.03611],[-87.13241,45.02587],[-87.1368,45.01989],[-87.13898,45.01281],[-87.15217,45.00981],[-87.16089,45.00647],[-87.16426,45.00435],[-87.16986,44.99658],[-87.17517,44.98589],[-87.18178,44.98116],[-87.18397,44.97619],[-87.18941,44.96853],[-87.18829,44.95987],[-87.18878,44.95657],[-87.18789,44.95587],[-87.18873,44.9513],[-87.18824,44.94818],[-87.18672,44.94589],[-87.18197,44.94328],[-87.1787,44.94253],[-87.17506,44.93991],[-87.17282,44.93606],[-87.17167,44.93141],[-87.17505,44.92744],[-87.18021,44.926],[-87.18369,44.92664],[-87.20411,44.91704],[-87.21239,44.91113],[-87.21542,44.9076],[-87.21724,44.90254],[-87.21714,44.89771],[-87.21378,44.89525],[-87.21251,44.89348],[-87.21227,44.89114],[-87.21016,44.89003],[-87.20619,44.88598],[-87.20747,44.88063],[-87.20498,44.87769],[-87.20494,44.87538],[-87.20681,44.87398],[-87.20885,44.87362],[-87.20988,44.87201],[-87.21375,44.87258],[-87.22268,44.86957],[-87.22456,44.86816],[-87.22593,44.86482],[-87.22963,44.86364],[-87.23588,44.86012],[-87.26068,44.85098],[-87.26709,44.84702],[-87.27116,44.8432],[-87.27579,44.8343],[-87.27739,44.82991],[-87.27727,44.82828],[-87.28025,44.8225],[-87.28256,44.81473],[-87.292,44.81156],[-87.30354,44.80551],[-87.30681,44.80296],[-87.30746,44.80063],[-87.30603,44.79925],[-87.31238,44.79501],[-87.31113,44.79344],[-87.31228,44.79465],[-87.31443,44.79319],[-87.31085,44.79167],[-87.31354,44.79277],[-87.31791,44.78927],[-87.32009,44.7862],[-87.32107,44.7813],[-87.31928,44.77763],[-87.31905,44.77146],[-87.32066,44.76818],[-87.33249,44.75388],[-87.3356,44.74889],[-87.33682,44.74504],[-87.33673,44.74099],[-87.33935,44.734],[-87.33922,44.73174],[-87.34079,44.72912],[-87.34398,44.71852],[-87.35284,44.70386],[-87.35418,44.70413],[-87.35287,44.70381],[-87.3542,44.70142],[-87.3609,44.69454],[-87.36305,44.68956],[-87.37263,44.67964],[-87.37415,44.67667],[-87.37704,44.67397],[-87.37866,44.66989],[-87.37856,44.66461],[-87.38124,44.66197],[-87.38239,44.65729],[-87.39085,44.64707],[-87.39295,44.64705],[-87.39091,44.64707],[-87.39345,44.64361],[-87.39353,44.64066],[-87.40497,44.62767],[-87.41744,44.62171],[-87.42099,44.61497],[-87.42775,44.6118],[-87.43167,44.60882],[-87.43576,44.61011],[-87.43186,44.60765],[-87.43347,44.60797],[-87.43434,44.60718],[-87.43331,44.60645],[-87.43544,44.60665],[-87.4375,44.60508],[-87.43962,44.60042],[-87.44026,44.5959],[-87.44697,44.58628],[-87.45234,44.57236],[-87.46721,44.55353],[-87.47183,44.54368],[-87.47342,44.53746],[-87.47381,44.53076],[-87.48227,44.51548],[-87.4837,44.51136],[-87.48379,44.49876],[-87.48768,44.48974],[-87.49016,44.4768],[-87.49465,44.46909],[-87.49483,44.46791],[-87.49299,44.46714],[-87.49227,44.46556],[-87.49422,44.46365],[-87.49654,44.46434],[-87.49902,44.4608],[-87.49869,44.45894],[-87.49773,44.45866],[-87.50051,44.45489],[-87.50149,44.45127],[-87.50229,44.44652],[-87.50192,44.43927],[-87.50258,44.43297],[-87.50434,44.4271],[-87.51079,44.41594],[-87.51276,44.41094],[-87.51315,44.40584],[-87.51721,44.397],[-87.51785,44.3909],[-87.51682,44.3837],[-87.51707,44.37667],[-87.52081,44.36798],[-87.53092,44.35605],[-87.53408,44.35009],[-87.53505,44.34512],[-87.53306,44.34121],[-87.5377,44.33667],[-87.54362,44.32752],[-87.76603,44.32719],[-87.76532,44.41451],[-87.88716,44.41482],[-87.88682,44.52264],[-87.88503,44.52264],[-87.88499,44.52392],[-87.8792,44.52391],[-87.87924,44.5275],[-87.88421,44.52753],[-87.88419,44.52903],[-87.88671,44.52627],[-87.88654,44.53115],[-87.90686,44.53157],[-87.90693,44.53872],[-87.90067,44.53866],[-87.90063,44.54044],[-87.89974,44.54044],[-87.89231,44.55298],[-87.89015,44.55332],[-87.88908,44.55475],[-87.89614,44.55487],[-87.89599,44.57468],[-87.90068,44.57472],[-87.90143,44.57635],[-87.90509,44.57809],[-87.91172,44.57691],[-87.91375,44.578],[-87.91226,44.57829],[-87.90978,44.58083],[-87.90227,44.58312],[-87.88829,44.59138],[-87.88664,44.59455],[-87.88034,44.59943],[-87.88016,44.60289],[-87.86769,44.60776],[-87.8637,44.61514],[-87.85701,44.61954],[-87.84817,44.61837],[-87.84084,44.61906],[-87.83085,44.62359],[-87.80917,44.63617],[-87.80216,44.6379],[-87.78128,44.6384],[-87.77517,44.63929],[-87.76578,44.64203],[-87.76322,44.64349],[-87.76224,44.64547],[-87.75604,44.64914],[-87.7535,44.6517],[-87.75091,44.6562],[-87.75145,44.66004],[-87.74845,44.6658],[-87.74854,44.66766],[-87.72929,44.68236],[-87.72186,44.69011],[-87.71958,44.69353],[-87.71835,44.69794],[-87.7183,44.70667],[-87.71905,44.71199],[-87.72064,44.71434],[-87.7217,44.71913],[-87.72101,44.72376],[-87.72002,44.72548],[-87.71487,44.73024],[-87.71114,44.73199],[-87.70686,44.73534],[-87.70547,44.73889],[-87.70275,44.74258],[-87.69847,44.74643],[-87.69884,44.74705],[-87.698,44.74691],[-87.69874,44.74726],[-87.69634,44.7483],[-87.68938,44.75651],[-87.68571,44.76216],[-87.67383,44.77144],[-87.67317,44.77289],[-87.66845,44.7753],[-87.66419,44.77902],[-87.66256,44.78146],[-87.66075,44.78685],[-87.66146,44.78841],[-87.65686,44.7909],[-87.65468,44.79374],[-87.64597,44.79878],[-87.64511,44.80107],[-87.64171,44.80444],[-87.63688,44.8137],[-87.63178,44.81837],[-87.62535,44.8228],[-87.62182,44.82775],[-87.61523,44.83417],[-87.60989,44.83849],[-87.59392,44.84272],[-87.58969,44.84607],[-87.58957,44.84701],[-87.58121,44.85188],[-87.5737,44.85331],[-87.56639,44.85215],[-87.55205,44.85206],[-87.5498,44.85123],[-87.55086,44.84871],[-87.55063,44.84712],[-87.55187,44.84777],[-87.55295,44.84655],[-87.55503,44.84617],[-87.55524,44.84699],[-87.55405,44.84711],[-87.55627,44.84732],[-87.55548,44.84514],[-87.55652,44.84708],[-87.55884,44.84626],[-87.55804,44.84525],[-87.55963,44.84508],[-87.55806,44.84448],[-87.56023,44.84422],[-87.56001,44.83983],[-87.5613,44.83994],[-87.56105,44.83791],[-87.56215,44.83802],[-87.56096,44.83774],[-87.56221,44.83718],[-87.56167,44.83602],[-87.56308,44.83591],[-87.56407,44.83324],[-87.56494,44.83333],[-87.56492,44.83226],[-87.56558,44.83238],[-87.56488,44.832],[-87.56605,44.83051],[-87.56541,44.8301],[-87.5678,44.83023],[-87.56494,44.82945],[-87.56862,44.82914],[-87.56539,44.82853],[-87.56608,44.82774],[-87.56484,44.8281],[-87.56429,44.82699],[-87.56562,44.82617],[-87.5661,44.82703],[-87.56769,44.8249],[-87.56511,44.82573],[-87.56302,44.82766],[-87.56314,44.82856],[-87.56203,44.82848],[-87.56051,44.83036],[-87.55771,44.83184],[-87.55683,44.83529],[-87.55497,44.83636],[-87.55563,44.83507],[-87.55705,44.83455],[-87.55682,44.83225],[-87.55846,44.83115],[-87.55693,44.82979],[-87.55721,44.82832],[-87.55869,44.82762],[-87.5605,44.82496],[-87.5573,44.82384],[-87.55822,44.82425],[-87.55567,44.82438],[-87.55545,44.82516],[-87.5534,44.82495],[-87.55275,44.82329],[-87.55309,44.825],[-87.55226,44.82493],[-87.55332,44.82558],[-87.55227,44.82549],[-87.5539,44.82674],[-87.55259,44.82616],[-87.55059,44.82662],[-87.54967,44.82823],[-87.54808,44.82874],[-87.54931,44.82863],[-87.54305,44.83063],[-87.54284,44.83147],[-87.54237,44.83104],[-87.54131,44.83203],[-87.54019,44.83763],[-87.53937,44.83847],[-87.53956,44.84194],[-87.53864,44.84334],[-87.5359,44.84443],[-87.53241,44.85037],[-87.53387,44.85351],[-87.53369,44.85487],[-87.53471,44.856],[-87.53345,44.8579],[-87.53185,44.85813],[-87.53064,44.85734],[-87.53077,44.856],[-87.53177,44.85592],[-87.53116,44.85592],[-87.53125,44.85308],[-87.53201,44.85265],[-87.52872,44.85134],[-87.53063,44.851],[-87.52495,44.8504],[-87.52168,44.85108],[-87.51875,44.8493],[-87.51244,44.85062],[-87.50647,44.85434],[-87.50458,44.85432],[-87.50358,44.8552],[-87.50256,44.85849],[-87.50441,44.85982],[-87.50384,44.86026],[-87.50636,44.86021],[-87.50399,44.861],[-87.50639,44.86075],[-87.50665,44.8599],[-87.51038,44.86256],[-87.5107,44.86391],[-87.51161,44.86406],[-87.51117,44.86591],[-87.51301,44.86768],[-87.51222,44.86865],[-87.51412,44.86907],[-87.51478,44.86999],[-87.5116,44.86994],[-87.50899,44.86846],[-87.50671,44.8683],[-87.5061,44.86643],[-87.50332,44.86484],[-87.4988,44.86446],[-87.49946,44.86405],[-87.49845,44.86165],[-87.50152,44.85986],[-87.5008,44.85801],[-87.4993,44.85769],[-87.49925,44.85681],[-87.49133,44.85416],[-87.48713,44.85419],[-87.48084,44.85681],[-87.48084,44.85763],[-87.48168,44.85776],[-87.47978,44.85882],[-87.48026,44.86092],[-87.47843,44.8635],[-87.47475,44.86561],[-87.47407,44.86468],[-87.47456,44.86522],[-87.4737,44.86491],[-87.4732,44.86588],[-87.47198,44.86446],[-87.47326,44.86598],[-87.47212,44.86862],[-87.46093,44.87729],[-87.44333,44.88559],[-87.44212,44.88893],[-87.43893,44.89204],[-87.43363,44.89293],[-87.4205,44.8875],[-87.41909,44.88516],[-87.41971,44.88449],[-87.41994,44.8757],[-87.41191,44.86549],[-87.41037,44.86206],[-87.4048,44.8594],[-87.40308,44.85334],[-87.39967,44.84954],[-87.39966,44.84796],[-87.39863,44.84773],[-87.39949,44.84744],[-87.39889,44.84733],[-87.39826,44.84361],[-87.39716,44.84216],[-87.39581,44.84235],[-87.39702,44.8419],[-87.39674,44.84102],[-87.39313,44.83778],[-87.3926,44.83533],[-87.39007,44.83109],[-87.3844,44.83116],[-87.38289,44.83332],[-87.3841,44.83112],[-87.37778,44.82701],[-87.37845,44.82643],[-87.3775,44.82679],[-87.37819,44.82607],[-87.37718,44.82657],[-87.37788,44.82605],[-87.37751,44.82553],[-87.37581,44.8261],[-87.37739,44.82454],[-87.37566,44.82533],[-87.37553,44.82412],[-87.37434,44.82422],[-87.37471,44.82379],[-87.37228,44.82245],[-87.37061,44.82325],[-87.37078,44.82161],[-87.3698,44.82195],[-87.36686,44.82083],[-87.3704,44.82231],[-87.36981,44.82317],[-87.36569,44.82129],[-87.36656,44.82061],[-87.36577,44.82046],[-87.36554,44.82121],[-87.35919,44.8198],[-87.35347,44.81645],[-87.34911,44.81259],[-87.34551,44.81272],[-87.34676,44.81226],[-87.34652,44.81162],[-87.34488,44.8116],[-87.34512,44.81255],[-87.34192,44.81129],[-87.33771,44.80821],[-87.34025,44.8078],[-87.34165,44.80623],[-87.33696,44.80795],[-87.33323,44.80694],[-87.33105,44.80545],[-87.33013,44.8061],[-87.33431,44.81034],[-87.33376,44.81074],[-87.33503,44.81069],[-87.343,44.81747],[-87.34424,44.81982],[-87.3443,44.82202],[-87.34721,44.82456],[-87.34614,44.82768],[-87.34762,44.82605],[-87.3478,44.82333],[-87.34708,44.82273],[-87.35261,44.82156],[-87.35818,44.82487],[-87.35891,44.82402],[-87.35993,44.82424],[-87.36093,44.82623],[-87.37394,44.83026],[-87.37558,44.82934],[-87.38325,44.83661],[-87.38344,44.83722],[-87.38168,44.83794],[-87.38464,44.83778],[-87.38482,44.83837],[-87.38234,44.83894],[-87.38497,44.83885],[-87.38508,44.83974],[-87.3821,44.84033],[-87.38245,44.84092],[-87.38552,44.84053],[-87.38303,44.84115],[-87.38503,44.8413],[-87.3841,44.84266],[-87.38728,44.84358],[-87.3869,44.84468],[-87.38593,44.84467],[-87.38711,44.84506],[-87.38601,44.84578],[-87.38732,44.84849],[-87.38546,44.85033],[-87.38267,44.8503],[-87.38666,44.85043],[-87.38331,44.85267],[-87.38229,44.85537],[-87.38419,44.85993],[-87.3835,44.86249],[-87.38477,44.86617],[-87.38415,44.86851],[-87.38498,44.87149],[-87.38574,44.87191],[-87.3854,44.87301],[-87.38612,44.87327],[-87.38392,44.88093],[-87.38443,44.88138],[-87.38377,44.88135],[-87.38439,44.88176],[-87.38345,44.88253],[-87.38397,44.88719],[-87.38777,44.89394],[-87.38945,44.89536],[-87.39068,44.8953],[-87.39019,44.89595],[-87.39129,44.8951],[-87.39122,44.89628],[-87.39362,44.89857],[-87.39603,44.90002],[-87.39742,44.89993],[-87.39642,44.90018],[-87.39689,44.90054],[-87.3977,44.89986],[-87.40811,44.9055],[-87.41145,44.90583],[-87.406,44.90876],[-87.40451,44.91253],[-87.39997,44.9174],[-87.39943,44.91709],[-87.39519,44.92074],[-87.39467,44.92195],[-87.39518,44.92311],[-87.39763,44.92369],[-87.39839,44.92473],[-87.39477,44.93008],[-87.39391,44.93385],[-87.38657,44.93997],[-87.37548,44.95604],[-87.37262,44.96108],[-87.37329,44.96151],[-87.37208,44.96191],[-87.37119,44.96521],[-87.36393,44.97707],[-87.36403,44.97919],[-87.36087,44.9872],[-87.35632,44.99349],[-87.3472,45.00064],[-87.34488,45.00465],[-87.34261,45.01223],[-87.32977,45.01879],[-87.32513,45.02814],[-87.32206,45.03095],[-87.32204,45.03666],[-87.32126,45.03836],[-87.3168,45.04023],[-87.31398,45.04045],[-87.30978,45.04307],[-87.30785,45.04592],[-87.30665,45.05002],[-87.30516,45.05154],[-87.30262,45.05227],[-87.30192,45.0537],[-87.29897,45.05383],[-87.301,45.05353],[-87.29889,45.05308],[-87.3003,45.05147],[-87.29713,45.05017],[-87.29776,45.04949],[-87.29533,45.0482],[-87.29534,45.04718],[-87.29361,45.04587],[-87.28959,45.04616],[-87.28674,45.04538],[-87.28416,45.04619],[-87.28211,45.04802],[-87.28227,45.04955],[-87.28306,45.04975],[-87.28281,45.05126],[-87.28366,45.05123],[-87.28266,45.05199],[-87.28244,45.05412],[-87.28296,45.05399],[-87.28207,45.05527],[-87.28204,45.05731],[-87.2841,45.06069],[-87.28424,45.0636],[-87.283,45.06525],[-87.28245,45.06871],[-87.28088,45.06714],[-87.28152,45.06819],[-87.2808,45.06921],[-87.28239,45.06959],[-87.28149,45.07029],[-87.28155,45.07372],[-87.2803,45.07553],[-87.27657,45.07749],[-87.27347,45.07694],[-87.26879,45.07761],[-87.26304,45.08392],[-87.26058,45.09167],[-87.26109,45.10528],[-87.26021,45.11287],[-87.25756,45.12179],[-87.25516,45.1258],[-87.24866,45.13226],[-87.24384,45.1278],[-87.23954,45.1285],[-87.23998,45.13303],[-87.24224,45.13395],[-87.24,45.13677],[-87.24149,45.13873],[-87.24272,45.14893],[-87.24024,45.1543],[-87.26791,45.15728],[-87.27082,45.16663],[-87.26894,45.16747],[-87.26688,45.17224],[-87.26696,45.17371],[-87.26518,45.1733],[-87.25794,45.17628],[-87.25799,45.17719],[-87.25789,45.17632],[-87.23845,45.16662],[-87.23716,45.16872],[-87.23194,45.17232],[-87.2222,45.17494],[-87.22082,45.17307],[-87.22162,45.16975],[-87.22476,45.16732],[-87.22306,45.16519],[-87.22106,45.16478],[-87.21895,45.16558],[-87.21659,45.16508],[-87.21157,45.16581],[-87.20512,45.16361],[-87.19938,45.16399],[-87.19596,45.16327],[-87.19438,45.1622],[-87.19343,45.15831],[-87.19056,45.15425],[-87.18675,45.15052],[-87.17941,45.14859],[-87.17406,45.15057],[-87.16993,45.15379],[-87.17252,45.15687],[-87.17261,45.16559],[-87.1734,45.16587],[-87.17416,45.17214],[-87.17537,45.17306],[-87.17211,45.1762],[-87.16848,45.18209],[-87.16678,45.18354],[-87.15706,45.18676],[-87.15391,45.18622],[-87.15243,45.1848],[-87.14939,45.18545],[-87.1487,45.18606],[-87.14925,45.18617],[-87.14841,45.1897],[-87.14567,45.1921],[-87.14375,45.19235],[-87.1426,45.1914],[-87.13979,45.19102],[-87.13149,45.19283],[-87.12937,45.19157],[-87.12367,45.19031],[-87.1246,45.19021],[-87.1235,45.18956],[-87.11939,45.19154],[-87.12028,45.19228],[-87.12135,45.19142],[-87.11955,45.19305],[-87.1202,45.19321],[-87.1195,45.19459],[-87.12005,45.19478],[-87.12024,45.20018],[-87.11921,45.20482],[-87.1221,45.21145],[-87.12238,45.2212],[-87.12338,45.22283],[-87.12253,45.22589],[-87.11903,45.2307],[-87.11718,45.24042],[-87.11109,45.24634],[-87.10964,45.25517],[-87.10827,45.25727],[-87.10624,45.25834],[-87.09848,45.25902],[-87.09249,45.25597],[-87.08875,45.25557],[-87.08972,45.25545],[-87.08239,45.25281],[-87.07743,45.25344],[-87.07776,45.25302],[-87.07699,45.25291],[-87.07483,45.25394],[-87.07581,45.2543],[-87.07474,45.25412],[-87.07564,45.25472],[-87.07502,45.25541],[-87.07597,45.25563],[-87.07489,45.25551],[-87.07459,45.25658],[-87.07624,45.25872],[-87.07684,45.25837],[-87.07828,45.26501],[-87.07437,45.27195],[-87.07061,45.28127],[-87.0704,45.28767],[-87.06846,45.29521],[-87.06112,45.2984],[-87.05923,45.29855],[-87.05742,45.29282],[-87.0549,45.29149],[-87.05209,45.28629],[-87.04286,45.28478],[-87.03707,45.28821],[-87.02618,45.28596],[-87.02366,45.28636],[-87.02241,45.28743],[-87.02342,45.28811],[-87.02285,45.28884],[-87.02289,45.29075],[-87.02349,45.2905],[-87.02365,45.29154],[-87.02328,45.29332],[-87.02005,45.29803],[-87.01642,45.29932],[-87.01371,45.29791]]],[[[-87.51582,44.87045],[-87.52088,44.8702],[-87.51982,44.87183],[-87.51701,44.87285],[-87.51502,44.872],[-87.51582,44.87045]]],[[[-87.31626,45.1014],[-87.31781,45.10136],[-87.31903,45.10319],[-87.31821,45.10356],[-87.31626,45.1014]]],[[[-87.33684,45.21165],[-87.33498,45.21108],[-87.33235,45.20639],[-87.33514,45.20269],[-87.33634,45.20298],[-87.33739,45.20199],[-87.33463,45.19289],[-87.33579,45.1817],[-87.33812,45.17581],[-87.33829,45.17098],[-87.33645,45.16716],[-87.32685,45.15643],[-87.33069,45.15901],[-87.34855,45.16688],[-87.37616,45.17755],[-87.37745,45.17963],[-87.37752,45.18443],[-87.37499,45.18765],[-87.3743,45.18996],[-87.37458,45.19465],[-87.37669,45.19813],[-87.36822,45.19875],[-87.36615,45.20046],[-87.36517,45.20315],[-87.36347,45.20288],[-87.36117,45.1987],[-87.36005,45.19801],[-87.353,45.19804],[-87.34499,45.20296],[-87.34393,45.20757],[-87.33684,45.21165]]],[[[-87.14289,45.2223],[-87.14174,45.22221],[-87.14073,45.22108],[-87.14289,45.2223]]],[[[-87.14684,45.22415],[-87.14494,45.22281],[-87.14721,45.22405],[-87.14925,45.22392],[-87.14684,45.22415]]],[[[-86.96082,45.25438],[-86.96298,45.25329],[-86.96275,45.25408],[-86.96082,45.25438]]],[[[-86.91944,45.28341],[-86.92032,45.28423],[-86.91901,45.28573],[-86.91859,45.28471],[-86.91944,45.28341]]],[[[-86.89575,45.29338],[-86.89623,45.2937],[-86.89569,45.29352],[-86.89575,45.29338]]],[[[-86.95641,45.31494],[-86.9521,45.31292],[-86.94766,45.31287],[-86.9468,45.30835],[-86.94535,45.30747],[-86.94406,45.30504],[-86.94396,45.30257],[-86.94463,45.3016],[-86.95173,45.3023],[-86.95707,45.3042],[-86.96055,45.31122],[-86.95772,45.31373],[-86.95565,45.31381],[-86.95628,45.31446],[-86.95729,45.31404],[-86.95641,45.31494]]],[[[-86.93061,45.33595],[-86.93135,45.33494],[-86.93085,45.3336],[-86.92961,45.33322],[-86.92845,45.33395],[-86.92755,45.33194],[-86.92291,45.33093],[-86.9201,45.33261],[-86.9206,45.33595],[-86.9186,45.33632],[-86.91881,45.33077],[-86.91534,45.32844],[-86.91355,45.32571],[-86.90918,45.3229],[-86.90896,45.31684],[-86.9078,45.31642],[-86.90602,45.31333],[-86.90059,45.31171],[-86.89892,45.30899],[-86.89947,45.30567],[-86.89753,45.30275],[-86.89788,45.29932],[-86.89686,45.29848],[-86.89719,45.29723],[-86.89661,45.29676],[-86.89774,45.29495],[-86.89895,45.29433],[-86.90038,45.29473],[-86.90061,45.29663],[-86.90167,45.29734],[-86.90202,45.29602],[-86.90138,45.2954],[-86.90212,45.29482],[-86.90466,45.29689],[-86.90174,45.29762],[-86.90116,45.29858],[-86.90304,45.30206],[-86.90346,45.30482],[-86.90475,45.30574],[-86.90576,45.30956],[-86.90726,45.31076],[-86.9071,45.31198],[-86.90891,45.31337],[-86.91393,45.31463],[-86.91736,45.31641],[-86.92218,45.32165],[-86.92386,45.32254],[-86.9263,45.32899],[-86.93156,45.33287],[-86.93231,45.33536],[-86.93399,45.33515],[-86.93177,45.33565],[-86.93252,45.33576],[-86.93111,45.33686],[-86.93097,45.33936],[-86.93061,45.33595]]],[[[-86.85114,45.35695],[-86.85197,45.35743],[-86.85158,45.35833],[-86.85114,45.35695]]],[[[-86.78049,45.36805],[-86.78074,45.36874],[-86.78027,45.3691],[-86.78049,45.36805]]],[[[-86.76481,45.39203],[-86.76441,45.39526],[-86.76399,45.39473],[-86.76481,45.39203]]],[[[-86.8596,45.41074],[-86.85968,45.41076],[-86.85962,45.41079],[-86.8596,45.41074]]],[[[-86.92449,45.39766],[-86.92039,45.40019],[-86.91926,45.40408],[-86.91554,45.40774],[-86.89251,45.40888],[-86.87686,45.41367],[-86.86067,45.41174],[-86.85651,45.40804],[-86.85378,45.40668],[-86.85214,45.40362],[-86.84664,45.40128],[-86.84654,45.39986],[-86.83995,45.39699],[-86.83764,45.39418],[-86.8373,45.39255],[-86.83761,45.39157],[-86.84104,45.38929],[-86.8412,45.3865],[-86.844,45.38524],[-86.84302,45.38313],[-86.84564,45.3783],[-86.84695,45.37797],[-86.84882,45.37038],[-86.85183,45.37011],[-86.8534,45.37086],[-86.85528,45.37035],[-86.85775,45.36765],[-86.86067,45.36723],[-86.8641,45.36412],[-86.86464,45.3617],[-86.86374,45.35724],[-86.86467,45.35502],[-86.8683,45.35243],[-86.86951,45.34991],[-86.8687,45.34737],[-86.86609,45.34472],[-86.86684,45.34167],[-86.86552,45.34113],[-86.86621,45.33992],[-86.8652,45.33915],[-86.86619,45.33886],[-86.86793,45.3352],[-86.86701,45.33464],[-86.86875,45.33337],[-86.87205,45.33183],[-86.87366,45.33216],[-86.87431,45.33127],[-86.8748,45.33284],[-86.87477,45.33091],[-86.87519,45.33374],[-86.87602,45.33402],[-86.88023,45.33118],[-86.87882,45.33254],[-86.87946,45.33313],[-86.88044,45.33292],[-86.87939,45.33235],[-86.88007,45.33172],[-86.8823,45.33372],[-86.88528,45.3342],[-86.88878,45.33729],[-86.89213,45.33831],[-86.89714,45.33712],[-86.90173,45.33419],[-86.90304,45.33415],[-86.90487,45.33701],[-86.9074,45.33652],[-86.90564,45.33728],[-86.90834,45.33951],[-86.90944,45.3393],[-86.90835,45.33958],[-86.90952,45.33971],[-86.90868,45.3402],[-86.91056,45.34414],[-86.91315,45.34561],[-86.91458,45.34791],[-86.91442,45.34889],[-86.9158,45.34959],[-86.91514,45.34978],[-86.91689,45.35294],[-86.92026,45.35445],[-86.92065,45.35369],[-86.92259,45.35423],[-86.92429,45.35364],[-86.92474,45.35237],[-86.92612,45.35393],[-86.9288,45.35378],[-86.93058,45.35293],[-86.93125,45.35062],[-86.93399,45.35151],[-86.9331,45.35068],[-86.93547,45.3486],[-86.93438,45.34757],[-86.93527,45.34707],[-86.93442,45.34384],[-86.93526,45.34431],[-86.93512,45.34511],[-86.93661,45.34493],[-86.93879,45.34668],[-86.93993,45.34648],[-86.93952,45.34515],[-86.94015,45.34519],[-86.94039,45.34395],[-86.93957,45.34169],[-86.93801,45.34037],[-86.93852,45.33991],[-86.93704,45.33954],[-86.93773,45.33849],[-86.9362,45.33835],[-86.93671,45.33581],[-86.93904,45.33655],[-86.94198,45.33577],[-86.94089,45.33375],[-86.94242,45.33563],[-86.94454,45.33489],[-86.94784,45.33536],[-86.95608,45.34161],[-86.95671,45.35013],[-86.95396,45.35474],[-86.95651,45.3555],[-86.95505,45.35688],[-86.95552,45.35597],[-86.95421,45.35607],[-86.95283,45.35231],[-86.94751,45.3526],[-86.94526,45.35143],[-86.94325,45.353],[-86.94429,45.3537],[-86.94331,45.35442],[-86.94379,45.35551],[-86.94675,45.35511],[-86.94802,45.35582],[-86.94366,45.35677],[-86.94607,45.35887],[-86.94581,45.36007],[-86.94653,45.35993],[-86.94595,45.36069],[-86.94703,45.36288],[-86.94986,45.36391],[-86.94766,45.3667],[-86.94756,45.3679],[-86.95423,45.3795],[-86.95506,45.38392],[-86.95414,45.38687],[-86.95229,45.38929],[-86.95166,45.39342],[-86.94822,45.39918],[-86.94732,45.40427],[-86.94279,45.41567],[-86.93647,45.42096],[-86.93349,45.4207],[-86.93022,45.41729],[-86.92899,45.41256],[-86.92748,45.41067],[-86.93058,45.40139],[-86.93006,45.39918],[-86.92449,45.39766]]],[[[-86.81632,45.42673],[-86.80939,45.42158],[-86.8062,45.41414],[-86.80515,45.40962],[-86.80547,45.40716],[-86.8081,45.40606],[-86.81889,45.40786],[-86.8277,45.40444],[-86.83242,45.40415],[-86.83396,45.40302],[-86.83323,45.40429],[-86.83066,45.40544],[-86.82915,45.40802],[-86.83034,45.41102],[-86.82936,45.41547],[-86.83077,45.42587],[-86.83026,45.42786],[-86.82661,45.42838],[-86.81632,45.42673]]]]}},{"type":"Feature","properties":{"ad":2,"sd":1},"geometry":{"type":"Polygon","coordinates":[[[-88.01678,44.44506],[-87.99997,44.43924],[-88.00137,44.43717],[-87.99401,44.43464],[-87.9926,44.43669],[-87.98634,44.4345],[-87.97927,44.44495],[-87.92777,44.44418],[-87.92775,44.44275],[-87.92626,44.44276],[-87.92625,44.44188],[-87.92774,44.44187],[-87.92773,44.44057],[-87.91929,44.44052],[-87.92119,44.44187],[-87.92199,44.44129],[-87.92489,44.44334],[-87.92433,44.44375],[-87.92492,44.44416],[-87.91863,44.44412],[-87.91863,44.44319],[-87.91755,44.44269],[-87.91763,44.44412],[-87.91242,44.44412],[-87.91245,44.44169],[-87.9144,44.44122],[-87.91285,44.4405],[-87.90739,44.44048],[-87.9073,44.44411],[-87.88712,44.44386],[-87.88716,44.41482],[-87.76532,44.41451],[-87.76603,44.32719],[-87.54362,44.32752],[-87.54546,44.32108],[-87.54517,44.30948],[-87.54151,44.29407],[-87.5336,44.27887],[-87.52188,44.26042],[-87.51835,44.25066],[-87.51282,44.24039],[-87.60012,44.24052],[-87.60012,44.19758],[-87.66053,44.19709],[-87.66056,44.15367],[-87.94382,44.15334],[-87.94363,44.15217],[-87.93359,44.14979],[-87.93354,44.14586],[-87.95435,44.14571],[-87.95433,44.14505],[-87.95473,44.14572],[-87.96362,44.14581],[-87.96398,44.15341],[-88.04366,44.15351],[-88.04325,44.24103],[-88.14184,44.24109],[-88.35404,44.24386],[-88.35514,44.2528],[-88.35487,44.27677],[-88.35006,44.27554],[-88.34776,44.27756],[-88.34234,44.27729],[-88.33861,44.27898],[-88.32363,44.27914],[-88.3143,44.27346],[-88.30019,44.27412],[-88.297,44.27155],[-88.29536,44.27224],[-88.29297,44.27495],[-88.29301,44.26791],[-88.2909,44.26817],[-88.29091,44.26703],[-88.29303,44.26564],[-88.29307,44.26015],[-88.27846,44.26074],[-88.27842,44.2642],[-88.2738,44.26429],[-88.27362,44.27527],[-88.27011,44.27781],[-88.2698,44.27951],[-88.26806,44.28167],[-88.25674,44.2931],[-88.25356,44.29043],[-88.2499,44.29293],[-88.24622,44.28889],[-88.24528,44.28948],[-88.24464,44.28894],[-88.24549,44.28826],[-88.24208,44.28536],[-88.22677,44.30177],[-88.22329,44.30351],[-88.22142,44.30969],[-88.21246,44.31397],[-88.20869,44.31385],[-88.20014,44.31711],[-88.19667,44.31593],[-88.19261,44.3161],[-88.1923,44.32817],[-88.19128,44.32816],[-88.19148,44.35694],[-88.04957,44.35745],[-88.04962,44.36474],[-88.06989,44.36471],[-88.06981,44.38657],[-88.06478,44.38657],[-88.06479,44.39383],[-88.05973,44.39383],[-88.05973,44.39746],[-88.06479,44.39622],[-88.06479,44.40473],[-88.0605,44.40473],[-88.05973,44.40863],[-88.0562,44.40867],[-88.05677,44.40982],[-88.05813,44.40989],[-88.05687,44.4103],[-88.0569,44.41285],[-88.0543,44.41285],[-88.05279,44.41507],[-88.04222,44.41135],[-88.04039,44.41425],[-88.041,44.41583],[-88.03754,44.42096],[-88.03986,44.42196],[-88.0416,44.42095],[-88.04235,44.4224],[-88.04158,44.42341],[-88.04525,44.42747],[-88.05653,44.42808],[-88.05709,44.4309],[-88.04962,44.43092],[-88.04581,44.42967],[-88.04633,44.43114],[-88.03575,44.42734],[-88.03425,44.42816],[-88.03794,44.42945],[-88.03685,44.43109],[-88.04221,44.433],[-88.04354,44.43221],[-88.04426,44.43246],[-88.0437,44.43351],[-88.04628,44.43378],[-88.04389,44.43731],[-88.04751,44.43855],[-88.04683,44.43954],[-88.04322,44.43828],[-88.0426,44.43917],[-88.03956,44.43815],[-88.03813,44.44027],[-88.03025,44.43755],[-88.02766,44.44122],[-88.01693,44.4375],[-88.01749,44.43933],[-88.01524,44.4388],[-88.01389,44.44082],[-88.01518,44.44187],[-88.01363,44.44271],[-88.01544,44.44295],[-88.01522,44.44433],[-88.01686,44.44322],[-88.01678,44.44506]]]}},{"type":"Feature","properties":{"ad":3,"sd":1},"geometry":{"type":"Polygon","coordinates":[[[-88.40408,44.24411],[-88.14184,44.24109],[-88.04325,44.24103],[-88.04366,44.15351],[-87.96398,44.15341],[-87.96362,44.14581],[-87.95473,44.14572],[-87.95433,44.14505],[-87.95435,44.14571],[-87.93354,44.14586],[-87.93359,44.14979],[-87.94363,44.15217],[-87.94382,44.15334],[-87.80156,44.15315],[-87.80163,43.97916],[-88.04214,43.97918],[-88.04178,43.9236],[-88.04255,43.9236],[-88.04203,43.92131],[-88.04407,43.92269],[-88.04408,43.9236],[-88.04333,43.9236],[-88.0456,43.92792],[-88.05094,43.92792],[-88.05039,43.92695],[-88.05192,43.9272],[-88.05193,43.92507],[-88.04685,43.91963],[-88.0468,43.91226],[-88.04921,43.91187],[-88.04734,43.91185],[-88.04737,43.91053],[-88.0468,43.91075],[-88.0468,43.90652],[-88.04184,43.9065],[-88.0418,43.8917],[-88.16228,43.89152],[-88.16166,43.93769],[-88.31495,43.93767],[-88.31612,43.94013],[-88.31488,43.94028],[-88.31616,43.94027],[-88.31573,43.9384],[-88.31639,43.93988],[-88.31694,43.94876],[-88.32084,43.96549],[-88.31959,43.96602],[-88.3195,43.96774],[-88.31984,43.96604],[-88.32081,43.9661],[-88.32116,43.97222],[-88.32458,43.97674],[-88.32775,43.98331],[-88.32555,43.99083],[-88.32155,44.01638],[-88.32124,44.03449],[-88.32225,44.04461],[-88.32512,44.05197],[-88.32457,44.05275],[-88.32537,44.05301],[-88.32622,44.06013],[-88.32886,44.06786],[-88.33035,44.06937],[-88.32965,44.06932],[-88.3302,44.07148],[-88.32967,44.07615],[-88.32514,44.08676],[-88.32516,44.08906],[-88.32805,44.09773],[-88.32822,44.1009],[-88.32773,44.10331],[-88.32672,44.10433],[-88.32792,44.10359],[-88.32633,44.10974],[-88.32198,44.11864],[-88.31989,44.12485],[-88.31782,44.12705],[-88.31398,44.13537],[-88.31146,44.13821],[-88.30943,44.14337],[-88.29447,44.16048],[-88.29415,44.16183],[-88.29511,44.16455],[-88.29597,44.16533],[-88.29746,44.16518],[-88.29587,44.1655],[-88.29597,44.16642],[-88.29483,44.1663],[-88.29406,44.16728],[-88.29457,44.16772],[-88.29494,44.16664],[-88.29661,44.16686],[-88.29762,44.16562],[-88.29591,44.1679],[-88.30034,44.17424],[-88.31386,44.18491],[-88.32898,44.19271],[-88.34583,44.19881],[-88.34457,44.19955],[-88.34599,44.19889],[-88.36042,44.20366],[-88.37991,44.20722],[-88.37893,44.20884],[-88.38007,44.20724],[-88.40434,44.20872],[-88.40408,44.24411]]]}},{"type":"Feature","properties":{"ad":4,"sd":2},"geometry":{"type":"MultiPolygon","coordinates":[[[[-88.36483,45.02782],[-88.26341,45.02662],[-88.14162,45.02375],[-87.943,45.02043],[-87.94444,44.99307],[-87.88334,44.99305],[-87.88339,44.99047],[-87.76008,44.99054],[-87.7608,44.97615],[-87.76264,44.96565],[-87.76266,44.96685],[-87.76299,44.9656],[-87.76611,44.96533],[-87.76584,44.96627],[-87.76685,44.96528],[-87.77328,44.96395],[-87.77415,44.96508],[-87.77377,44.964],[-87.77493,44.96379],[-87.77574,44.9649],[-87.77515,44.96376],[-87.7762,44.96359],[-87.7768,44.96448],[-87.77633,44.96356],[-87.78098,44.96229],[-87.78039,44.96112],[-87.78128,44.96301],[-87.7825,44.96351],[-87.78109,44.96075],[-87.77944,44.96044],[-87.7812,44.96048],[-87.78169,44.96158],[-87.78496,44.96131],[-87.79523,44.95831],[-87.79625,44.95724],[-87.79799,44.95733],[-87.79935,44.95629],[-87.80152,44.95648],[-87.81193,44.95394],[-87.81349,44.95435],[-87.81334,44.95379],[-87.81772,44.95214],[-87.8187,44.95042],[-87.81952,44.95094],[-87.82129,44.94955],[-87.82333,44.94752],[-87.82428,44.94471],[-87.82691,44.94339],[-87.82871,44.94377],[-87.82732,44.94284],[-87.83178,44.93779],[-87.83213,44.93538],[-87.83392,44.93577],[-87.83523,44.93486],[-87.83407,44.93584],[-87.83591,44.93585],[-87.8369,44.93395],[-87.83932,44.93279],[-87.84289,44.92632],[-87.84443,44.92119],[-87.84407,44.91616],[-87.84039,44.90698],[-87.83737,44.90252],[-87.83453,44.90022],[-87.83304,44.89713],[-87.83113,44.89582],[-87.8302,44.89559],[-87.82481,44.8986],[-87.82123,44.89906],[-87.82479,44.89845],[-87.82993,44.89552],[-87.82911,44.89425],[-87.82234,44.89819],[-87.82858,44.89486],[-87.82802,44.88911],[-87.82987,44.88863],[-87.83093,44.88645],[-87.83278,44.88622],[-87.83407,44.8883],[-87.8338,44.88686],[-87.83195,44.88579],[-87.83379,44.88432],[-87.83276,44.88324],[-87.83356,44.88219],[-87.83289,44.88096],[-87.8379,44.88052],[-87.83812,44.87886],[-87.83654,44.87816],[-87.83752,44.87756],[-87.83749,44.87592],[-87.84063,44.87565],[-87.84104,44.87684],[-87.84195,44.87486],[-87.8424,44.87543],[-87.84339,44.87486],[-87.84373,44.87406],[-87.84277,44.87308],[-87.84255,44.87098],[-87.84393,44.87063],[-87.84423,44.8721],[-87.84604,44.87045],[-87.84859,44.87008],[-87.84855,44.867],[-87.84982,44.86715],[-87.85017,44.86491],[-87.85177,44.8652],[-87.8516,44.86422],[-87.85304,44.86377],[-87.85214,44.86377],[-87.85263,44.86125],[-87.85419,44.85934],[-87.85525,44.85521],[-87.85659,44.85474],[-87.85625,44.85326],[-87.85737,44.85302],[-87.8567,44.8525],[-87.85872,44.85184],[-87.85826,44.85152],[-87.85908,44.85109],[-87.85931,44.84955],[-87.86209,44.84915],[-87.86718,44.84206],[-87.86932,44.84118],[-87.87443,44.84092],[-87.87436,44.84024],[-87.8779,44.83955],[-87.88312,44.83614],[-87.89148,44.8331],[-87.89609,44.82947],[-87.89748,44.82992],[-87.90296,44.82755],[-87.90279,44.8231],[-87.90398,44.82335],[-87.90438,44.82268],[-87.90281,44.8225],[-87.90123,44.82109],[-87.90266,44.82248],[-87.90023,44.82152],[-87.89988,44.81888],[-87.90148,44.81864],[-87.9004,44.81833],[-87.90051,44.81775],[-87.9037,44.81526],[-87.9064,44.81621],[-87.90766,44.81533],[-87.90832,44.81124],[-87.91017,44.8098],[-87.90989,44.80847],[-87.91131,44.80851],[-87.91292,44.80684],[-87.91337,44.8039],[-87.91662,44.80064],[-87.92038,44.78845],[-87.92732,44.77856],[-87.92856,44.77353],[-87.93157,44.77076],[-87.93429,44.76593],[-87.93976,44.76419],[-87.94126,44.76173],[-87.94106,44.76002],[-87.94024,44.75957],[-87.95337,44.75267],[-87.95653,44.75016],[-87.95617,44.74872],[-87.95748,44.74873],[-87.96593,44.74323],[-87.97119,44.73753],[-87.97594,44.72738],[-87.98318,44.72129],[-87.98412,44.71682],[-87.9851,44.71644],[-87.98554,44.71498],[-87.98617,44.70741],[-87.98753,44.70629],[-87.98599,44.70179],[-87.98667,44.70221],[-87.98784,44.70077],[-87.98919,44.70606],[-87.98995,44.70603],[-87.9892,44.7019],[-87.99007,44.70076],[-87.9903,44.6977],[-87.98888,44.69522],[-87.98985,44.69397],[-87.99014,44.69032],[-87.98945,44.68879],[-87.99015,44.68717],[-87.989,44.6852],[-87.98961,44.68382],[-87.98722,44.6788],[-87.98744,44.67762],[-87.98853,44.67761],[-87.98852,44.67582],[-87.9868,44.67303],[-87.98843,44.67244],[-87.98044,44.66126],[-87.97836,44.65635],[-87.97916,44.65712],[-87.98034,44.65669],[-87.98031,44.65472],[-87.98217,44.65545],[-87.98252,44.65895],[-87.98182,44.66089],[-87.98595,44.66316],[-87.99048,44.6712],[-87.99247,44.67287],[-87.99276,44.67358],[-87.99061,44.67759],[-87.99375,44.67755],[-87.9958,44.67296],[-87.99705,44.67216],[-87.9982,44.67246],[-87.99766,44.67172],[-87.99858,44.67058],[-87.9982,44.66825],[-87.99962,44.6666],[-87.99867,44.66436],[-88.00155,44.66466],[-88.00357,44.66061],[-88.00402,44.65449],[-88.00287,44.65337],[-88.00463,44.65318],[-88.00473,44.65074],[-88.00368,44.6492],[-88.00413,44.64868],[-88.00323,44.6484],[-88.00403,44.64811],[-88.00432,44.64582],[-88.00295,44.64363],[-88.00525,44.64049],[-88.00977,44.63709],[-88.00869,44.63199],[-88.00933,44.6298],[-88.00629,44.62454],[-88.00556,44.62099],[-88.00718,44.62042],[-88.00687,44.6236],[-88.00825,44.62532],[-88.0119,44.62528],[-88.01346,44.62356],[-88.01287,44.62019],[-88.01432,44.61755],[-88.01329,44.61614],[-88.01432,44.61636],[-88.01372,44.61592],[-88.0139,44.61377],[-88.01297,44.61371],[-88.01329,44.61314],[-88.01244,44.6124],[-88.01339,44.61268],[-88.01261,44.6121],[-88.01384,44.61096],[-88.01299,44.60799],[-88.01232,44.60777],[-88.01351,44.6038],[-88.01226,44.60253],[-88.01583,44.5995],[-88.01481,44.5961],[-88.01381,44.5958],[-88.01656,44.5948],[-88.01779,44.59259],[-88.01642,44.59234],[-88.01489,44.58617],[-88.01655,44.58218],[-88.02299,44.57821],[-88.02937,44.57873],[-88.03629,44.5768],[-88.04004,44.57407],[-88.04276,44.57004],[-88.04224,44.56679],[-88.04071,44.56481],[-88.04917,44.56512],[-88.04126,44.55974],[-88.03931,44.55971],[-88.053,44.53997],[-88.0668,44.54477],[-88.07259,44.53622],[-88.07402,44.5326],[-88.07676,44.5301],[-88.08486,44.53363],[-88.08483,44.53433],[-88.0881,44.5343],[-88.08807,44.535],[-88.09278,44.53639],[-88.09275,44.53764],[-88.0944,44.5377],[-88.09462,44.53003],[-88.09869,44.52635],[-88.09948,44.52396],[-88.11956,44.52387],[-88.11978,44.51666],[-88.12977,44.5166],[-88.12976,44.53334],[-88.12751,44.53437],[-88.12682,44.53429],[-88.12656,44.53284],[-88.12143,44.53414],[-88.12147,44.53512],[-88.12305,44.53511],[-88.12229,44.54164],[-88.11742,44.54305],[-88.11002,44.54258],[-88.1048,44.54315],[-88.10087,44.54641],[-88.09924,44.5466],[-88.09865,44.54523],[-88.09768,44.54514],[-88.09709,44.54689],[-88.13044,44.5611],[-88.19446,44.58663],[-88.12977,44.59027],[-88.13118,44.66079],[-88.1308,44.76392],[-88.12691,44.85011],[-88.24822,44.85275],[-88.24525,44.93948],[-88.36657,44.94097],[-88.36572,44.99889],[-88.36271,44.99866],[-88.3626,44.99969],[-88.36182,44.99965],[-88.36192,44.99862],[-88.36037,44.99858],[-88.36032,44.99946],[-88.35628,44.99854],[-88.35598,45.00857],[-88.35597,45.00964],[-88.36542,45.00989],[-88.36483,45.02782]]],[[[-87.98311,44.6001],[-87.98041,44.5963],[-87.97981,44.5936],[-87.98107,44.59674],[-87.9816,44.59526],[-87.98004,44.58926],[-87.97951,44.5896],[-87.97852,44.5881],[-87.97913,44.58601],[-87.98071,44.5848],[-87.98329,44.59138],[-87.98438,44.59679],[-87.98726,44.59922],[-87.98784,44.60168],[-87.99061,44.6042],[-87.98991,44.6049],[-87.98729,44.60321],[-87.98311,44.6001]]],[[[-88.00052,44.61301],[-87.99098,44.60535],[-87.99211,44.6039],[-87.99281,44.6052],[-87.99587,44.60594],[-87.99611,44.6076],[-87.99807,44.60835],[-87.99819,44.60933],[-88.0006,44.61076],[-88.00077,44.61217],[-88.00539,44.61588],[-88.00581,44.6171],[-88.00367,44.6174],[-88.00052,44.61301]]],[[[-87.97704,44.65333],[-87.97752,44.65214],[-87.97941,44.65269],[-87.97784,44.65317],[-87.9788,44.65568],[-87.97704,44.65333]]]]}},{"type":"Feature","properties":{"ad":5,"sd":2},"geometry":{"type":"Polygon","coordinates":[[[-88.48876,44.58952],[-88.38657,44.5884],[-88.24521,44.58475],[-88.19446,44.58663],[-88.13044,44.5611],[-88.09709,44.54689],[-88.09768,44.54514],[-88.09865,44.54523],[-88.09924,44.5466],[-88.10087,44.54641],[-88.1048,44.54315],[-88.11002,44.54258],[-88.11742,44.54305],[-88.12229,44.54164],[-88.12305,44.53511],[-88.12147,44.53512],[-88.12143,44.53414],[-88.12656,44.53284],[-88.12682,44.53429],[-88.12751,44.53437],[-88.12976,44.53334],[-88.12993,44.5238],[-88.13981,44.52387],[-88.13979,44.50587],[-88.13583,44.50582],[-88.13589,44.50224],[-88.13784,44.50223],[-88.13786,44.49914],[-88.14031,44.49904],[-88.14845,44.50185],[-88.14989,44.50134],[-88.14987,44.50056],[-88.1297,44.4936],[-88.12972,44.48864],[-88.1155,44.48867],[-88.1066,44.48554],[-88.10948,44.48143],[-88.10948,44.47914],[-88.10788,44.47914],[-88.10789,44.47785],[-88.10949,44.47783],[-88.10952,44.4742],[-88.12077,44.4742],[-88.1207,44.4778],[-88.12233,44.4778],[-88.12214,44.47644],[-88.12469,44.47652],[-88.12464,44.4742],[-88.12659,44.4742],[-88.12661,44.47059],[-88.1176,44.46736],[-88.11837,44.46618],[-88.12671,44.46892],[-88.12828,44.4664],[-88.12439,44.46504],[-88.12461,44.46371],[-88.12981,44.46373],[-88.12985,44.45973],[-88.12154,44.45968],[-88.13187,44.44794],[-88.13289,44.44541],[-88.12299,44.4452],[-88.12293,44.44681],[-88.12194,44.44679],[-88.12199,44.44517],[-88.11966,44.44513],[-88.11966,44.44692],[-88.11829,44.44693],[-88.11828,44.44513],[-88.10948,44.44519],[-88.10949,44.44694],[-88.11042,44.44724],[-88.1044,44.44698],[-88.1044,44.44874],[-88.09932,44.44876],[-88.09931,44.45208],[-88.09505,44.45053],[-88.09375,44.45233],[-88.09084,44.45091],[-88.09932,44.4388],[-88.11179,44.4307],[-88.10858,44.43067],[-88.11582,44.42765],[-88.1275,44.42027],[-88.1331,44.41546],[-88.12861,44.41303],[-88.1299,44.41191],[-88.13207,44.4131],[-88.13293,44.4123],[-88.13451,44.41262],[-88.13137,44.4105],[-88.13196,44.40996],[-88.13286,44.41046],[-88.13451,44.40895],[-88.13708,44.41036],[-88.14078,44.40694],[-88.13142,44.40162],[-88.1326,44.40044],[-88.12415,44.3958],[-88.12288,44.39697],[-88.12174,44.39632],[-88.11407,44.40321],[-88.10936,44.40062],[-88.09529,44.41295],[-88.0918,44.41842],[-88.09021,44.41847],[-88.08915,44.41672],[-88.09126,44.4143],[-88.09523,44.40697],[-88.10184,44.40071],[-88.11194,44.39421],[-88.11751,44.38821],[-88.1179,44.38383],[-88.12165,44.37895],[-88.12409,44.3775],[-88.12385,44.37684],[-88.12427,44.37749],[-88.12633,44.37697],[-88.12956,44.37526],[-88.13313,44.37012],[-88.13897,44.36753],[-88.14389,44.3593],[-88.14409,44.35725],[-88.19148,44.35694],[-88.19128,44.32816],[-88.1923,44.32817],[-88.19261,44.3161],[-88.19667,44.31593],[-88.20014,44.31711],[-88.20869,44.31385],[-88.21246,44.31397],[-88.22142,44.30969],[-88.22329,44.30351],[-88.22677,44.30177],[-88.24208,44.28536],[-88.24549,44.28826],[-88.24464,44.28894],[-88.24528,44.28948],[-88.24622,44.28889],[-88.2499,44.29293],[-88.25356,44.29043],[-88.25674,44.2931],[-88.26806,44.28167],[-88.2698,44.27951],[-88.27011,44.27781],[-88.27362,44.27527],[-88.2738,44.26429],[-88.27842,44.2642],[-88.27846,44.26074],[-88.29307,44.26015],[-88.29303,44.26564],[-88.29091,44.26703],[-88.2909,44.26817],[-88.29301,44.26791],[-88.29297,44.27495],[-88.29536,44.27224],[-88.297,44.27155],[-88.30019,44.27412],[-88.3143,44.27346],[-88.32363,44.27914],[-88.33861,44.27898],[-88.34234,44.27729],[-88.34776,44.27756],[-88.35006,44.27554],[-88.35548,44.27697],[-88.35584,44.28351],[-88.35741,44.28736],[-88.35334,44.28721],[-88.35352,44.30244],[-88.35224,44.30279],[-88.35352,44.30316],[-88.35224,44.3035],[-88.35351,44.30354],[-88.35349,44.30717],[-88.3432,44.30705],[-88.34311,44.32868],[-88.37503,44.32885],[-88.37487,44.3953],[-88.37143,44.50127],[-88.44732,44.50214],[-88.49313,44.50175],[-88.48975,44.58117],[-88.48876,44.58952]]]}},{"type":"Feature","properties":{"ad":6,"sd":2},"geometry":{"type":"Polygon","coordinates":[[[-88.98247,45.11801],[-88.47506,45.11686],[-88.36163,45.11456],[-88.36542,45.00989],[-88.35597,45.00964],[-88.35605,45.00572],[-88.35628,44.99854],[-88.36032,44.99946],[-88.36037,44.99858],[-88.36192,44.99862],[-88.36182,44.99965],[-88.3626,44.99969],[-88.36271,44.99866],[-88.36572,44.99889],[-88.36657,44.94097],[-88.24525,44.93948],[-88.24822,44.85275],[-88.12691,44.85011],[-88.1308,44.76392],[-88.13118,44.66079],[-88.12977,44.59027],[-88.19205,44.5867],[-88.24521,44.58475],[-88.38657,44.5884],[-88.57664,44.59064],[-88.85979,44.59043],[-88.85894,44.62713],[-88.85812,44.76785],[-88.98174,44.76795],[-88.98159,44.85569],[-88.98253,44.85569],[-88.98255,44.85396],[-88.98321,44.85389],[-88.98322,44.8557],[-88.99166,44.85579],[-88.99154,44.86672],[-88.99262,44.8678],[-88.9923,44.86972],[-88.99356,44.8696],[-88.99334,44.87035],[-88.99195,44.87038],[-88.99152,44.8681],[-88.9915,44.87037],[-88.98149,44.87016],[-88.98118,44.92748],[-88.98209,44.98554],[-88.98137,45.01452],[-88.98247,45.11801]]]}},{"type":"Feature","properties":{"ad":7,"sd":3},"geometry":{"type":"Polygon","coordinates":[[[-87.96789,43.03883],[-87.96862,43.0358],[-87.96778,43.02992],[-87.9683,43.02564],[-87.96775,43.02528],[-87.96936,43.02458],[-87.96951,43.02071],[-87.9826,43.01836],[-87.98268,43.01167],[-87.98206,43.01206],[-87.98207,43.01019],[-87.97639,43.0102],[-87.9764,43.00837],[-87.97752,43.00836],[-87.97757,43.00356],[-87.97571,43.0029],[-87.97758,43.00293],[-87.97793,42.99923],[-87.97701,42.99806],[-87.97769,42.99628],[-87.97786,42.98843],[-87.97039,42.98838],[-87.97033,42.99204],[-87.96785,42.99203],[-87.96788,42.98908],[-87.96095,42.99335],[-87.96053,42.98844],[-87.9581,42.98847],[-87.95827,42.97785],[-87.95766,42.97782],[-87.95697,42.98048],[-87.95427,42.98036],[-87.95326,42.98107],[-87.95331,42.97844],[-87.95414,42.97783],[-87.95321,42.97716],[-87.95606,42.97501],[-87.95387,42.97504],[-87.95389,42.97394],[-87.94852,42.97394],[-87.94873,42.95942],[-87.92922,42.95928],[-87.92942,42.94476],[-87.94906,42.94487],[-87.94909,42.94369],[-87.95464,42.94368],[-87.9572,42.9437],[-87.95806,42.94488],[-87.96017,42.94488],[-87.96022,42.94329],[-87.96275,42.94317],[-87.96327,42.94489],[-87.96883,42.9449],[-87.96857,42.9594],[-88.00833,42.95926],[-88.00808,42.96995],[-87.99809,42.97048],[-87.99792,42.97788],[-87.99956,42.9792],[-87.99938,42.98191],[-88.00213,42.98683],[-88.0019,42.99902],[-87.9975,42.99906],[-87.9979,43.01223],[-88.00024,43.01222],[-88.0,43.02418],[-87.99243,43.02415],[-87.99371,43.02457],[-87.99369,43.02963],[-87.99244,43.02963],[-87.99243,43.03038],[-87.98658,43.03041],[-87.98506,43.0321],[-87.98473,43.03317],[-87.98751,43.03317],[-87.98751,43.03539],[-87.98872,43.03538],[-87.98873,43.03704],[-87.98806,43.03642],[-87.97621,43.03682],[-87.97638,43.0388],[-87.96789,43.03883]]]}},{"type":"Feature","properties":{"ad":8,"sd":3},"geometry":{"type":"Polygon","coordinates":[[[-87.91161,43.03226],[-87.90569,43.02868],[-87.90405,43.02616],[-87.90383,43.02516],[-87.90595,43.02232],[-87.90488,43.01963],[-87.90775,43.01959],[-87.9045,43.01935],[-87.90352,43.01825],[-87.90753,43.01783],[-87.90286,43.01736],[-87.90592,43.01008],[-87.90887,43.00783],[-87.90897,43.00289],[-87.90694,43.0029],[-87.90676,42.99521],[-87.90997,42.9952],[-87.91,42.99375],[-87.91092,42.99375],[-87.90933,42.9907],[-87.90949,42.98105],[-87.91558,42.98106],[-87.91576,42.98232],[-87.92652,42.98107],[-87.92645,42.9847],[-87.9216,42.98471],[-87.92157,42.98652],[-87.92036,42.98652],[-87.92032,42.98829],[-87.9191,42.9883],[-87.91901,42.99197],[-87.92872,42.99194],[-87.92867,42.99404],[-87.93003,42.99393],[-87.92999,42.99558],[-87.93361,42.99564],[-87.93359,42.99722],[-87.9355,42.99724],[-87.93578,42.99567],[-87.93839,42.99572],[-87.93826,43.00302],[-87.94806,43.00318],[-87.94789,43.01698],[-87.94224,43.01703],[-87.94226,43.0191],[-87.94364,43.0191],[-87.94363,43.02244],[-87.933,43.023],[-87.93297,43.0328],[-87.92127,43.0322],[-87.91881,43.03324],[-87.91161,43.03226]]]}},{"type":"Feature","properties":{"ad":9,"sd":3},"geometry":{"type":"Polygon","coordinates":[[[-87.945,43.03556],[-87.93293,43.03551],[-87.933,43.023],[-87.94363,43.02244],[-87.94364,43.0191],[-87.94226,43.0191],[-87.94224,43.01703],[-87.94789,43.01698],[-87.94806,43.00318],[-87.93826,43.00302],[-87.93839,42.99572],[-87.93578,42.99567],[-87.9355,42.99724],[-87.93359,42.99722],[-87.93361,42.99564],[-87.92999,42.99558],[-87.93003,42.99393],[-87.92867,42.99404],[-87.92872,42.99194],[-87.91901,42.99197],[-87.9191,42.9883],[-87.92032,42.98829],[-87.92036,42.98652],[-87.92157,42.98652],[-87.9216,42.98471],[-87.92645,42.9847],[-87.92652,42.98107],[-87.91923,42.98162],[-87.91935,42.97378],[-87.92912,42.97378],[-87.92918,42.9661],[-87.92708,42.96619],[-87.92654,42.95926],[-87.94873,42.95942],[-87.94852,42.97394],[-87.95389,42.97394],[-87.95387,42.97504],[-87.95606,42.97501],[-87.95321,42.97716],[-87.95414,42.97783],[-87.95331,42.97844],[-87.95326,42.98107],[-87.95427,42.98036],[-87.95697,42.98048],[-87.95766,42.97782],[-87.95827,42.97785],[-87.9581,42.98847],[-87.96053,42.98844],[-87.9605,42.99293],[-87.96095,42.99335],[-87.96788,42.98908],[-87.96785,42.99203],[-87.97033,42.99204],[-87.97039,42.98838],[-87.97786,42.98843],[-87.97769,42.99628],[-87.97701,42.99806],[-87.97793,42.99923],[-87.97758,43.00293],[-87.97571,43.0029],[-87.97757,43.00356],[-87.97752,43.00836],[-87.9764,43.00837],[-87.97639,43.0102],[-87.98207,43.01019],[-87.98206,43.01206],[-87.98268,43.01167],[-87.9826,43.01836],[-87.96951,43.02071],[-87.96936,43.02458],[-87.96775,43.02528],[-87.9683,43.02564],[-87.96778,43.02992],[-87.96846,43.0336],[-87.96219,43.03229],[-87.95335,43.03218],[-87.945,43.03556]]]}},{"type":"Feature","properties":{"ad":10,"sd":4},"geometry":{"type":"Polygon","coordinates":[[[-87.91545,43.16229],[-87.91176,43.16194],[-87.9123,43.15497],[-87.91433,43.15032],[-87.90832,43.14987],[-87.90862,43.14401],[-87.9079,43.144],[-87.90777,43.14292],[-87.90816,43.13465],[-87.91217,43.13254],[-87.91211,43.1259],[-87.9115,43.12589],[-87.9117,43.11805],[-87.91226,43.11806],[-87.91185,43.11288],[-87.91361,43.1129],[-87.91366,43.11136],[-87.91189,43.11134],[-87.912,43.10613],[-87.90887,43.10404],[-87.90709,43.10402],[-87.90706,43.10032],[-87.88741,43.10015],[-87.8868,43.09871],[-87.87636,43.09892],[-87.874,43.09228],[-87.87065,43.08648],[-87.87043,43.08281],[-87.87083,43.08195],[-87.89755,43.08198],[-87.89781,43.0711],[-87.89912,43.07111],[-87.8991,43.07292],[-87.90525,43.07296],[-87.90531,43.0675],[-87.90958,43.06753],[-87.90956,43.06936],[-87.91405,43.06939],[-87.91407,43.06756],[-87.91702,43.06758],[-87.917,43.06941],[-87.91982,43.06943],[-87.9198,43.07118],[-87.92755,43.07123],[-87.92757,43.07041],[-87.92925,43.07044],[-87.92927,43.06953],[-87.93746,43.06963],[-87.93706,43.08961],[-87.9571,43.08993],[-87.95682,43.09693],[-87.9554,43.0992],[-87.95656,43.10077],[-87.95442,43.10063],[-87.95457,43.10461],[-87.93134,43.10433],[-87.929,43.10043],[-87.92506,43.10032],[-87.92645,43.10568],[-87.93044,43.107],[-87.93096,43.108],[-87.92759,43.11052],[-87.92395,43.11138],[-87.9239,43.11479],[-87.92084,43.11871],[-87.92772,43.11882],[-87.92733,43.11518],[-87.93309,43.11527],[-87.93415,43.11894],[-87.94006,43.11904],[-87.94006,43.11703],[-87.9385,43.11539],[-87.94341,43.11545],[-87.94399,43.11237],[-87.94579,43.11226],[-87.94576,43.11336],[-87.94396,43.11321],[-87.9439,43.11547],[-87.94604,43.11552],[-87.94599,43.11715],[-87.94381,43.11856],[-87.94544,43.11913],[-87.94553,43.12089],[-87.94621,43.1209],[-87.94601,43.12824],[-87.95476,43.1485],[-87.94544,43.14838],[-87.94514,43.1587],[-87.94647,43.16025],[-87.93513,43.15904],[-87.92986,43.15223],[-87.93048,43.14824],[-87.92807,43.14417],[-87.92509,43.14215],[-87.9227,43.14188],[-87.92176,43.14055],[-87.91974,43.14056],[-87.91966,43.14337],[-87.91655,43.14371],[-87.91659,43.14266],[-87.91516,43.14264],[-87.91582,43.14774],[-87.91545,43.16229]]]}},{"type":"Feature","properties":{"ad":11,"sd":4},"geometry":{"type":"Polygon","coordinates":[[[-88.00458,43.1633],[-87.97487,43.16314],[-87.97529,43.1486],[-87.96549,43.14859],[-87.9652,43.15588],[-87.95751,43.15582],[-87.96032,43.16229],[-87.95815,43.16227],[-87.95812,43.1631],[-87.9508,43.16304],[-87.94514,43.1587],[-87.94544,43.14838],[-87.95476,43.1485],[-87.94601,43.12824],[-87.94621,43.1209],[-87.94553,43.12089],[-87.94544,43.11913],[-87.94381,43.11856],[-87.94599,43.11715],[-87.94604,43.11552],[-87.9439,43.11547],[-87.94396,43.11321],[-87.94576,43.11336],[-87.94579,43.11226],[-87.94399,43.11237],[-87.94341,43.11545],[-87.9385,43.11539],[-87.94006,43.11703],[-87.94006,43.11904],[-87.93415,43.11894],[-87.93309,43.11527],[-87.92733,43.11518],[-87.92772,43.11882],[-87.92084,43.11871],[-87.9239,43.11479],[-87.92395,43.11138],[-87.92759,43.11052],[-87.93096,43.108],[-87.93044,43.107],[-87.92645,43.10568],[-87.92506,43.10032],[-87.929,43.10043],[-87.93134,43.10433],[-87.98649,43.10472],[-87.9862,43.11204],[-87.99485,43.11215],[-87.99494,43.10716],[-87.99374,43.10715],[-87.99378,43.10483],[-88.0136,43.105],[-88.01375,43.10864],[-88.01479,43.10864],[-88.01462,43.11225],[-88.01581,43.11224],[-88.01492,43.11449],[-88.01532,43.11718],[-88.01312,43.11769],[-88.012,43.1165],[-88.01099,43.1172],[-88.01405,43.11957],[-88.006,43.11953],[-88.0059,43.12954],[-88.01576,43.12787],[-88.01561,43.13513],[-88.01664,43.13922],[-88.01557,43.14045],[-88.0179,43.14307],[-88.01788,43.14868],[-88.0252,43.14864],[-88.02486,43.15593],[-88.005,43.15607],[-88.00458,43.1633]]]}},{"type":"Feature","properties":{"ad":12,"sd":4},"geometry":{"type":"Polygon","coordinates":[[[-88.06336,43.19213],[-87.99418,43.19256],[-87.99426,43.18872],[-87.99333,43.18872],[-87.99368,43.18585],[-87.98586,43.18576],[-87.98596,43.18498],[-87.98445,43.18496],[-87.9847,43.17039],[-87.99462,43.17049],[-87.99476,43.1632],[-88.00458,43.1633],[-88.005,43.15607],[-88.02486,43.15593],[-88.0252,43.14864],[-88.01788,43.14868],[-88.0179,43.14307],[-88.01557,43.14045],[-88.01664,43.13922],[-88.01561,43.13513],[-88.01576,43.12787],[-88.0059,43.12954],[-88.006,43.11953],[-88.01405,43.11957],[-88.01099,43.1172],[-88.012,43.1165],[-88.01312,43.11769],[-88.01532,43.11718],[-88.01492,43.11449],[-88.01581,43.11224],[-88.01462,43.11225],[-88.01479,43.10864],[-88.01375,43.10864],[-88.0136,43.105],[-88.0172,43.10499],[-88.01759,43.08975],[-88.02266,43.08967],[-88.02262,43.08427],[-88.02323,43.08325],[-88.02769,43.08503],[-88.02768,43.0842],[-88.02974,43.08474],[-88.02994,43.08237],[-88.03555,43.08231],[-88.03547,43.08413],[-88.03841,43.08412],[-88.0384,43.08516],[-88.03775,43.08516],[-88.03839,43.08527],[-88.03774,43.08571],[-88.0384,43.08593],[-88.03838,43.08681],[-88.03774,43.08681],[-88.03823,43.08917],[-88.03941,43.08976],[-88.04771,43.08973],[-88.04271,43.09067],[-88.04267,43.09806],[-88.03765,43.09807],[-88.03758,43.10442],[-88.06603,43.10423],[-88.06336,43.19213]]]}},{"type":"Feature","properties":{"ad":13,"sd":5},"geometry":{"type":"Polygon","coordinates":[[[-88.13907,43.10463],[-88.07611,43.10465],[-88.0763,43.09664],[-88.07125,43.09643],[-88.07123,43.09841],[-88.06615,43.0983],[-88.06603,43.10423],[-88.03758,43.10442],[-88.03765,43.09807],[-88.04267,43.09806],[-88.04271,43.09067],[-88.04771,43.09022],[-88.03823,43.08917],[-88.03774,43.08681],[-88.03838,43.08681],[-88.0384,43.08593],[-88.03774,43.08571],[-88.03839,43.08527],[-88.03775,43.08516],[-88.0384,43.08516],[-88.03841,43.08412],[-88.03775,43.08379],[-88.03841,43.08379],[-88.03893,43.08227],[-88.03874,43.07892],[-88.03522,43.07779],[-88.03551,43.07871],[-88.0348,43.07871],[-88.0342,43.07814],[-88.03506,43.07765],[-88.03387,43.07615],[-88.03472,43.07652],[-88.03589,43.0761],[-88.03562,43.07553],[-88.03839,43.07516],[-88.03562,43.0748],[-88.03523,43.07189],[-88.03688,43.06884],[-88.03843,43.06882],[-88.03842,43.0676],[-88.00745,43.06763],[-88.00743,43.06948],[-88.0024,43.06947],[-88.00244,43.06805],[-87.99353,43.06804],[-87.99354,43.0662],[-87.99211,43.06619],[-87.99212,43.0676],[-87.98918,43.06762],[-87.98921,43.06436],[-87.98751,43.06438],[-87.98756,43.05],[-88.00318,43.05227],[-88.01577,43.046],[-88.02063,43.04583],[-88.02054,43.04443],[-88.01918,43.04309],[-88.02003,43.04136],[-88.01931,43.03859],[-88.03149,43.03879],[-88.03139,43.03547],[-88.03336,43.03523],[-88.04705,43.03509],[-88.04732,43.04109],[-88.05828,43.04005],[-88.05822,43.03598],[-88.06611,43.03655],[-88.08307,43.03583],[-88.09482,43.03677],[-88.10707,43.03594],[-88.10645,43.05695],[-88.10591,43.05725],[-88.1066,43.05844],[-88.10601,43.05934],[-88.10751,43.06049],[-88.14598,43.06134],[-88.14592,43.09737],[-88.14337,43.09677],[-88.13976,43.09731],[-88.13932,43.0991],[-88.13996,43.10273],[-88.13907,43.10463]]]}},{"type":"Feature","properties":{"ad":14,"sd":5},"geometry":{"type":"Polygon","coordinates":[[[-88.04732,43.04109],[-88.04705,43.03509],[-88.04472,43.03491],[-88.03359,43.0352],[-88.03139,43.03547],[-88.03149,43.03879],[-88.02191,43.03893],[-88.02186,43.03594],[-88.02364,43.03593],[-88.02358,43.03118],[-88.01624,43.03134],[-88.01725,43.0322],[-88.01608,43.03601],[-88.00997,43.035],[-88.00168,43.03573],[-88.0013,43.03414],[-87.99677,43.03408],[-87.99681,43.03553],[-87.99555,43.03541],[-87.99519,43.03653],[-87.99174,43.03623],[-87.99175,43.03677],[-87.98994,43.0369],[-87.98994,43.03632],[-87.98872,43.03639],[-87.98872,43.03538],[-87.98751,43.03539],[-87.98751,43.03317],[-87.98473,43.03317],[-87.98658,43.03041],[-87.99243,43.03038],[-87.99244,43.02963],[-87.99369,43.02963],[-87.99371,43.02457],[-87.99243,43.02415],[-88.0,43.02418],[-88.00024,43.01222],[-87.9979,43.01223],[-87.9975,42.99906],[-88.0019,42.99902],[-88.0021,42.98833],[-88.0422,42.98809],[-88.04232,42.98448],[-88.04725,42.98445],[-88.0474,42.98084],[-88.06863,42.98097],[-88.06694,43.03644],[-88.05822,43.03598],[-88.05828,43.04005],[-88.04732,43.04109]]]}},{"type":"Feature","properties":{"ad":15,"sd":5},"geometry":{"type":"Polygon","coordinates":[[[-88.27055,43.10513],[-88.13907,43.10463],[-88.13996,43.10273],[-88.13932,43.0991],[-88.13976,43.09731],[-88.14337,43.09677],[-88.14592,43.09737],[-88.14598,43.06134],[-88.10751,43.06049],[-88.10601,43.05934],[-88.1066,43.05844],[-88.10591,43.05725],[-88.10645,43.05695],[-88.10707,43.03594],[-88.09482,43.03677],[-88.08274,43.03583],[-88.06694,43.03644],[-88.06726,43.01641],[-88.19442,43.01741],[-88.19447,43.01642],[-88.19652,43.01646],[-88.19651,43.01727],[-88.20096,43.01731],[-88.20137,43.02067],[-88.21107,43.01919],[-88.22178,43.01469],[-88.22003,43.0222],[-88.22134,43.02248],[-88.21968,43.02852],[-88.22165,43.02868],[-88.2209,43.03114],[-88.22175,43.03114],[-88.2217,43.03549],[-88.22308,43.03731],[-88.2231,43.03802],[-88.22076,43.03856],[-88.22311,43.03857],[-88.22313,43.03951],[-88.22405,43.03952],[-88.22404,43.04063],[-88.2221,43.04048],[-88.22208,43.04313],[-88.2259,43.04313],[-88.22585,43.04262],[-88.22928,43.04421],[-88.23049,43.04493],[-88.23069,43.04791],[-88.23145,43.04841],[-88.23924,43.04775],[-88.24563,43.04621],[-88.24562,43.04688],[-88.24918,43.0474],[-88.25131,43.05036],[-88.25158,43.05966],[-88.2655,43.05943],[-88.26572,43.05387],[-88.2681,43.05388],[-88.26815,43.05023],[-88.2708,43.05025],[-88.27086,43.04692],[-88.28103,43.05208],[-88.28243,43.05208],[-88.28248,43.05028],[-88.28556,43.04992],[-88.28566,43.04668],[-88.29008,43.04656],[-88.28962,43.0455],[-88.29211,43.04485],[-88.29245,43.04323],[-88.29033,43.04193],[-88.288,43.0428],[-88.28653,43.04227],[-88.28658,43.03957],[-88.29069,43.03931],[-88.29108,43.03739],[-88.29001,43.03724],[-88.28983,43.03798],[-88.2858,43.03727],[-88.2856,43.03207],[-88.30467,43.03187],[-88.30382,43.0694],[-88.30464,43.07238],[-88.30374,43.07263],[-88.30383,43.08268],[-88.30301,43.08319],[-88.30377,43.08412],[-88.30272,43.08622],[-88.30367,43.08622],[-88.30373,43.10497],[-88.27501,43.10507],[-88.27101,43.10619],[-88.27055,43.10513]]]}},{"type":"Feature","properties":{"ad":16,"sd":6},"geometry":{"type":"Polygon","coordinates":[[[-87.9571,43.08993],[-87.93706,43.08961],[-87.93746,43.06963],[-87.92927,43.06953],[-87.92925,43.07044],[-87.92757,43.07041],[-87.92755,43.07123],[-87.9198,43.07118],[-87.91982,43.06943],[-87.917,43.06941],[-87.91702,43.06758],[-87.91407,43.06756],[-87.91405,43.06939],[-87.90956,43.06936],[-87.90958,43.06753],[-87.90531,43.0675],[-87.90525,43.07296],[-87.8991,43.07292],[-87.89912,43.07111],[-87.89781,43.0711],[-87.89803,43.05684],[-87.90079,43.0565],[-87.90436,43.05451],[-87.91327,43.04652],[-87.91329,43.04333],[-87.91006,43.03808],[-87.91081,43.03207],[-87.91881,43.03324],[-87.92127,43.0322],[-87.93297,43.0328],[-87.93292,43.03612],[-87.93792,43.03613],[-87.93791,43.03749],[-87.94162,43.0375],[-87.94159,43.0387],[-87.93939,43.03869],[-87.93938,43.04025],[-87.93665,43.04026],[-87.93662,43.04324],[-87.93908,43.04324],[-87.93907,43.04435],[-87.93783,43.04435],[-87.93778,43.04861],[-87.94885,43.04866],[-87.94887,43.04589],[-87.95767,43.0459],[-87.9571,43.08993]]]}},{"type":"Feature","properties":{"ad":17,"sd":6},"geometry":{"type":"Polygon","coordinates":[[[-87.9862,43.11204],[-87.98649,43.10472],[-87.95457,43.10461],[-87.95442,43.10063],[-87.95656,43.10077],[-87.9554,43.0992],[-87.95685,43.09655],[-87.967,43.09686],[-87.96724,43.08252],[-87.97478,43.08247],[-87.97495,43.06796],[-87.97748,43.06798],[-87.97757,43.06067],[-87.98755,43.06071],[-87.98751,43.06438],[-87.98921,43.06436],[-87.98918,43.06762],[-87.99212,43.0676],[-87.99211,43.06619],[-87.99354,43.0662],[-87.99353,43.06804],[-88.00244,43.06805],[-88.0024,43.06947],[-88.00743,43.06948],[-88.00745,43.06763],[-88.03842,43.0676],[-88.03843,43.06882],[-88.03688,43.06884],[-88.03523,43.07189],[-88.03562,43.0748],[-88.03839,43.07516],[-88.03562,43.07553],[-88.03589,43.0761],[-88.03472,43.07652],[-88.03387,43.07615],[-88.03506,43.07765],[-88.0342,43.07814],[-88.0348,43.07871],[-88.03551,43.07871],[-88.03522,43.07779],[-88.03874,43.07892],[-88.03841,43.08379],[-88.03547,43.08413],[-88.03555,43.08231],[-88.02994,43.08237],[-88.02974,43.08474],[-88.02768,43.0842],[-88.02769,43.08503],[-88.02323,43.08325],[-88.02262,43.08427],[-88.02266,43.08967],[-88.01759,43.08975],[-88.0172,43.10499],[-87.99378,43.10483],[-87.99374,43.10715],[-87.99494,43.10716],[-87.99485,43.11215],[-87.9862,43.11204]]]}},{"type":"Feature","properties":{"ad":18,"sd":6},"geometry":{"type":"Polygon","coordinates":[[[-87.967,43.09686],[-87.95685,43.09655],[-87.95767,43.0459],[-87.94887,43.04589],[-87.94885,43.04866],[-87.93778,43.04861],[-87.93783,43.04435],[-87.93907,43.04435],[-87.93908,43.04324],[-87.93662,43.04324],[-87.93665,43.04026],[-87.93938,43.04025],[-87.93939,43.03869],[-87.94159,43.0387],[-87.94162,43.0375],[-87.93791,43.03749],[-87.93792,43.03613],[-87.93292,43.03612],[-87.93293,43.03551],[-87.945,43.03556],[-87.9523,43.03235],[-87.96219,43.03229],[-87.96846,43.0336],[-87.96789,43.03883],[-87.97638,43.0388],[-87.97621,43.03682],[-87.99519,43.03653],[-87.99555,43.03541],[-87.99681,43.03553],[-87.99677,43.03408],[-88.0013,43.03414],[-88.00168,43.03573],[-88.00997,43.035],[-88.01608,43.03601],[-88.01725,43.0322],[-88.01624,43.03134],[-88.02358,43.03118],[-88.02364,43.03593],[-88.02186,43.03594],[-88.0219,43.03852],[-88.01931,43.03859],[-88.02003,43.04136],[-88.01918,43.04309],[-88.02054,43.04443],[-88.02063,43.04583],[-88.01577,43.046],[-88.00318,43.05227],[-87.98756,43.05],[-87.98755,43.06071],[-87.97757,43.06067],[-87.97748,43.06798],[-87.97495,43.06796],[-87.97478,43.08247],[-87.96724,43.08252],[-87.967,43.09686]]]}},{"type":"Feature","properties":{"ad":19,"sd":7},"geometry":{"type":"Polygon","coordinates":[[[-87.8973,43.08198],[-87.87083,43.08195],[-87.86677,43.07459],[-87.86383,43.07414],[-87.86385,43.07072],[-87.86773,43.06682],[-87.86865,43.06461],[-87.87177,43.06346],[-87.87491,43.06021],[-87.87555,43.05804],[-87.88047,43.05368],[-87.88197,43.05327],[-87.88147,43.05274],[-87.88229,43.05195],[-87.87955,43.0475],[-87.88023,43.04469],[-87.88026,43.04535],[-87.88151,43.04522],[-87.88018,43.04548],[-87.87969,43.04753],[-87.88198,43.05119],[-87.88279,43.0512],[-87.88294,43.05021],[-87.88376,43.05145],[-87.88603,43.05152],[-87.88679,43.05301],[-87.88662,43.05163],[-87.88769,43.05113],[-87.88709,43.05045],[-87.88941,43.04806],[-87.88855,43.04719],[-87.8899,43.04587],[-87.88798,43.04483],[-87.8863,43.04648],[-87.8818,43.04613],[-87.88397,43.04621],[-87.88878,43.04294],[-87.89501,43.04254],[-87.89672,43.03783],[-87.89349,43.0376],[-87.89378,43.0352],[-87.89428,43.03503],[-87.89397,43.03744],[-87.89698,43.0366],[-87.89648,43.03445],[-87.89748,43.03406],[-87.89827,43.03034],[-87.8973,43.02907],[-87.89575,43.02967],[-87.89568,43.0309],[-87.8972,43.03243],[-87.89645,43.03275],[-87.89648,43.0342],[-87.89526,43.0344],[-87.89488,43.0353],[-87.89402,43.0304],[-87.89598,43.02852],[-87.89595,43.02597],[-87.89526,43.0259],[-87.89883,43.02578],[-87.89849,43.02449],[-87.89469,43.02494],[-87.8942,43.0229],[-87.89729,43.02011],[-87.89699,43.0194],[-87.89468,43.02137],[-87.89426,43.02051],[-87.89656,43.01843],[-87.89619,43.01747],[-87.8939,43.01954],[-87.89304,43.01811],[-87.89542,43.01589],[-87.89385,43.0123],[-87.89123,43.01449],[-87.89378,43.01214],[-87.89161,43.00716],[-87.88761,43.00815],[-87.88439,43.00487],[-87.88792,43.00231],[-87.88669,43.00139],[-87.8878,43.0006],[-87.88714,43.00082],[-87.88416,42.99784],[-87.88271,42.99775],[-87.88273,42.99671],[-87.88038,42.99399],[-87.87134,42.98808],[-87.88859,42.98823],[-87.89293,42.99743],[-87.89679,42.99564],[-87.90706,42.99563],[-87.90694,43.0029],[-87.90897,43.00289],[-87.90887,43.00783],[-87.90592,43.01008],[-87.90286,43.01736],[-87.90751,43.01782],[-87.90352,43.01825],[-87.9045,43.01935],[-87.90775,43.01959],[-87.90488,43.01963],[-87.90595,43.02232],[-87.90382,43.02533],[-87.90569,43.02868],[-87.91082,43.03203],[-87.91006,43.03808],[-87.91329,43.04333],[-87.91334,43.04622],[-87.91273,43.04757],[-87.90436,43.05451],[-87.90079,43.0565],[-87.89803,43.05684],[-87.8973,43.08198]]]}},{"type":"Feature","properties":{"ad":20,"sd":7},"geometry":{"type":"MultiPolygon","coordinates":[[[[-87.89293,42.99743],[-87.88859,42.98823],[-87.87134,42.98808],[-87.86439,42.98394],[-87.85688,42.97808],[-87.85459,42.97799],[-87.8533,42.97625],[-87.85441,42.97524],[-87.85015,42.97058],[-87.84535,42.96213],[-87.84459,42.95779],[-87.84543,42.955],[-87.84337,42.9511],[-87.84305,42.94286],[-87.84474,42.93812],[-87.84598,42.92932],[-87.84382,42.92116],[-87.83942,42.9149],[-87.83926,42.91305],[-87.84074,42.91079],[-87.84058,42.90631],[-87.84452,42.90757],[-87.8413,42.90643],[-87.84239,42.90432],[-87.84277,42.90498],[-87.84195,42.90585],[-87.84297,42.90635],[-87.84368,42.9056],[-87.8429,42.90529],[-87.84322,42.90482],[-87.84494,42.90424],[-87.84622,42.90264],[-87.84697,42.89786],[-87.84791,42.89711],[-87.84737,42.89314],[-87.88211,42.89359],[-87.8814,42.93004],[-87.88785,42.93004],[-87.88326,42.95914],[-87.88969,42.95925],[-87.88962,42.96431],[-87.89406,42.9662],[-87.89443,42.98241],[-87.90292,42.98244],[-87.90293,42.98103],[-87.90059,42.98103],[-87.90064,42.97833],[-87.90569,42.97834],[-87.90559,42.98104],[-87.90949,42.98105],[-87.90933,42.9907],[-87.91092,42.99375],[-87.91,42.99375],[-87.90997,42.9952],[-87.89679,42.99564],[-87.89293,42.99743]]],[[[-87.84285,42.9046],[-87.84292,42.90455],[-87.84308,42.9048],[-87.84285,42.9046]]]]}},{"type":"Feature","properties":{"ad":21,"sd":7},"geometry":{"type":"Polygon","coordinates":[[[-87.90269,42.98244],[-87.89443,42.98241],[-87.89406,42.9662],[-87.88962,42.96431],[-87.88969,42.95925],[-87.88326,42.95914],[-87.88785,42.93004],[-87.8814,42.93004],[-87.88211,42.89359],[-87.84737,42.89314],[-87.84677,42.89046],[-87.8435,42.89027],[-87.84365,42.88526],[-87.84648,42.88405],[-87.84458,42.88082],[-87.84454,42.87842],[-87.84317,42.8748],[-87.84356,42.87356],[-87.83408,42.8542],[-87.82918,42.84889],[-87.8267,42.8491],[-87.82598,42.84808],[-87.82535,42.84686],[-87.82845,42.84592],[-87.82816,42.84538],[-87.82497,42.84617],[-87.82802,42.84511],[-87.82642,42.84224],[-87.95191,42.84355],[-87.94939,42.93038],[-87.96372,42.9304],[-87.96367,42.93207],[-87.96231,42.93281],[-87.96224,42.93584],[-87.9631,42.93764],[-87.96468,42.93837],[-87.96451,42.94489],[-87.96327,42.94489],[-87.96331,42.94331],[-87.96228,42.94311],[-87.96022,42.94329],[-87.96017,42.94488],[-87.95806,42.94488],[-87.9572,42.9437],[-87.95464,42.94368],[-87.94909,42.94369],[-87.94906,42.94487],[-87.92942,42.94476],[-87.92922,42.95928],[-87.92654,42.95926],[-87.92708,42.96619],[-87.92918,42.9661],[-87.92912,42.97378],[-87.91935,42.97378],[-87.91923,42.98162],[-87.91576,42.98232],[-87.91558,42.98106],[-87.90559,42.98104],[-87.90569,42.97834],[-87.90064,42.97833],[-87.90059,42.98103],[-87.90293,42.98103],[-87.90269,42.98244]]]}},{"type":"Feature","properties":{"ad":22,"sd":8},"geometry":{"type":"Polygon","coordinates":[[[-87.8102,43.45588],[-87.81241,43.45211],[-87.81271,43.45013],[-87.81494,43.44907],[-87.8215,43.44215],[-87.82572,43.43577],[-87.832,43.42846],[-87.85525,43.40578],[-87.85674,43.40278],[-87.86413,43.39388],[-87.8638,43.39326],[-87.86526,43.39045],[-87.86401,43.38978],[-87.86574,43.3896],[-87.86687,43.38752],[-87.86765,43.38771],[-87.86702,43.38909],[-87.8677,43.3891],[-87.86823,43.38765],[-87.86701,43.38685],[-87.87038,43.38721],[-87.86888,43.38681],[-87.86906,43.38627],[-87.86398,43.38521],[-87.86476,43.38405],[-87.86856,43.38502],[-87.86419,43.3835],[-87.8664,43.38409],[-87.86708,43.38304],[-87.86892,43.38361],[-87.8709,43.38173],[-87.87708,43.36939],[-87.88169,43.3527],[-87.88578,43.32933],[-87.88564,43.32258],[-87.8882,43.31481],[-87.88885,43.30706],[-87.88991,43.30704],[-87.89082,43.30446],[-87.88982,43.30448],[-87.89139,43.30245],[-87.89179,43.3002],[-87.89921,43.28945],[-87.90278,43.28032],[-87.94175,43.28005],[-87.94354,43.277],[-87.94543,43.27637],[-87.94816,43.27678],[-87.94958,43.27545],[-87.94861,43.27027],[-87.94444,43.27038],[-87.94233,43.2673],[-87.94403,43.26613],[-87.94644,43.26686],[-87.94754,43.26646],[-87.94728,43.26506],[-87.9448,43.26247],[-87.94654,43.26034],[-87.94744,43.25551],[-87.94424,43.25241],[-87.94071,43.25072],[-87.93702,43.2469],[-87.93336,43.24436],[-87.93244,43.24479],[-87.93298,43.24371],[-87.93234,43.24166],[-87.93573,43.23958],[-87.94096,43.23893],[-87.94527,43.23605],[-87.94833,43.23762],[-87.95188,43.23667],[-87.95626,43.23399],[-87.96119,43.23487],[-87.96419,43.23298],[-87.9653,43.23451],[-87.96383,43.23487],[-87.96383,43.23891],[-87.96882,43.23944],[-87.96894,43.24336],[-87.98878,43.24346],[-87.98875,43.22782],[-87.98898,43.22541],[-87.98964,43.22541],[-87.98968,43.22172],[-88.00362,43.22177],[-88.00371,43.20712],[-87.98385,43.20711],[-87.98396,43.19255],[-88.06336,43.19213],[-88.06379,43.22113],[-88.08367,43.22106],[-88.08394,43.23555],[-88.18217,43.23619],[-88.18167,43.28079],[-88.0633,43.27889],[-88.06243,43.3673],[-87.95109,43.36784],[-87.951,43.36423],[-87.95224,43.36422],[-87.95291,43.36015],[-87.94773,43.3604],[-87.94876,43.36787],[-87.92023,43.36826],[-87.92054,43.38379],[-87.91915,43.38376],[-87.92055,43.38426],[-87.92056,43.38499],[-87.91936,43.38518],[-87.91856,43.38403],[-87.91706,43.38405],[-87.91704,43.38291],[-87.91557,43.38294],[-87.91571,43.3869],[-87.92059,43.38704],[-87.92054,43.45585],[-87.8102,43.45588]]]}},{"type":"Feature","properties":{"ad":23,"sd":8},"geometry":{"type":"Polygon","coordinates":[[[-87.90278,43.28032],[-87.91129,43.25372],[-87.912,43.24701],[-87.91107,43.23938],[-87.90926,43.23339],[-87.90579,43.22654],[-87.89678,43.21448],[-87.89596,43.20886],[-87.89769,43.20275],[-87.89638,43.19758],[-87.89231,43.19146],[-87.88703,43.18605],[-87.88567,43.18119],[-87.88093,43.17059],[-87.88516,43.1618],[-87.88795,43.15884],[-87.89168,43.14939],[-87.90085,43.13662],[-87.90118,43.12967],[-87.89878,43.12164],[-87.89382,43.11464],[-87.87636,43.09892],[-87.8868,43.09871],[-87.88741,43.10015],[-87.90706,43.10032],[-87.90709,43.10402],[-87.90887,43.10404],[-87.912,43.10613],[-87.91189,43.11134],[-87.91366,43.11136],[-87.91361,43.1129],[-87.91185,43.11288],[-87.91226,43.11806],[-87.9117,43.11805],[-87.9115,43.12589],[-87.91211,43.1259],[-87.91217,43.13254],[-87.90816,43.13465],[-87.90777,43.14292],[-87.9079,43.144],[-87.90862,43.14401],[-87.90832,43.14987],[-87.91433,43.15032],[-87.91243,43.15358],[-87.91176,43.16194],[-87.91545,43.16229],[-87.91582,43.14774],[-87.91516,43.14264],[-87.91659,43.14266],[-87.91655,43.14371],[-87.91966,43.14337],[-87.91974,43.14056],[-87.92145,43.14054],[-87.9227,43.14188],[-87.92509,43.14215],[-87.92827,43.14443],[-87.9305,43.14831],[-87.92986,43.15223],[-87.93513,43.15904],[-87.94068,43.1592],[-87.94078,43.16013],[-87.94647,43.16025],[-87.94649,43.15973],[-87.9508,43.16304],[-87.95812,43.1631],[-87.95815,43.16227],[-87.96032,43.16229],[-87.95751,43.15582],[-87.9652,43.15588],[-87.96549,43.14859],[-87.97529,43.1486],[-87.97487,43.16314],[-87.99476,43.1632],[-87.99462,43.17049],[-87.9847,43.17039],[-87.98445,43.18496],[-87.98596,43.18498],[-87.98586,43.18576],[-87.99368,43.18585],[-87.99333,43.18872],[-87.99426,43.18872],[-87.99418,43.19256],[-87.98396,43.19255],[-87.98385,43.20711],[-88.00371,43.20712],[-88.00362,43.22177],[-87.98968,43.22172],[-87.98964,43.22541],[-87.98898,43.22541],[-87.98875,43.22782],[-87.98878,43.24346],[-87.96894,43.24336],[-87.96882,43.23944],[-87.96383,43.23891],[-87.96383,43.23487],[-87.9653,43.23451],[-87.96419,43.23298],[-87.96119,43.23487],[-87.95626,43.23399],[-87.95188,43.23667],[-87.94833,43.23762],[-87.94527,43.23605],[-87.94096,43.23893],[-87.93573,43.23958],[-87.93234,43.24166],[-87.93298,43.24371],[-87.93244,43.24479],[-87.93336,43.24436],[-87.93702,43.2469],[-87.94071,43.25072],[-87.94424,43.25241],[-87.94744,43.25551],[-87.94654,43.26034],[-87.9448,43.26247],[-87.94728,43.26506],[-87.94754,43.26646],[-87.94644,43.26686],[-87.94403,43.26613],[-87.94233,43.2673],[-87.94444,43.27038],[-87.94755,43.26998],[-87.94903,43.27081],[-87.94985,43.27467],[-87.94876,43.27638],[-87.94354,43.277],[-87.94175,43.28005],[-87.90278,43.28032]]]}},{"type":"Feature","properties":{"ad":24,"sd":8},"geometry":{"type":"Polygon","coordinates":[[[-88.18217,43.23619],[-88.08394,43.23555],[-88.08367,43.22106],[-88.06379,43.22113],[-88.06349,43.18427],[-88.06615,43.0983],[-88.07123,43.09841],[-88.07125,43.09643],[-88.0763,43.09664],[-88.07611,43.10465],[-88.18568,43.10471],[-88.18223,43.19258],[-88.13642,43.19201],[-88.14269,43.19607],[-88.14263,43.20909],[-88.157,43.22133],[-88.1622,43.22138],[-88.1623,43.20843],[-88.16861,43.21108],[-88.17173,43.20969],[-88.17407,43.20975],[-88.17512,43.20823],[-88.17495,43.20703],[-88.18218,43.20711],[-88.18217,43.23619]]]}},{"type":"Feature","properties":{"ad":25,"sd":9},"geometry":{"type":"Polygon","coordinates":[[[-87.60012,44.24052],[-87.51282,44.24039],[-87.50877,44.23121],[-87.50667,44.21893],[-87.50746,44.20737],[-87.51151,44.19438],[-87.51825,44.18101],[-87.52914,44.16788],[-87.54357,44.15651],[-87.56025,44.14678],[-87.56222,44.14439],[-87.56068,44.14265],[-87.5623,44.14435],[-87.56306,44.14403],[-87.5617,44.1422],[-87.56303,44.14384],[-87.57394,44.14105],[-87.60167,44.13147],[-87.61612,44.12507],[-87.63702,44.11248],[-87.64764,44.10383],[-87.64747,44.10245],[-87.64862,44.09999],[-87.64454,44.09881],[-87.64547,44.0941],[-87.64366,44.09263],[-87.64832,44.09485],[-87.64774,44.09481],[-87.64715,44.09905],[-87.64859,44.09971],[-87.64974,44.09754],[-87.64986,44.0954],[-87.64894,44.09493],[-87.65093,44.09522],[-87.6519,44.09413],[-87.65186,44.09236],[-87.65778,44.09261],[-87.65775,44.09189],[-87.65123,44.09161],[-87.65053,44.08914],[-87.64698,44.0895],[-87.64367,44.09138],[-87.64687,44.08944],[-87.64899,44.08925],[-87.65424,44.08186],[-87.65552,44.07732],[-87.65547,44.07368],[-87.65372,44.06682],[-87.65345,44.05801],[-87.65514,44.05292],[-87.67365,44.03496],[-87.68337,44.02028],[-87.6955,43.9896],[-87.69893,43.96595],[-87.70395,43.95666],[-87.71605,43.94371],[-87.71905,43.93778],[-87.72131,43.9268],[-87.72376,43.9198],[-87.72372,43.91575],[-87.72625,43.91034],[-87.72681,43.90313],[-87.73159,43.89272],[-87.73597,43.88044],[-87.73583,43.87358],[-87.73376,43.86566],[-87.72823,43.85125],[-87.72837,43.84491],[-87.72988,43.83738],[-87.72957,43.82897],[-87.72854,43.82087],[-87.72578,43.81588],[-87.72671,43.81399],[-87.7267,43.81156],[-87.72423,43.80572],[-87.77929,43.80505],[-87.764,43.79328],[-87.7641,43.78993],[-87.78012,43.79011],[-87.77978,43.76021],[-87.78484,43.7601],[-87.78485,43.7594],[-87.78778,43.75942],[-87.78776,43.76046],[-87.79501,43.76027],[-87.79499,43.74492],[-87.80015,43.74496],[-87.8015,43.89193],[-87.92226,43.89204],[-87.92241,43.979],[-87.80163,43.97916],[-87.80156,44.15315],[-87.66056,44.15367],[-87.66053,44.19709],[-87.60012,44.19758],[-87.60012,44.24052]]]}},{"type":"Feature","properties":{"ad":26,"sd":9},"geometry":{"type":"Polygon","coordinates":[[[-87.72417,43.8056],[-87.71119,43.78489],[-87.70545,43.77336],[-87.70061,43.76753],[-87.6978,43.76543],[-87.69597,43.76572],[-87.69519,43.76454],[-87.69578,43.76259],[-87.69953,43.76161],[-87.70217,43.75926],[-87.70302,43.75748],[-87.70273,43.755],[-87.69947,43.75439],[-87.69258,43.74948],[-87.69741,43.7528],[-87.70082,43.75072],[-87.69788,43.75286],[-87.6997,43.75424],[-87.70226,43.75311],[-87.7032,43.75075],[-87.70287,43.74859],[-87.69474,43.74858],[-87.70158,43.74853],[-87.70409,43.74681],[-87.70729,43.74311],[-87.70959,43.73747],[-87.70972,43.73037],[-87.70876,43.72488],[-87.70449,43.71441],[-87.70294,43.70828],[-87.7028,43.70187],[-87.70368,43.69744],[-87.70275,43.68931],[-87.70349,43.6847],[-87.70726,43.67749],[-87.71693,43.66454],[-87.72862,43.64629],[-87.74156,43.62947],[-87.79545,43.6304],[-87.79391,43.63439],[-87.78926,43.63674],[-87.78927,43.63764],[-87.78769,43.63787],[-87.7923,43.6386],[-87.79246,43.63918],[-87.79649,43.6304],[-87.79597,43.63174],[-87.79917,43.63174],[-87.80033,43.66988],[-87.80021,43.71775],[-87.76808,43.71768],[-87.76807,43.71399],[-87.7643,43.714],[-87.76429,43.71218],[-87.76161,43.71214],[-87.7615,43.71494],[-87.7629,43.71765],[-87.76044,43.72135],[-87.75944,43.7284],[-87.75997,43.72838],[-87.75996,43.73196],[-87.74989,43.73205],[-87.74987,43.7356],[-87.75735,43.73569],[-87.75769,43.73935],[-87.76404,43.75375],[-87.77473,43.75382],[-87.77469,43.7603],[-87.77873,43.76033],[-87.77873,43.75852],[-87.77969,43.75852],[-87.78012,43.79011],[-87.7641,43.78993],[-87.764,43.79328],[-87.77929,43.80505],[-87.72417,43.8056]]]}},{"type":"Feature","properties":{"ad":27,"sd":9},"geometry":{"type":"Polygon","coordinates":[[[-88.04214,43.97918],[-87.92241,43.979],[-87.92226,43.89204],[-87.8015,43.89193],[-87.80015,43.74496],[-87.79499,43.74492],[-87.79501,43.76027],[-87.78776,43.76046],[-87.78778,43.75942],[-87.78485,43.7594],[-87.78484,43.7601],[-87.77969,43.76021],[-87.77969,43.75852],[-87.77873,43.75852],[-87.77873,43.76033],[-87.77469,43.7603],[-87.77473,43.75382],[-87.76404,43.75375],[-87.75769,43.73935],[-87.75735,43.73569],[-87.74987,43.7356],[-87.74989,43.73205],[-87.75996,43.73196],[-87.75997,43.72838],[-87.75944,43.7284],[-87.76044,43.72135],[-87.7629,43.71765],[-87.7615,43.71494],[-87.76161,43.71214],[-87.76429,43.71218],[-87.7643,43.714],[-87.76807,43.71399],[-87.76808,43.71768],[-87.80021,43.71775],[-87.80033,43.66988],[-87.79917,43.63174],[-87.79597,43.63174],[-87.79617,43.6304],[-87.79246,43.63918],[-87.7923,43.6386],[-87.78769,43.63787],[-87.78927,43.63764],[-87.78926,43.63674],[-87.79391,43.63439],[-87.79545,43.6304],[-87.77907,43.63033],[-87.77721,43.62976],[-87.77694,43.63034],[-87.76944,43.6303],[-87.77031,43.61574],[-87.79933,43.61581],[-87.79935,43.61511],[-87.80039,43.61511],[-87.80037,43.61583],[-87.8026,43.61585],[-87.80128,43.6186],[-87.80434,43.61853],[-87.80432,43.61944],[-87.80935,43.61943],[-87.80923,43.62667],[-87.80795,43.6267],[-87.80794,43.62887],[-87.80417,43.62922],[-87.80521,43.62955],[-87.8052,43.63035],[-87.92081,43.63108],[-88.15998,43.63046],[-88.16116,43.80451],[-88.28127,43.80464],[-88.28125,43.79007],[-88.36638,43.79078],[-88.36643,43.79442],[-88.37144,43.79436],[-88.3715,43.79968],[-88.37394,43.80021],[-88.37455,43.79809],[-88.37651,43.79801],[-88.37649,43.79638],[-88.38143,43.79635],[-88.38072,43.79964],[-88.38224,43.80222],[-88.38202,43.8047],[-88.39172,43.80475],[-88.39495,43.80334],[-88.39358,43.80271],[-88.39356,43.80134],[-88.389,43.79923],[-88.38887,43.79468],[-88.38403,43.79437],[-88.40209,43.79461],[-88.40219,43.80651],[-88.39551,43.80971],[-88.3933,43.81225],[-88.39238,43.81186],[-88.39318,43.81234],[-88.39257,43.8136],[-88.38905,43.81855],[-88.38965,43.81937],[-88.38878,43.82068],[-88.38934,43.82291],[-88.38878,43.82411],[-88.38954,43.82437],[-88.38728,43.82865],[-88.38793,43.83199],[-88.38632,43.832],[-88.38792,43.83216],[-88.38715,43.83474],[-88.38749,43.838],[-88.38828,43.83869],[-88.38776,43.84135],[-88.38344,43.84622],[-88.37471,43.85283],[-88.37243,43.85748],[-88.37257,43.85935],[-88.37068,43.86439],[-88.36918,43.8665],[-88.36701,43.86673],[-88.36829,43.86701],[-88.35826,43.87824],[-88.35607,43.88268],[-88.35118,43.8883],[-88.34762,43.89588],[-88.3435,43.90114],[-88.34249,43.90103],[-88.34352,43.90129],[-88.34325,43.90196],[-88.33408,43.91098],[-88.33286,43.91528],[-88.33093,43.91617],[-88.33293,43.91596],[-88.32644,43.91885],[-88.31896,43.92524],[-88.31683,43.92941],[-88.31782,43.93009],[-88.31664,43.93023],[-88.31537,43.93341],[-88.31592,43.93438],[-88.31495,43.93767],[-88.16166,43.93769],[-88.16228,43.89152],[-88.0418,43.8917],[-88.04184,43.9065],[-88.0468,43.90652],[-88.0468,43.91075],[-88.04737,43.91053],[-88.04734,43.91185],[-88.04921,43.91187],[-88.0468,43.91226],[-88.04685,43.91963],[-88.05193,43.92507],[-88.05192,43.9272],[-88.05047,43.92683],[-88.05094,43.92792],[-88.0456,43.92792],[-88.04333,43.9236],[-88.04408,43.9236],[-88.04407,43.92269],[-88.04203,43.92131],[-88.04255,43.9236],[-88.04178,43.9236],[-88.04214,43.97918]]]}},{"type":"Feature","properties":{"ad":28,"sd":10},"geometry":{"type":"Polygon","coordinates":[[[-92.55944,45.2103],[-92.3751,45.20919],[-92.15647,45.20956],[-92.15708,45.12162],[-92.13612,45.1214],[-92.13637,45.06785],[-92.11193,45.06778],[-92.11246,45.0316],[-92.01527,45.03116],[-92.01554,44.98098],[-92.01426,44.92529],[-92.01439,44.81485],[-91.9751,44.81493],[-91.97408,44.68385],[-92.13521,44.68438],[-92.13515,44.73818],[-92.13633,44.77154],[-92.25694,44.7719],[-92.37554,44.77543],[-92.49707,44.77574],[-92.49699,44.94921],[-92.61927,44.94927],[-92.6194,45.0789],[-92.79259,45.0788],[-92.77402,45.08915],[-92.76561,45.09574],[-92.75648,45.10102],[-92.75337,45.10388],[-92.74676,45.10706],[-92.74052,45.1134],[-92.73959,45.11561],[-92.74062,45.11846],[-92.74571,45.12314],[-92.74921,45.13747],[-92.7522,45.1425],[-92.74906,45.14867],[-92.75098,45.1576],[-92.7498,45.16331],[-92.75288,45.1671],[-92.75194,45.17133],[-92.75241,45.17392],[-92.76488,45.18282],[-92.76682,45.18547],[-92.76714,45.19417],[-92.76392,45.20487],[-92.76212,45.20717],[-92.75802,45.20957],[-92.55944,45.2103]]]}},{"type":"Feature","properties":{"ad":29,"sd":10},"geometry":{"type":"Polygon","coordinates":[[[-92.77609,44.7757],[-92.37554,44.77543],[-92.25694,44.7719],[-92.13633,44.77154],[-92.13515,44.73818],[-92.13521,44.68438],[-91.65037,44.68364],[-91.65026,44.59666],[-91.52911,44.59621],[-91.52893,44.50945],[-91.16589,44.50976],[-91.16464,44.43562],[-91.16625,44.30534],[-91.16556,44.24745],[-91.35448,44.24728],[-91.35346,44.21517],[-91.36372,44.2153],[-91.36332,44.18661],[-91.37365,44.18659],[-91.37362,44.17207],[-91.38384,44.17198],[-91.38398,44.16454],[-91.39257,44.16471],[-91.39131,44.09168],[-91.39651,44.09168],[-91.39623,44.07014],[-91.39119,44.07013],[-91.39127,44.06372],[-91.41125,44.06392],[-91.41091,44.01318],[-91.40582,44.01318],[-91.40592,43.9922],[-91.40285,43.99077],[-91.40303,43.98781],[-91.4009,43.98782],[-91.40092,43.98424],[-91.4252,43.98433],[-91.42976,43.99379],[-91.43412,43.99788],[-91.44055,44.00153],[-91.45407,44.00521],[-91.46352,44.00905],[-91.46848,44.00949],[-91.48088,44.00815],[-91.495,44.01254],[-91.50713,44.01899],[-91.52432,44.02144],[-91.54704,44.02223],[-91.55901,44.02532],[-91.58261,44.02739],[-91.59563,44.03333],[-91.59938,44.03718],[-91.60502,44.04531],[-91.61049,44.04932],[-91.6279,44.05581],[-91.63815,44.0633],[-91.64054,44.06369],[-91.64472,44.06279],[-91.64788,44.06412],[-91.65225,44.06864],[-91.65701,44.07142],[-91.65952,44.07421],[-91.66527,44.08505],[-91.66701,44.08697],[-91.68154,44.09741],[-91.68576,44.09843],[-91.69129,44.09787],[-91.69532,44.09858],[-91.7075,44.10391],[-91.70821,44.10519],[-91.70809,44.11094],[-91.7106,44.12049],[-91.7191,44.12886],[-91.72156,44.13035],[-91.73066,44.13291],[-91.75175,44.13479],[-91.75673,44.13681],[-91.77449,44.14755],[-91.79668,44.15434],[-91.80807,44.15927],[-91.81731,44.16424],[-91.82917,44.17836],[-91.83249,44.18032],[-91.84476,44.18489],[-91.86439,44.19658],[-91.87517,44.20058],[-91.87744,44.21293],[-91.8898,44.22629],[-91.89271,44.23111],[-91.89297,44.23516],[-91.88791,44.24641],[-91.88705,44.25178],[-91.88914,44.25607],[-91.89602,44.26288],[-91.89677,44.26545],[-91.89566,44.27302],[-91.8964,44.2747],[-91.8987,44.27718],[-91.9058,44.28162],[-91.92029,44.2865],[-91.92221,44.28782],[-91.92462,44.29182],[-91.92498,44.29483],[-91.92411,44.2971],[-91.91437,44.30824],[-91.91358,44.3104],[-91.9162,44.3181],[-91.91863,44.32268],[-91.9256,44.33356],[-91.92823,44.33548],[-91.94132,44.34099],[-91.95953,44.35941],[-91.96682,44.36399],[-91.97711,44.36814],[-91.9873,44.36913],[-92.00017,44.37497],[-92.00619,44.37883],[-92.01932,44.38122],[-92.03815,44.38874],[-92.04629,44.39441],[-92.05356,44.40138],[-92.05649,44.40274],[-92.06164,44.40413],[-92.07227,44.40402],[-92.07861,44.40488],[-92.08725,44.40886],[-92.11232,44.41434],[-92.12111,44.42058],[-92.12452,44.42212],[-92.13958,44.42468],[-92.16246,44.42722],[-92.19539,44.4338],[-92.21517,44.43851],[-92.23086,44.4445],[-92.2339,44.44634],[-92.24489,44.45685],[-92.24908,44.45953],[-92.26248,44.46516],[-92.27399,44.47189],[-92.28237,44.47771],[-92.29101,44.48547],[-92.30222,44.50031],[-92.30297,44.50361],[-92.30247,44.51649],[-92.30305,44.51865],[-92.31083,44.52876],[-92.31408,44.53802],[-92.31736,44.54252],[-92.32235,44.54679],[-92.32902,44.5509],[-92.33612,44.55401],[-92.34757,44.55716],[-92.36153,44.55894],[-92.36831,44.55919],[-92.39155,44.55765],[-92.41568,44.56051],[-92.4264,44.55881],[-92.43509,44.55355],[-92.43863,44.55265],[-92.44286,44.55414],[-92.4589,44.56275],[-92.48099,44.56846],[-92.49372,44.56606],[-92.50867,44.57032],[-92.5198,44.57532],[-92.52801,44.57326],[-92.53992,44.56746],[-92.54252,44.56687],[-92.54639,44.56728],[-92.55003,44.56898],[-92.55147,44.57148],[-92.54926,44.57847],[-92.55041,44.58206],[-92.55645,44.5881],[-92.5615,44.59573],[-92.56895,44.60338],[-92.57716,44.60504],[-92.5816,44.60086],[-92.58622,44.6001],[-92.5888,44.60171],[-92.5905,44.60595],[-92.59568,44.60806],[-92.60162,44.61205],[-92.60727,44.6124],[-92.61472,44.61167],[-92.61979,44.61359],[-92.62254,44.61606],[-92.62357,44.61923],[-92.62338,44.62183],[-92.62018,44.62954],[-92.62022,44.6342],[-92.62185,44.63903],[-92.63203,44.64919],[-92.6558,44.65809],[-92.661,44.66091],[-92.67614,44.67254],[-92.6862,44.68238],[-92.69433,44.68862],[-92.69994,44.69177],[-92.73205,44.71435],[-92.73917,44.71805],[-92.75568,44.72325],[-92.77196,44.73208],[-92.79234,44.73937],[-92.80202,44.74568],[-92.80476,44.74924],[-92.80842,44.75161],[-92.80804,44.75744],[-92.80641,44.76457],[-92.80028,44.76464],[-92.8008,44.76587],[-92.80014,44.76845],[-92.79942,44.76846],[-92.79209,44.76843],[-92.79207,44.76474],[-92.77673,44.76484],[-92.7769,44.77555],[-92.77609,44.7757]]]}},{"type":"Feature","properties":{"ad":30,"sd":10},"geometry":{"type":"Polygon","coordinates":[[[-92.79259,45.0788],[-92.6194,45.0789],[-92.61927,44.94927],[-92.49699,44.94921],[-92.49707,44.77574],[-92.77547,44.77576],[-92.7769,44.77555],[-92.77673,44.76484],[-92.79207,44.76474],[-92.79209,44.76843],[-92.79942,44.76846],[-92.80014,44.76845],[-92.8008,44.76587],[-92.80028,44.76464],[-92.80641,44.76457],[-92.80557,44.76839],[-92.80052,44.77745],[-92.79619,44.78214],[-92.78762,44.78922],[-92.78563,44.79189],[-92.78324,44.79782],[-92.78076,44.81231],[-92.77292,44.82151],[-92.77221,44.82306],[-92.77299,44.82605],[-92.77245,44.8282],[-92.76594,44.83564],[-92.76568,44.84102],[-92.76914,44.854],[-92.76951,44.86201],[-92.76377,44.87207],[-92.76342,44.87415],[-92.77395,44.89001],[-92.77491,44.89281],[-92.77458,44.89809],[-92.77311,44.90138],[-92.76135,44.90691],[-92.75871,44.90899],[-92.75065,44.93731],[-92.75081,44.94158],[-92.75461,44.95578],[-92.76071,44.96499],[-92.76723,44.96809],[-92.76945,44.97216],[-92.77035,44.98334],[-92.76906,44.9882],[-92.77084,44.99414],[-92.77124,45.00139],[-92.76254,45.02056],[-92.76207,45.02433],[-92.76461,45.02878],[-92.77037,45.03381],[-92.77882,45.03934],[-92.78792,45.04352],[-92.79709,45.05066],[-92.80206,45.05743],[-92.80309,45.06099],[-92.80292,45.06541],[-92.80153,45.06863],[-92.79724,45.07271],[-92.79259,45.0788]]]}},{"type":"Feature","properties":{"ad":31,"sd":11},"geometry":{"type":"Polygon","coordinates":[[[-88.54145,42.843],[-88.54393,42.75698],[-88.42602,42.75626],[-88.42349,42.66946],[-88.43319,42.66956],[-88.4331,42.66207],[-88.4354,42.66168],[-88.43548,42.66091],[-88.43798,42.65999],[-88.4379,42.65487],[-88.43293,42.65484],[-88.43295,42.65211],[-88.44293,42.65216],[-88.44289,42.64764],[-88.4526,42.64779],[-88.45265,42.6514],[-88.45753,42.65143],[-88.45753,42.64785],[-88.4599,42.64788],[-88.45997,42.64646],[-88.45589,42.64441],[-88.45617,42.64143],[-88.45722,42.64159],[-88.45574,42.64055],[-88.46233,42.64065],[-88.46232,42.63702],[-88.47212,42.63708],[-88.47234,42.63341],[-88.477,42.63351],[-88.45735,42.61702],[-88.45718,42.61583],[-88.45367,42.61224],[-88.46138,42.61171],[-88.4589,42.60821],[-88.45876,42.60645],[-88.46491,42.60499],[-88.46505,42.59914],[-88.46073,42.59912],[-88.46077,42.59665],[-88.46518,42.59736],[-88.4652,42.59555],[-88.46258,42.59553],[-88.46262,42.58281],[-88.45487,42.58272],[-88.45364,42.58063],[-88.45209,42.58115],[-88.45076,42.58212],[-88.45023,42.58478],[-88.44679,42.58727],[-88.44523,42.58975],[-88.44155,42.59139],[-88.43845,42.59115],[-88.43611,42.58964],[-88.43505,42.59023],[-88.43298,42.58791],[-88.43293,42.58653],[-88.43468,42.5825],[-88.43877,42.5786],[-88.44034,42.57456],[-88.45243,42.5743],[-88.48281,42.56578],[-88.48231,42.54562],[-88.42872,42.54575],[-88.42514,42.54697],[-88.42331,42.5494],[-88.42252,42.49454],[-88.63865,42.49499],[-88.7766,42.49192],[-88.89459,42.49418],[-88.89394,42.59446],[-88.89444,42.66994],[-88.77658,42.66755],[-88.65911,42.66908],[-88.66175,42.75588],[-88.65929,42.84255],[-88.54145,42.843]]]}},{"type":"Feature","properties":{"ad":32,"sd":11},"geometry":{"type":"Polygon","coordinates":[[[-88.08398,42.66991],[-87.95343,42.66957],[-87.9526,42.56754],[-87.94356,42.56768],[-87.94359,42.56836],[-87.94262,42.56835],[-87.9425,42.56766],[-87.93385,42.56754],[-87.93342,42.55088],[-87.94342,42.54825],[-87.94246,42.54623],[-87.94352,42.54496],[-87.94304,42.54419],[-87.94124,42.54476],[-87.9394,42.54399],[-87.93881,42.54132],[-87.93727,42.53906],[-87.93265,42.53801],[-87.93539,42.53636],[-87.9328,42.53507],[-87.93336,42.53177],[-87.92201,42.53371],[-87.91871,42.53587],[-87.91319,42.53772],[-87.91306,42.53419],[-87.91241,42.53418],[-87.88977,42.53402],[-87.88858,42.53455],[-87.88712,42.53688],[-87.8853,42.53751],[-87.86485,42.53719],[-87.86492,42.53553],[-87.86647,42.5346],[-87.86565,42.53373],[-87.86626,42.531],[-87.85408,42.53119],[-87.85383,42.52246],[-87.82398,42.52208],[-87.82329,42.51476],[-87.8172,42.51431],[-87.81096,42.51594],[-87.80847,42.50796],[-87.80503,42.50238],[-87.80607,42.50164],[-87.80561,42.49931],[-87.80447,42.49747],[-87.80331,42.4971],[-87.80388,42.49642],[-87.80305,42.49409],[-87.80119,42.49318],[-87.80048,42.49193],[-87.80535,42.49262],[-87.90282,42.49399],[-88.08107,42.49564],[-88.42252,42.49454],[-88.42331,42.55482],[-88.42232,42.55448],[-88.419,42.55942],[-88.42334,42.56005],[-88.42348,42.56732],[-88.41494,42.56746],[-88.4196,42.57671],[-88.4216,42.57902],[-88.42373,42.57902],[-88.42374,42.5798],[-88.42228,42.57982],[-88.42329,42.58098],[-88.42153,42.58095],[-88.42154,42.58179],[-88.42366,42.58139],[-88.4237,42.58245],[-88.30558,42.58182],[-88.3059,42.61082],[-88.18818,42.61146],[-88.18831,42.66972],[-88.16889,42.66911],[-88.08398,42.66991]]]}},{"type":"Feature","properties":{"ad":33,"sd":11},"geometry":{"type":"Polygon","coordinates":[[[-88.54145,42.843],[-88.34383,42.84286],[-88.34552,42.84083],[-88.3449,42.83859],[-88.34583,42.83767],[-88.34586,42.8354],[-88.34971,42.83546],[-88.35321,42.8312],[-88.35323,42.82831],[-88.33614,42.8281],[-88.33611,42.8301],[-88.33777,42.83011],[-88.33775,42.83128],[-88.33609,42.83129],[-88.33735,42.83173],[-88.33733,42.83312],[-88.33607,42.83311],[-88.33606,42.83627],[-88.32634,42.8353],[-88.32636,42.82444],[-88.3313,42.82447],[-88.33138,42.82087],[-88.3289,42.82085],[-88.32894,42.81913],[-88.32794,42.81848],[-88.32679,42.81899],[-88.32677,42.8199],[-88.3265,42.81912],[-88.3228,42.82102],[-88.32485,42.82173],[-88.32406,42.82426],[-88.32181,42.82162],[-88.32145,42.82437],[-88.32065,42.82397],[-88.31941,42.82502],[-88.31831,42.82459],[-88.3165,42.82605],[-88.31635,42.83462],[-88.31179,42.83456],[-88.31175,42.83656],[-88.30959,42.83699],[-88.31006,42.83798],[-88.30936,42.84001],[-88.30644,42.84068],[-88.30647,42.83987],[-88.3081,42.83929],[-88.30744,42.83858],[-88.30651,42.83892],[-88.30807,42.75549],[-88.22932,42.75601],[-88.22925,42.75213],[-88.22859,42.75148],[-88.229,42.74847],[-88.22548,42.74849],[-88.22548,42.74594],[-88.22069,42.74657],[-88.21962,42.74877],[-88.21966,42.75166],[-88.21687,42.75434],[-88.21698,42.75617],[-88.20424,42.75632],[-88.20744,42.75292],[-88.20453,42.75294],[-88.20456,42.75436],[-88.19967,42.75444],[-88.19965,42.75639],[-87.95399,42.757],[-87.95329,42.66957],[-88.08398,42.66991],[-88.16889,42.66911],[-88.18831,42.66972],[-88.18818,42.61146],[-88.3059,42.61082],[-88.30558,42.58182],[-88.4237,42.58245],[-88.42366,42.58139],[-88.42154,42.58179],[-88.42153,42.58095],[-88.42329,42.58098],[-88.42228,42.57982],[-88.42374,42.5798],[-88.42373,42.57902],[-88.4216,42.57902],[-88.4196,42.57671],[-88.41494,42.56746],[-88.42348,42.56732],[-88.42334,42.56005],[-88.419,42.55942],[-88.42232,42.55448],[-88.42331,42.55482],[-88.42331,42.5494],[-88.42551,42.54672],[-88.43313,42.54556],[-88.48231,42.54562],[-88.48281,42.56578],[-88.45243,42.5743],[-88.44034,42.57456],[-88.43877,42.5786],[-88.43468,42.5825],[-88.43293,42.58653],[-88.43298,42.58791],[-88.43505,42.59023],[-88.43611,42.58964],[-88.43845,42.59115],[-88.44155,42.59139],[-88.44523,42.58975],[-88.44679,42.58727],[-88.45023,42.58478],[-88.45076,42.58212],[-88.45209,42.58115],[-88.45364,42.58063],[-88.45487,42.58272],[-88.46262,42.58281],[-88.46258,42.59553],[-88.4652,42.59555],[-88.46518,42.59736],[-88.46077,42.59665],[-88.46073,42.59912],[-88.46505,42.59914],[-88.46491,42.60499],[-88.45876,42.60645],[-88.4589,42.60821],[-88.46138,42.61171],[-88.45367,42.61224],[-88.45718,42.61583],[-88.45735,42.61702],[-88.477,42.63351],[-88.47234,42.63341],[-88.47212,42.63708],[-88.46232,42.63702],[-88.46233,42.64065],[-88.45574,42.64055],[-88.45722,42.64159],[-88.45617,42.64143],[-88.45589,42.64441],[-88.45997,42.64646],[-88.4599,42.64788],[-88.45753,42.64785],[-88.45753,42.65143],[-88.45265,42.6514],[-88.4526,42.64779],[-88.44289,42.64764],[-88.44293,42.65216],[-88.43295,42.65211],[-88.43293,42.65484],[-88.4379,42.65487],[-88.43798,42.65999],[-88.43548,42.66091],[-88.4354,42.66168],[-88.4331,42.66207],[-88.43319,42.66956],[-88.42349,42.66946],[-88.42602,42.75626],[-88.54393,42.75698],[-88.54145,42.843]]]}},{"type":"Feature","properties":{"ad":34,"sd":12},"geometry":{"type":"Polygon","coordinates":[[[-89.92916,46.29976],[-89.09164,46.13846],[-88.93276,46.07368],[-88.93323,45.98228],[-89.0478,45.98235],[-89.0465,45.46445],[-89.12512,45.46737],[-89.18009,45.46834],[-89.21601,45.46794],[-89.34427,45.47002],[-89.37037,45.46973],[-89.42483,45.46717],[-89.4257,45.49666],[-89.4274,45.51207],[-89.42839,45.53442],[-89.42826,45.55536],[-89.6723,45.55571],[-89.6728,45.64501],[-89.79582,45.64503],[-89.79591,45.5556],[-90.04342,45.55509],[-90.04383,45.65861],[-90.04306,45.71605],[-90.04491,45.75948],[-90.04526,45.79751],[-90.0452,45.81766],[-90.04281,45.87496],[-90.04396,45.98196],[-89.92884,45.98198],[-89.92814,46.05406],[-89.92893,46.1284],[-89.92972,46.14133],[-89.92881,46.16102],[-89.92916,46.29976]]]}},{"type":"Feature","properties":{"ad":35,"sd":12},"geometry":{"type":"Polygon","coordinates":[[[-89.79582,45.64503],[-89.6728,45.64501],[-89.6723,45.55571],[-89.42826,45.55536],[-89.42839,45.53442],[-89.4274,45.51207],[-89.4257,45.49666],[-89.42483,45.46717],[-89.37037,45.46973],[-89.34427,45.47002],[-89.21601,45.46794],[-89.18009,45.46834],[-89.12512,45.46737],[-89.0465,45.46445],[-88.92307,45.46515],[-88.92525,45.40657],[-88.92656,45.39257],[-88.92603,45.37865],[-88.80298,45.37821],[-88.678,45.37894],[-88.55436,45.37768],[-88.55535,45.2764],[-88.67925,45.27706],[-88.68007,45.205],[-88.63818,45.20482],[-88.64117,45.11735],[-88.98247,45.11801],[-88.98137,45.01452],[-88.98204,44.95668],[-88.98133,44.94275],[-89.11373,44.9434],[-89.34688,44.94294],[-89.49176,44.94567],[-89.49221,45.03235],[-89.61077,45.03228],[-89.61092,45.0034],[-89.61355,45.00282],[-89.62456,45.00322],[-89.62685,45.00274],[-89.62744,45.00135],[-89.62204,44.99187],[-89.62127,44.98862],[-89.63367,44.9882],[-89.63385,44.99359],[-89.63124,44.99365],[-89.6363,44.99363],[-89.63649,44.99086],[-89.64133,44.99173],[-89.64122,44.98871],[-89.64612,44.98867],[-89.64644,44.99176],[-89.6477,44.99175],[-89.64778,44.99356],[-89.65034,44.99355],[-89.65047,44.99547],[-89.64914,44.99549],[-89.64923,44.99903],[-89.65572,44.99903],[-89.65557,44.99536],[-89.65841,44.99538],[-89.65856,44.999],[-89.66143,44.999],[-89.66181,45.00001],[-89.66614,45.00002],[-89.66215,44.99537],[-89.66429,44.99538],[-89.66372,44.99477],[-89.66517,44.99432],[-89.66426,44.99334],[-89.66368,44.99361],[-89.66423,44.9942],[-89.66245,44.9947],[-89.65881,44.9913],[-89.65747,44.98872],[-89.66151,44.98848],[-89.66183,44.98921],[-89.66097,44.98961],[-89.66213,44.99085],[-89.66559,44.99017],[-89.66555,44.9892],[-89.66349,44.98849],[-89.66425,44.98766],[-89.6666,44.98812],[-89.66622,44.9808],[-89.66272,44.98081],[-89.66266,44.979],[-89.66614,44.97899],[-89.6661,44.97717],[-89.66085,44.97717],[-89.66091,44.97351],[-89.66251,44.97354],[-89.66253,44.9741],[-89.66598,44.97353],[-89.66604,44.97535],[-89.67204,44.97534],[-89.672,44.97354],[-89.72706,44.97304],[-89.72703,45.03228],[-89.84448,45.03277],[-89.84449,45.1201],[-90.04369,45.12022],[-90.04603,45.23257],[-90.04654,45.29922],[-90.04615,45.34032],[-90.04535,45.35179],[-90.04249,45.36807],[-90.04223,45.37497],[-90.04342,45.55509],[-89.79591,45.5556],[-89.79582,45.64503]]]}},{"type":"Feature","properties":{"ad":36,"sd":12},"geometry":{"type":"MultiPolygon","coordinates":[[[[-88.84057,46.03158],[-88.83903,46.02996],[-88.83541,46.03045],[-88.82702,46.02813],[-88.82439,46.02656],[-88.81909,46.02632],[-88.81849,46.02461],[-88.81545,46.02298],[-88.81603,46.02059],[-88.8135,46.02069],[-88.81043,46.02207],[-88.80578,46.02156],[-88.80177,46.02375],[-88.79647,46.02361],[-88.7958,46.02487],[-88.79625,46.02686],[-88.80068,46.03004],[-88.79619,46.03372],[-88.79217,46.03232],[-88.78877,46.02863],[-88.78744,46.02887],[-88.7846,46.03266],[-88.77923,46.03188],[-88.77874,46.02888],[-88.78364,46.02437],[-88.78401,46.02299],[-88.78238,46.01655],[-88.77857,46.01532],[-88.76981,46.01895],[-88.76885,46.0219],[-88.7712,46.02509],[-88.77005,46.02574],[-88.76608,46.02471],[-88.7648,46.02268],[-88.75933,46.01963],[-88.75687,46.01998],[-88.75273,46.02342],[-88.7483,46.02431],[-88.74625,46.02594],[-88.74201,46.02621],[-88.73941,46.02747],[-88.73424,46.02555],[-88.73073,46.0268],[-88.72505,46.02473],[-88.72368,46.02279],[-88.72127,46.02223],[-88.72113,46.01892],[-88.72222,46.01754],[-88.72033,46.0161],[-88.71803,46.01562],[-88.71832,46.01319],[-88.71298,46.01273],[-88.71208,46.01635],[-88.71046,46.01658],[-88.70939,46.01514],[-88.70772,46.0154],[-88.70588,46.01795],[-88.70372,46.0183],[-88.69743,46.0175],[-88.69684,46.01638],[-88.69215,46.01559],[-88.6897,46.01401],[-88.68728,46.01505],[-88.68448,46.01407],[-88.67908,46.01367],[-88.67717,46.01168],[-88.67546,46.01158],[-88.67477,46.01054],[-88.67592,46.00855],[-88.67122,46.00487],[-88.67226,46.00265],[-88.67034,46.00101],[-88.67117,45.99908],[-88.66673,45.99694],[-88.66748,45.99542],[-88.66701,45.99372],[-88.66428,45.99347],[-88.66349,45.99271],[-88.664,45.99171],[-88.67061,45.98984],[-88.67083,45.98856],[-88.66692,45.98812],[-88.66417,45.98915],[-88.66298,45.98751],[-88.65794,45.98943],[-88.65177,45.98757],[-88.64761,45.98865],[-88.64648,45.98712],[-88.63901,45.98508],[-88.63521,45.98523],[-88.63394,45.98818],[-88.62785,45.98845],[-88.62609,45.98756],[-88.6238,45.98864],[-88.61648,45.98774],[-88.61369,45.98929],[-88.61306,45.99125],[-88.61597,45.99355],[-88.61457,45.99483],[-88.61412,45.99699],[-88.61186,45.9984],[-88.61152,46.00349],[-88.61272,46.00447],[-88.60732,46.00763],[-88.60728,46.01136],[-88.60552,46.0131],[-88.60411,46.01631],[-88.60118,46.01778],[-88.59769,46.01748],[-88.59355,46.01478],[-88.5929,46.01113],[-88.59086,46.00912],[-88.58982,46.0057],[-88.58828,46.00511],[-88.58093,46.00679],[-88.57876,46.0097],[-88.57623,46.0098],[-88.57296,46.01161],[-88.57177,46.01378],[-88.56567,46.01569],[-88.5593,46.01411],[-88.5551,46.01505],[-88.551,46.01295],[-88.54916,46.01289],[-88.54725,46.0138],[-88.54324,46.01349],[-88.53944,46.01448],[-88.53627,46.0177],[-88.53253,46.01838],[-88.53418,46.02028],[-88.53369,46.02116],[-88.53068,46.02044],[-88.52623,46.02079],[-88.52276,46.01937],[-88.5147,46.02003],[-88.50927,46.01921],[-88.50637,46.01762],[-88.5058,46.01309],[-88.50656,46.01131],[-88.50229,46.00698],[-88.50311,46.00597],[-88.50129,46.00366],[-88.50089,46.00061],[-88.49708,45.99946],[-88.49798,45.9958],[-88.49335,45.9941],[-88.4921,45.99211],[-88.48645,45.99104],[-88.48381,45.99241],[-88.48001,45.99172],[-88.47569,45.9929],[-88.47378,45.99492],[-88.47508,45.99662],[-88.47459,45.99896],[-88.47078,46.00101],[-88.46474,46.00075],[-88.46225,45.99936],[-88.45868,45.99952],[-88.45412,45.99754],[-88.45424,45.99348],[-88.45004,45.99012],[-88.44076,45.99086],[-88.43925,45.99019],[-88.43856,45.98861],[-88.43477,45.98835],[-88.43356,45.98542],[-88.4276,45.98396],[-88.42614,45.98439],[-88.4232,45.98173],[-88.42226,45.97968],[-88.42304,45.97841],[-88.41639,45.9751],[-88.41486,45.97554],[-88.40992,45.97968],[-88.40311,45.9812],[-88.39543,45.98032],[-88.38865,45.98263],[-88.38624,45.98638],[-88.38427,45.98791],[-88.38485,45.99046],[-88.3823,45.99066],[-88.38051,45.99177],[-88.37724,45.98979],[-88.3743,45.98906],[-88.37176,45.98546],[-88.36792,45.98517],[-88.35983,45.9819],[-88.35738,45.97973],[-88.3506,45.97701],[-88.34794,45.97449],[-88.34542,45.97399],[-88.34253,45.972],[-88.34204,45.96899],[-88.33896,45.96961],[-88.33475,45.96864],[-88.33028,45.96584],[-88.32805,45.96355],[-88.32788,45.95892],[-88.33018,45.95664],[-88.32728,45.95497],[-88.3258,45.95534],[-88.32547,45.95638],[-88.32025,45.96009],[-88.32114,45.96268],[-88.32031,45.96367],[-88.31883,45.96328],[-88.31835,45.96165],[-88.31303,45.95944],[-88.30986,45.95951],[-88.30138,45.95647],[-88.297,45.95418],[-88.2954,45.95149],[-88.29386,45.95095],[-88.28818,45.95278],[-88.28532,45.95527],[-88.28205,45.95481],[-88.27928,45.95609],[-88.26931,45.95628],[-88.26765,45.9579],[-88.25903,45.95966],[-88.25807,45.96144],[-88.25499,45.96352],[-88.25008,45.96361],[-88.24581,45.96303],[-88.24619,45.95609],[-88.24383,45.95156],[-88.24148,45.94996],[-88.23345,45.94741],[-88.22904,45.9474],[-88.22423,45.94862],[-88.2189,45.94749],[-88.2038,45.94795],[-88.20186,45.94849],[-88.20203,45.95004],[-88.19713,45.95322],[-88.18985,45.95213],[-88.18617,45.94931],[-88.1805,45.9483],[-88.17805,45.9471],[-88.17264,45.94103],[-88.1701,45.9395],[-88.16386,45.93839],[-88.16277,45.9392],[-88.16319,45.94031],[-88.16177,45.94075],[-88.15565,45.93736],[-88.15321,45.93683],[-88.14766,45.93744],[-88.14572,45.93625],[-88.14634,45.93408],[-88.14126,45.93085],[-88.12681,45.926],[-88.12614,45.92413],[-88.12754,45.92283],[-88.12666,45.9218],[-88.12027,45.92085],[-88.11425,45.92218],[-88.10819,45.92243],[-88.1017,45.92109],[-88.09652,45.91736],[-88.09493,45.91533],[-88.09532,45.91367],[-88.09944,45.91204],[-88.10226,45.90995],[-88.10537,45.9059],[-88.10663,45.90222],[-88.10676,45.89854],[-88.10323,45.89469],[-88.10253,45.89223],[-88.10127,45.88229],[-88.09954,45.88076],[-88.0965,45.87987],[-88.08657,45.88065],[-88.08183,45.88021],[-88.07646,45.87602],[-88.07001,45.87382],[-88.07018,45.87252],[-88.0737,45.87183],[-88.07428,45.87038],[-88.07584,45.86964],[-88.07626,45.8686],[-88.0744,45.8662],[-88.07483,45.86491],[-88.07766,45.86375],[-88.08247,45.86497],[-88.08561,45.86168],[-88.08676,45.85833],[-88.0893,45.8556],[-88.09776,45.85045],[-88.10618,45.84167],[-88.11229,45.83873],[-88.12091,45.83297],[-88.12313,45.83055],[-88.13425,45.82275],[-88.13593,45.82014],[-88.1356,45.81732],[-88.13199,45.81156],[-88.12958,45.80933],[-88.11627,45.80409],[-88.10761,45.80305],[-88.10537,45.79983],[-88.10601,45.79713],[-88.10388,45.794],[-88.10322,45.79126],[-88.09943,45.79],[-88.09476,45.78576],[-88.0887,45.78474],[-88.07998,45.78513],[-88.07805,45.78405],[-88.07599,45.7814],[-88.07141,45.77995],[-88.05097,45.78097],[-88.04852,45.78256],[-88.04606,45.78244],[-88.0447,45.78373],[-88.04094,45.78427],[-88.03973,45.78963],[-88.02724,45.78921],[-88.01759,45.79246],[-88.00705,45.7922],[-87.99588,45.79544],[-87.99145,45.7954],[-87.98795,45.79308],[-87.98262,45.78295],[-87.98088,45.77699],[-87.9818,45.77509],[-87.9856,45.77493],[-87.98984,45.77295],[-87.98966,45.77203],[-87.98644,45.7696],[-87.97246,45.76633],[-87.96698,45.76403],[-87.964,45.7608],[-87.96473,45.75947],[-87.96346,45.75823],[-87.95928,45.75738],[-87.95219,45.75842],[-87.94548,45.7567],[-87.94251,45.75767],[-87.93459,45.7581],[-87.92913,45.76038],[-87.922,45.757],[-87.92003,45.75738],[-87.91846,45.75916],[-87.91656,45.75947],[-87.91134,45.75655],[-87.91001,45.75672],[-87.90818,45.75935],[-87.90667,45.75953],[-87.90271,45.75794],[-87.90001,45.75351],[-87.89837,45.75251],[-87.89604,45.75229],[-87.89192,45.75407],[-87.88568,45.75397],[-87.87982,45.75485],[-87.8769,45.75439],[-87.87335,45.75045],[-87.86812,45.74949],[-87.86569,45.7463],[-87.86222,45.74503],[-87.86167,45.74373],[-87.86388,45.74267],[-87.86433,45.73715],[-87.8546,45.72631],[-87.85044,45.72527],[-87.83735,45.71693],[-87.83147,45.71492],[-87.82641,45.71444],[-87.82419,45.71266],[-87.81234,45.71131],[-87.80715,45.70802],[-87.80526,45.70587],[-87.80508,45.70356],[-87.80919,45.70035],[-87.80908,45.69973],[-87.80189,45.69387],[-87.78773,45.68719],[-87.78223,45.68306],[-87.78081,45.68036],[-87.78101,45.67394],[-87.78322,45.67283],[-87.79728,45.67085],[-87.8033,45.6665],[-87.81429,45.66514],[-87.8242,45.66205],[-87.82238,45.66101],[-87.82371,45.65971],[-87.82247,45.65716],[-87.82468,45.65322],[-87.8244,45.64772],[-87.82324,45.6463],[-87.81728,45.64394],[-87.8102,45.63874],[-87.80453,45.629],[-87.79699,45.62362],[-87.79589,45.61885],[-87.79201,45.61676],[-87.78085,45.61461],[-87.77768,45.60921],[-87.77842,45.60779],[-87.77794,45.60445],[-87.77469,45.60203],[-87.77751,45.59392],[-87.77721,45.58851],[-87.78677,45.58284],[-87.78754,45.58138],[-87.7873,45.57491],[-87.7888,45.56596],[-87.79238,45.56306],[-87.79754,45.56213],[-87.80611,45.56287],[-87.81043,45.56532],[-87.81438,45.56524],[-87.81983,45.56709],[-87.82581,45.56756],[-87.82935,45.56879],[-87.8317,45.56804],[-87.83204,45.56463],[-87.8337,45.56156],[-87.8323,45.55878],[-87.82722,45.55563],[-87.8188,45.55211],[-87.8171,45.54952],[-87.81374,45.54862],[-87.80837,45.54467],[-87.8034,45.53828],[-87.80473,45.53125],[-87.80225,45.51307],[-87.7988,45.5063],[-87.79322,45.50504],[-87.79278,45.49998],[-87.79642,45.49469],[-87.79818,45.49367],[-87.79771,45.49042],[-87.79897,45.48516],[-87.8069,45.4791],[-87.80739,45.47704],[-87.80578,45.47315],[-87.81148,45.468],[-87.81298,45.46611],[-87.81298,45.46417],[-87.81556,45.4628],[-87.82027,45.46232],[-87.82005,45.46046],[-87.8241,45.45942],[-87.82552,45.45803],[-87.83122,45.45719],[-87.8327,45.45593],[-87.83305,45.4536],[-87.83557,45.45111],[-87.84481,45.44841],[-87.84744,45.44419],[-87.8553,45.44139],[-87.85785,45.43704],[-87.8617,45.43448],[-87.86196,45.43308],[-87.86013,45.42959],[-87.86044,45.42351],[-87.85713,45.4202],[-87.85712,45.41763],[-87.85622,45.41611],[-87.85054,45.41169],[-87.84967,45.40953],[-87.84933,45.40388],[-87.85098,45.40193],[-87.85914,45.39898],[-87.85961,45.39642],[-87.85684,45.39311],[-87.85942,45.38824],[-87.86468,45.38524],[-87.87091,45.38312],[-87.87543,45.37938],[-87.8757,45.37706],[-87.8718,45.37357],[-87.87149,45.37155],[-87.87625,45.36909],[-87.88008,45.36513],[-87.88486,45.3628],[-87.88783,45.35813],[-87.88806,45.35471],[-87.88518,45.35174],[-87.88112,45.35129],[-87.87846,45.35214],[-87.87512,45.3549],[-87.87037,45.35628],[-87.86978,45.35862],[-87.87585,45.36503],[-87.87296,45.36653],[-87.86917,45.36606],[-87.86535,45.3621],[-87.86577,45.35629],[-87.8635,45.35303],[-87.85862,45.35039],[-87.85279,45.34951],[-87.85042,45.3475],[-87.84991,45.34466],[-87.85148,45.34234],[-87.85014,45.34044],[-87.83815,45.34511],[-87.83679,45.34646],[-87.83531,45.35099],[-87.83262,45.35226],[-87.82978,45.35201],[-87.82692,45.35055],[-87.82486,45.35072],[-87.82303,45.35266],[-87.81008,45.35128],[-87.80047,45.35362],[-87.79033,45.35346],[-87.78308,45.34973],[-87.77391,45.35123],[-87.76927,45.3512],[-87.76213,45.34841],[-87.75411,45.34945],[-87.75146,45.35176],[-87.75163,45.35418],[-87.75093,45.35505],[-87.73883,45.35686],[-87.73781,45.35964],[-87.73342,45.36444],[-87.7189,45.37747],[-87.70834,45.38123],[-87.70677,45.38384],[-87.70434,45.38547],[-87.69396,45.3899],[-87.68594,45.38872],[-87.68287,45.38496],[-87.67502,45.38246],[-87.67441,45.37807],[-87.67352,45.37695],[-87.65736,45.36876],[-87.65663,45.36731],[-87.65694,45.36458],[-87.65581,45.36272],[-87.65645,45.35842],[-87.65393,45.3546],[-87.65073,45.35401],[-87.64774,45.35073],[-87.64813,45.3394],[-87.6518,45.33642],[-87.65578,45.33085],[-87.66161,45.32762],[-87.66172,45.32074],[-87.66445,45.31762],[-87.66745,45.31633],[-87.67268,45.31022],[-87.6719,45.30811],[-87.67534,45.30792],[-87.6791,45.30585],[-87.68034,45.30281],[-87.68427,45.30103],[-87.68751,45.29806],[-87.68741,45.29609],[-87.69035,45.29023],[-87.69825,45.28152],[-87.69859,45.28],[-87.69738,45.27845],[-87.69924,45.27675],[-87.69879,45.26943],[-87.70565,45.26611],[-87.70613,45.26371],[-87.71046,45.25933],[-87.70982,45.25847],[-87.70776,45.25865],[-87.70893,45.25711],[-87.70915,45.25466],[-87.71132,45.2524],[-87.70994,45.24904],[-87.71167,45.24421],[-87.71135,45.23997],[-87.7134,45.23857],[-87.71827,45.23834],[-87.71998,45.23585],[-87.72347,45.23391],[-87.725,45.23215],[-87.72517,45.23034],[-87.72194,45.22845],[-87.72136,45.22686],[-87.72248,45.22332],[-87.72696,45.21896],[-87.72728,45.21614],[-87.72618,45.21265],[-87.7262,45.2094],[-87.72797,45.20796],[-87.7346,45.20566],[-87.73745,45.20382],[-87.7408,45.20031],[-87.74181,45.19706],[-87.73901,45.19275],[-87.7394,45.19005],[-87.73758,45.18675],[-87.73769,45.18378],[-87.73522,45.17765],[-87.73652,45.1734],[-87.73611,45.17225],[-87.72777,45.1696],[-87.71792,45.1612],[-87.70955,45.1587],[-87.70821,45.1577],[-87.7074,45.15469],[-87.7035,45.15221],[-87.69238,45.14951],[-87.68391,45.14414],[-87.67582,45.13507],[-87.67852,45.13121],[-87.67822,45.13009],[-87.67475,45.12703],[-87.67245,45.1213],[-87.66706,45.11809],[-87.6613,45.11257],[-87.66122,45.10829],[-87.65996,45.10752],[-87.65714,45.10758],[-87.65142,45.10857],[-87.6482,45.10638],[-87.64576,45.10613],[-87.63154,45.10623],[-87.62772,45.10336],[-87.62165,45.10242],[-87.61496,45.10009],[-87.59189,45.0947],[-87.58493,45.09644],[-87.5901,45.0946],[-87.58962,45.0895],[-87.58073,45.07901],[-87.58099,45.07844],[-87.57786,45.07412],[-87.57802,45.07097],[-87.58192,45.07125],[-87.58302,45.07348],[-87.58727,45.07547],[-87.58797,45.07762],[-87.58653,45.0782],[-87.58691,45.07872],[-87.5893,45.0777],[-87.59337,45.08223],[-87.59394,45.08457],[-87.60161,45.08234],[-87.6022,45.08111],[-87.60732,45.07832],[-87.60931,45.07633],[-87.61606,45.06395],[-87.61736,45.06282],[-87.61694,45.06211],[-87.61785,45.06169],[-87.62148,45.05565],[-87.62495,45.04827],[-87.6247,45.0391],[-87.62402,45.03821],[-87.62457,45.03778],[-87.62469,45.01436],[-87.62538,45.00727],[-87.6248,45.00559],[-87.62529,45.00482],[-87.62552,45.00538],[-87.62582,45.00356],[-87.62528,45.00238],[-87.62343,45.00214],[-87.62538,45.00205],[-87.62663,44.99938],[-87.62782,44.98949],[-87.62993,44.98358],[-87.63013,44.97691],[-87.63992,44.97666],[-87.65435,44.97433],[-87.65569,44.97157],[-87.65647,44.97142],[-87.66863,44.97456],[-87.67993,44.97477],[-87.69065,44.97363],[-87.69556,44.97441],[-87.69774,44.9736],[-87.70103,44.97404],[-87.70776,44.97333],[-87.71439,44.97145],[-87.71716,44.97188],[-87.72011,44.97103],[-87.72808,44.97093],[-87.7301,44.9698],[-87.73058,44.97043],[-87.7339,44.97021],[-87.74069,44.96803],[-87.75452,44.96741],[-87.76264,44.96565],[-87.7608,44.97615],[-87.76008,44.99054],[-87.88339,44.99047],[-87.88334,44.99305],[-87.94444,44.99307],[-87.943,45.02043],[-88.14162,45.02375],[-88.26341,45.02662],[-88.36483,45.02782],[-88.36163,45.11456],[-88.43625,45.11657],[-88.64117,45.11735],[-88.63818,45.20482],[-88.68007,45.205],[-88.67925,45.27706],[-88.55535,45.2764],[-88.55436,45.37768],[-88.678,45.37894],[-88.80298,45.37821],[-88.92603,45.37865],[-88.92656,45.39257],[-88.92525,45.40657],[-88.92307,45.46515],[-89.0465,45.46445],[-89.0478,45.98235],[-88.93323,45.98228],[-88.93276,46.07368],[-88.85083,46.04032],[-88.84848,46.03865],[-88.84712,46.03635],[-88.84396,46.03481],[-88.84395,46.03299],[-88.84057,46.03158]]],[[[-87.49716,45.06121],[-87.49334,45.05903],[-87.49201,45.05641],[-87.49017,45.05494],[-87.50631,45.05953],[-87.49716,45.06121]]]]}},{"type":"Feature","properties":{"ad":37,"sd":13},"geometry":{"type":"Polygon","coordinates":[[[-88.7651,43.72031],[-88.4018,43.71844],[-88.40043,43.54354],[-88.52129,43.54395],[-88.52181,43.45723],[-88.61372,43.45841],[-88.61392,43.46],[-88.61535,43.45896],[-88.61994,43.45956],[-88.62079,43.4585],[-88.62465,43.4585],[-88.62228,43.46566],[-88.62072,43.46691],[-88.62122,43.46727],[-88.62211,43.46679],[-88.624,43.46096],[-88.62621,43.46096],[-88.62857,43.45965],[-88.62783,43.45942],[-88.62789,43.4585],[-88.62908,43.4585],[-88.62905,43.45961],[-88.63179,43.45957],[-88.63281,43.45851],[-88.76477,43.45884],[-88.76333,43.3933],[-88.88394,43.39373],[-88.88385,43.37191],[-89.00469,43.37158],[-89.00675,43.53168],[-89.00693,43.53305],[-89.00926,43.53308],[-89.00931,43.53508],[-89.0119,43.53503],[-89.01194,43.53779],[-89.01449,43.53781],[-89.01369,43.53912],[-89.0125,43.53873],[-89.01254,43.54172],[-89.012,43.54173],[-89.01201,43.54228],[-89.01328,43.54226],[-89.01338,43.54558],[-89.00899,43.54563],[-89.00899,43.54626],[-89.00791,43.54625],[-89.00792,43.54732],[-89.01711,43.54761],[-89.01712,43.5491],[-89.00708,43.54929],[-89.00685,43.63305],[-88.7654,43.63309],[-88.76536,43.64248],[-88.77326,43.64245],[-88.7732,43.64758],[-88.76526,43.64761],[-88.7651,43.72031]]]}},{"type":"Feature","properties":{"ad":38,"sd":13},"geometry":{"type":"Polygon","coordinates":[[[-88.62072,43.46691],[-88.62228,43.46566],[-88.62465,43.4585],[-88.62079,43.4585],[-88.61994,43.45956],[-88.61535,43.45896],[-88.61392,43.46],[-88.61372,43.45841],[-88.49983,43.45689],[-88.40069,43.45679],[-88.40155,43.37004],[-88.53629,43.37062],[-88.53736,43.28303],[-88.65608,43.28448],[-88.65424,43.19748],[-88.65581,43.16593],[-88.65766,43.06802],[-88.66003,43.01953],[-88.66017,42.97442],[-88.77716,42.97544],[-88.77741,42.94651],[-88.82215,42.94809],[-88.81786,42.95334],[-88.81507,42.96055],[-88.80544,42.97308],[-88.80355,42.9822],[-88.79819,42.99074],[-88.80416,42.99084],[-88.80409,42.98957],[-88.80696,42.98963],[-88.80679,42.98639],[-88.80928,42.98638],[-88.80926,42.98551],[-88.8118,42.98554],[-88.81039,42.98739],[-88.81101,42.98765],[-88.81202,42.98638],[-88.81387,42.98639],[-88.81259,42.9907],[-88.81809,42.97659],[-88.82615,42.97698],[-88.82625,42.97969],[-88.83271,42.97998],[-88.83145,42.98276],[-88.83061,42.98257],[-88.83037,42.98338],[-88.83116,42.98343],[-88.83059,42.98478],[-88.83387,42.98825],[-88.835,42.99381],[-88.82682,42.99502],[-88.8277,43.01342],[-88.82834,43.01347],[-88.82712,43.01711],[-88.82745,43.02219],[-88.82599,43.02219],[-88.82598,43.02127],[-88.81867,43.02122],[-88.81851,43.02675],[-88.81489,43.03813],[-88.81482,43.05024],[-88.81054,43.06591],[-88.80863,43.06921],[-88.80859,43.07143],[-88.81611,43.07202],[-88.81556,43.08668],[-88.89357,43.08787],[-88.89125,43.13198],[-88.89091,43.15355],[-88.89097,43.37193],[-88.88385,43.37191],[-88.88394,43.39373],[-88.76333,43.3933],[-88.76477,43.45884],[-88.63281,43.45851],[-88.63179,43.45957],[-88.62905,43.45961],[-88.62908,43.4585],[-88.62789,43.4585],[-88.62783,43.45942],[-88.62857,43.45965],[-88.62621,43.46096],[-88.624,43.46096],[-88.62211,43.46679],[-88.62072,43.46691]]]}},{"type":"Feature","properties":{"ad":39,"sd":13},"geometry":{"type":"Polygon","coordinates":[[[-88.94095,43.99798],[-88.93666,43.99796],[-88.93667,43.9966],[-88.935,43.99658],[-88.93504,43.99796],[-88.93164,43.99796],[-88.93154,43.98802],[-88.92651,43.99017],[-88.92648,43.98342],[-88.78505,43.98263],[-88.78506,43.9751],[-88.7649,43.97493],[-88.76485,43.89491],[-88.52401,43.89372],[-88.52421,43.80665],[-88.52319,43.71935],[-88.7651,43.72031],[-88.76526,43.64761],[-88.7732,43.64758],[-88.77326,43.64245],[-88.76536,43.64248],[-88.7654,43.63309],[-89.00685,43.63305],[-89.00708,43.54929],[-89.01712,43.5491],[-89.01711,43.54761],[-89.00792,43.54732],[-89.00791,43.54625],[-89.00899,43.54626],[-89.00899,43.54563],[-89.01338,43.54558],[-89.01328,43.54226],[-89.01201,43.54228],[-89.012,43.54173],[-89.01254,43.54172],[-89.0125,43.53873],[-89.01452,43.5386],[-89.01449,43.53781],[-89.01194,43.53779],[-89.0119,43.53503],[-89.00931,43.53508],[-89.00926,43.53308],[-89.00693,43.53305],[-89.00675,43.53168],[-89.00612,43.45877],[-89.12637,43.45678],[-89.12762,43.55666],[-89.24632,43.55605],[-89.24665,43.58373],[-89.24531,43.64309],[-89.34086,43.64231],[-89.59955,43.64264],[-89.59905,43.73081],[-89.71751,43.7309],[-89.71664,43.89049],[-89.71763,43.98196],[-88.95083,43.98335],[-88.94975,43.98677],[-88.94838,43.98745],[-88.94681,43.98693],[-88.94678,43.99329],[-88.94373,43.99331],[-88.94372,43.99422],[-88.94173,43.99422],[-88.94174,43.99633],[-88.94094,43.99633],[-88.94095,43.99798]]]}},{"type":"Feature","properties":{"ad":40,"sd":14},"geometry":{"type":"Polygon","coordinates":[[[-89.34086,43.64231],[-89.24531,43.64309],[-89.24665,43.58373],[-89.24617,43.54037],[-89.24676,43.50017],[-89.24492,43.45661],[-89.25046,43.45651],[-89.25447,43.4591],[-89.25613,43.45835],[-89.2534,43.45645],[-89.36377,43.45554],[-89.36398,43.46842],[-89.44768,43.46783],[-89.45795,43.46261],[-89.48355,43.45525],[-89.49165,43.44945],[-89.49613,43.44359],[-89.49673,43.44064],[-89.4984,43.43781],[-89.50434,43.43295],[-89.53057,43.41812],[-89.55598,43.39695],[-89.56805,43.39071],[-89.58923,43.38175],[-89.59516,43.38065],[-89.60074,43.38067],[-89.60886,43.37499],[-89.6174,43.37041],[-89.63138,43.3654],[-89.65576,43.35983],[-89.66235,43.36004],[-89.67035,43.36178],[-89.67762,43.3612],[-89.67928,43.36019],[-89.6964,43.34216],[-89.70384,43.3303],[-89.70696,43.32741],[-89.71972,43.31975],[-89.72364,43.31446],[-89.72696,43.30034],[-89.71689,43.28942],[-89.71352,43.28357],[-89.71328,43.28189],[-89.71499,43.27698],[-89.71832,43.27173],[-89.72264,43.26707],[-89.72667,43.26492],[-89.724,43.26358],[-89.72482,43.26062],[-89.72872,43.25795],[-89.73139,43.2525],[-89.73318,43.25133],[-89.73508,43.25135],[-89.73643,43.24982],[-89.74031,43.2492],[-89.74311,43.24784],[-89.74843,43.24771],[-89.74896,43.24876],[-89.75222,43.24734],[-89.75216,43.24521],[-89.75445,43.24298],[-89.75961,43.24101],[-89.77069,43.2413],[-89.77425,43.23928],[-89.7841,43.23866],[-89.80037,43.23944],[-89.80586,43.23869],[-89.81249,43.23373],[-89.8175,43.22534],[-89.82494,43.21964],[-89.83477,43.20994],[-89.83696,43.20686],[-89.84198,43.20248],[-89.8513,43.19844],[-89.8589,43.19559],[-89.86614,43.19466],[-89.87006,43.19623],[-89.87515,43.19662],[-89.88009,43.19593],[-89.89373,43.19046],[-89.90528,43.18803],[-89.92178,43.18914],[-89.93023,43.19104],[-89.9405,43.19163],[-89.94985,43.19345],[-89.95814,43.19224],[-89.9679,43.19211],[-89.98424,43.19576],[-90.00013,43.19463],[-90.02493,43.18333],[-90.02722,43.1813],[-90.02927,43.17754],[-90.03329,43.17405],[-90.04933,43.16638],[-90.04985,43.16504],[-90.04894,43.15969],[-90.05279,43.15348],[-90.05184,43.14931],[-90.05344,43.1467],[-90.05867,43.1453],[-90.06215,43.14597],[-90.06963,43.15188],[-90.07542,43.15485],[-90.08027,43.15975],[-90.08622,43.16221],[-90.0891,43.16236],[-90.09947,43.16026],[-90.11373,43.16035],[-90.12276,43.16178],[-90.13507,43.16575],[-90.15899,43.1668],[-90.16462,43.16536],[-90.17715,43.1585],[-90.18246,43.15711],[-90.18511,43.15831],[-90.18733,43.16186],[-90.19382,43.16447],[-90.19245,43.16763],[-90.19247,43.24887],[-90.19175,43.25],[-90.19234,43.26181],[-90.19148,43.30773],[-90.19206,43.33128],[-90.19133,43.35506],[-90.19194,43.38009],[-89.83675,43.38047],[-89.83723,43.51128],[-89.75852,43.51089],[-89.75813,43.55414],[-89.71853,43.55408],[-89.71899,43.56831],[-89.69414,43.56596],[-89.68811,43.56643],[-89.67325,43.56943],[-89.66574,43.56918],[-89.65938,43.56735],[-89.65968,43.64284],[-89.34086,43.64231]]]}},{"type":"Feature","properties":{"ad":41,"sd":14},"geometry":{"type":"Polygon","coordinates":[[[-89.8375,43.89426],[-89.71669,43.89441],[-89.71751,43.7309],[-89.59905,43.73081],[-89.59955,43.64264],[-89.65968,43.64284],[-89.65938,43.56735],[-89.66574,43.56918],[-89.67325,43.56943],[-89.68811,43.56643],[-89.69414,43.56596],[-89.71899,43.56831],[-89.71853,43.55408],[-89.75813,43.55414],[-89.75852,43.51089],[-89.83723,43.51128],[-89.83675,43.38047],[-90.19194,43.38009],[-90.19133,43.35506],[-90.19206,43.33128],[-90.19148,43.30773],[-90.19234,43.26181],[-90.19175,43.25],[-90.19247,43.24887],[-90.19245,43.16763],[-90.19382,43.16447],[-90.19901,43.16692],[-90.2099,43.17014],[-90.21291,43.17196],[-90.22089,43.17424],[-90.22616,43.17728],[-90.24201,43.18918],[-90.25155,43.19237],[-90.25423,43.19471],[-90.26008,43.1977],[-90.26905,43.19679],[-90.27965,43.19413],[-90.28417,43.19563],[-90.28598,43.20105],[-90.28841,43.20383],[-90.29254,43.20687],[-90.29505,43.2076],[-90.29982,43.20835],[-90.31092,43.20662],[-90.31618,43.20741],[-90.32161,43.20718],[-90.33658,43.20979],[-90.35266,43.20959],[-90.35603,43.20839],[-90.37091,43.20647],[-90.38709,43.20329],[-90.3942,43.20306],[-90.40867,43.2002],[-90.42164,43.20175],[-90.43929,43.19964],[-90.44513,43.20004],[-90.45273,43.20224],[-90.46494,43.20184],[-90.47948,43.20348],[-90.48546,43.20545],[-90.49624,43.20616],[-90.5059,43.20892],[-90.52042,43.20673],[-90.52983,43.20752],[-90.53696,43.2091],[-90.5406,43.21125],[-90.54541,43.21146],[-90.55813,43.20674],[-90.57847,43.20427],[-90.58817,43.20101],[-90.60861,43.18538],[-90.62006,43.18418],[-90.63455,43.17929],[-90.6414,43.17907],[-90.65658,43.17184],[-90.66044,43.17114],[-90.66679,43.17178],[-90.66602,43.37943],[-90.66863,43.37947],[-90.66849,43.46712],[-90.6701,43.49998],[-90.67035,43.50227],[-90.67515,43.50226],[-90.67504,43.49867],[-90.68504,43.49867],[-90.68512,43.50009],[-90.68412,43.50112],[-90.68446,43.5025],[-90.68576,43.50243],[-90.68486,43.50395],[-90.68597,43.50571],[-90.68408,43.50818],[-90.68482,43.50866],[-90.68064,43.51308],[-90.67072,43.51304],[-90.67166,43.55286],[-90.31108,43.554],[-90.3127,43.648],[-90.3122,43.73147],[-90.2691,43.73154],[-90.26831,43.73117],[-90.26928,43.73017],[-90.26832,43.7299],[-90.27039,43.72874],[-90.26955,43.72801],[-90.27055,43.72683],[-90.27037,43.72604],[-90.26823,43.72624],[-90.26796,43.72303],[-90.26578,43.72318],[-90.26581,43.72441],[-90.2614,43.72444],[-90.2614,43.72549],[-90.26315,43.72547],[-90.26308,43.72907],[-90.26607,43.72924],[-90.26308,43.72909],[-90.26304,43.73104],[-90.26138,43.72992],[-90.26138,43.73153],[-89.95514,43.73104],[-89.95501,43.78443],[-89.95255,43.78378],[-89.95084,43.78503],[-89.94968,43.78318],[-89.94539,43.78112],[-89.94402,43.77894],[-89.94083,43.77743],[-89.94019,43.77584],[-89.93629,43.77632],[-89.9327,43.77475],[-89.92942,43.77474],[-89.92997,43.77331],[-89.92791,43.7728],[-89.92793,43.7711],[-89.92251,43.7709],[-89.92073,43.76746],[-89.91961,43.76775],[-89.91895,43.76954],[-89.91556,43.76977],[-89.91564,43.76802],[-89.9103,43.771],[-89.90933,43.77084],[-89.90795,43.76856],[-89.90609,43.76884],[-89.90285,43.7711],[-89.89929,43.77097],[-89.89817,43.7698],[-89.89683,43.77024],[-89.89781,43.76924],[-89.89613,43.76887],[-89.89318,43.77059],[-89.89017,43.77073],[-89.88898,43.77234],[-89.8857,43.77088],[-89.88023,43.77203],[-89.87781,43.77347],[-89.87786,43.76752],[-89.85085,43.7675],[-89.85004,43.76356],[-89.84899,43.76311],[-89.85073,43.76903],[-89.8573,43.77312],[-89.86114,43.77963],[-89.86405,43.78153],[-89.86514,43.78342],[-89.87697,43.79079],[-89.88978,43.79672],[-89.8949,43.80127],[-89.89707,43.80467],[-89.89901,43.81023],[-89.90185,43.81327],[-89.90415,43.81467],[-89.91155,43.81676],[-89.9137,43.81842],[-89.87776,43.81852],[-89.87773,43.84745],[-89.85775,43.84741],[-89.85771,43.8548],[-89.83734,43.85465],[-89.8375,43.89426]]]}},{"type":"Feature","properties":{"ad":42,"sd":14},"geometry":{"type":"Polygon","coordinates":[[[-89.12762,43.55666],[-89.12637,43.45678],[-89.00612,43.45877],[-89.00448,43.37497],[-89.00469,43.3717],[-89.00883,43.37165],[-89.00934,43.33047],[-89.00677,43.33045],[-89.00788,43.32882],[-89.0076,43.32731],[-89.00936,43.32704],[-89.00937,43.32635],[-89.00748,43.32635],[-89.00706,43.32549],[-89.00937,43.32549],[-89.00954,43.32348],[-89.00915,43.28484],[-89.08887,43.28275],[-89.24541,43.28212],[-89.2442,43.206],[-89.24912,43.20598],[-89.24912,43.20959],[-89.25009,43.20958],[-89.25259,43.20812],[-89.25399,43.2059],[-89.25401,43.20232],[-89.26382,43.2023],[-89.26407,43.19505],[-89.29648,43.19468],[-89.2935,43.19452],[-89.29238,43.19016],[-89.30442,43.17731],[-89.3047,43.17139],[-89.2948,43.17204],[-89.2948,43.16478],[-89.27516,43.16507],[-89.2754,43.15605],[-89.27766,43.15407],[-89.27677,43.15339],[-89.29955,43.13424],[-89.3247,43.11684],[-89.32505,43.12106],[-89.32821,43.1201],[-89.34765,43.1212],[-89.35134,43.12367],[-89.35502,43.12155],[-89.35039,43.13189],[-89.34957,43.13619],[-89.36272,43.13656],[-89.36258,43.14014],[-89.35522,43.14029],[-89.35507,43.14358],[-89.36302,43.14377],[-89.36288,43.14735],[-89.36028,43.14723],[-89.36013,43.15026],[-89.36274,43.15044],[-89.36196,43.20683],[-89.4815,43.20672],[-89.48164,43.2941],[-89.72047,43.29309],[-89.72696,43.30034],[-89.72517,43.30674],[-89.72471,43.31168],[-89.72133,43.31777],[-89.71755,43.32139],[-89.70533,43.32877],[-89.6964,43.34216],[-89.67928,43.36019],[-89.67762,43.3612],[-89.67035,43.36178],[-89.66235,43.36004],[-89.65576,43.35983],[-89.63138,43.3654],[-89.6174,43.37041],[-89.60886,43.37499],[-89.60074,43.38067],[-89.59516,43.38065],[-89.58923,43.38175],[-89.56805,43.39071],[-89.55598,43.39695],[-89.53057,43.41812],[-89.50434,43.43295],[-89.4984,43.43781],[-89.49673,43.44064],[-89.49613,43.44359],[-89.49165,43.44945],[-89.48286,43.4556],[-89.45795,43.46261],[-89.44768,43.46783],[-89.36398,43.46842],[-89.36377,43.45554],[-89.2534,43.45645],[-89.25613,43.45835],[-89.25447,43.4591],[-89.25046,43.45651],[-89.24492,43.45661],[-89.24676,43.50017],[-89.24632,43.55605],[-89.12762,43.55666]]]}},{"type":"Feature","properties":{"ad":43,"sd":15},"geometry":{"type":"Polygon","coordinates":[[[-88.75043,42.91127],[-88.749,42.91126],[-88.74711,42.91384],[-88.74361,42.91416],[-88.74192,42.91359],[-88.74171,42.91154],[-88.74019,42.90978],[-88.736,42.91197],[-88.73303,42.91016],[-88.72756,42.91098],[-88.72463,42.90845],[-88.72536,42.90659],[-88.72232,42.90401],[-88.71845,42.90291],[-88.71689,42.90163],[-88.71528,42.90165],[-88.71577,42.90501],[-88.71457,42.90578],[-88.71378,42.90388],[-88.71075,42.9042],[-88.7107,42.90229],[-88.70755,42.90136],[-88.70627,42.89786],[-88.70223,42.89487],[-88.6981,42.894],[-88.68956,42.89341],[-88.68764,42.89557],[-88.68567,42.89454],[-88.68449,42.89538],[-88.67828,42.89652],[-88.67355,42.89909],[-88.67143,42.89632],[-88.66861,42.89508],[-88.66772,42.89595],[-88.66829,42.89763],[-88.66779,42.89826],[-88.66327,42.89803],[-88.66176,42.90139],[-88.66002,42.90163],[-88.65929,42.84255],[-88.66175,42.75588],[-88.65911,42.66908],[-88.77658,42.66755],[-88.96204,42.67091],[-88.96147,42.66889],[-88.96207,42.66963],[-88.97235,42.6696],[-88.97238,42.66743],[-88.98291,42.66747],[-88.98337,42.66606],[-88.98476,42.71702],[-88.99679,42.72021],[-88.99389,42.72458],[-88.99564,42.72544],[-88.99567,42.72746],[-89.0002,42.73047],[-89.00508,42.73659],[-89.0057,42.73558],[-89.00878,42.73559],[-89.00881,42.73728],[-89.00624,42.73731],[-89.00592,42.736],[-89.00513,42.73684],[-89.00629,42.7407],[-89.00633,42.74436],[-89.01343,42.74458],[-89.01365,42.76019],[-89.13109,42.75956],[-89.13198,42.84707],[-89.05554,42.84753],[-89.05555,42.84848],[-89.05681,42.84848],[-89.05556,42.84902],[-89.05558,42.85029],[-89.05809,42.85017],[-89.05808,42.8512],[-89.06304,42.85116],[-89.06333,42.85289],[-89.06558,42.85402],[-89.0656,42.85661],[-89.06745,42.85603],[-89.06591,42.85845],[-89.06303,42.85845],[-89.06305,42.86029],[-89.05836,42.86027],[-89.05836,42.85678],[-89.05909,42.85678],[-89.05967,42.85482],[-89.05827,42.8546],[-89.05833,42.85762],[-89.05678,42.85762],[-89.05677,42.85848],[-89.05315,42.85847],[-89.05316,42.86024],[-89.04822,42.86027],[-89.04821,42.8594],[-89.04575,42.85953],[-89.04048,42.8548],[-89.05449,42.85481],[-89.05447,42.85396],[-89.05312,42.85397],[-89.05306,42.84754],[-88.89484,42.84594],[-88.77708,42.8427],[-88.77781,42.91235],[-88.7736,42.91348],[-88.77433,42.91113],[-88.77394,42.90878],[-88.77094,42.90687],[-88.77015,42.90739],[-88.7699,42.91006],[-88.76669,42.90906],[-88.76494,42.90937],[-88.76434,42.91053],[-88.76474,42.91348],[-88.76293,42.91426],[-88.75362,42.91463],[-88.75043,42.91127]]]}},{"type":"Feature","properties":{"ad":44,"sd":15},"geometry":{"type":"Polygon","coordinates":[[[-89.132,42.84676],[-89.13109,42.75956],[-89.01365,42.76019],[-89.01343,42.74458],[-89.00633,42.74436],[-89.00629,42.7407],[-89.00513,42.73684],[-89.00592,42.736],[-89.00624,42.73731],[-89.00881,42.73728],[-89.00878,42.73559],[-89.0057,42.73558],[-89.00508,42.73659],[-89.0002,42.73047],[-88.99567,42.72746],[-88.99564,42.72544],[-88.99389,42.72458],[-88.99679,42.72021],[-88.98476,42.71702],[-88.98337,42.66606],[-88.98291,42.66747],[-88.97238,42.66743],[-88.97235,42.6696],[-88.96207,42.66963],[-88.96147,42.66889],[-88.96204,42.67091],[-88.89444,42.66994],[-88.89398,42.58233],[-89.01787,42.58432],[-89.24788,42.58539],[-89.24858,42.62735],[-89.24358,42.62771],[-89.2436,42.63237],[-89.24385,42.63591],[-89.24799,42.63585],[-89.24865,42.63518],[-89.25028,42.84592],[-89.132,42.84676]]]}},{"type":"Feature","properties":{"ad":45,"sd":15},"geometry":{"type":"Polygon","coordinates":[[[-89.25028,42.84592],[-89.24865,42.63518],[-89.24799,42.63585],[-89.24385,42.63591],[-89.2436,42.63237],[-89.24358,42.62771],[-89.24858,42.62735],[-89.24788,42.58539],[-89.01787,42.58432],[-88.89398,42.58233],[-88.89459,42.49418],[-88.99162,42.49601],[-89.25077,42.498],[-89.3658,42.50009],[-89.36689,42.60773],[-89.36116,42.60771],[-89.36123,42.60981],[-89.36692,42.60981],[-89.36702,42.62632],[-89.36556,42.62633],[-89.36555,42.62551],[-89.36131,42.6255],[-89.36131,42.62445],[-89.35955,42.62446],[-89.35957,42.62838],[-89.36079,42.62837],[-89.3608,42.62934],[-89.36705,42.62932],[-89.36916,42.77229],[-89.36913,42.84504],[-89.25028,42.84592]]]}},{"type":"Feature","properties":{"ad":46,"sd":16},"geometry":{"type":"Polygon","coordinates":[[[-89.0076,43.19776],[-88.89054,43.19792],[-88.89125,43.13198],[-88.89357,43.08787],[-88.81556,43.08668],[-88.81611,43.07202],[-88.80859,43.07143],[-88.80863,43.06921],[-88.81054,43.06591],[-88.81482,43.05024],[-88.81489,43.03813],[-88.81851,43.02675],[-88.81867,43.02122],[-88.82598,43.02127],[-88.82599,43.02219],[-88.82745,43.02219],[-88.82712,43.01711],[-88.82834,43.01347],[-88.8277,43.01342],[-88.82682,42.99502],[-88.835,42.99381],[-88.83497,42.99192],[-88.83387,42.98825],[-88.83059,42.98478],[-88.83116,42.98343],[-88.83037,42.98338],[-88.83061,42.98257],[-88.83145,42.98276],[-88.83271,42.97998],[-88.82625,42.97969],[-88.82615,42.97698],[-88.81809,42.97659],[-88.81259,42.9907],[-88.81387,42.98639],[-88.81202,42.98638],[-88.81101,42.98765],[-88.81039,42.98739],[-88.8118,42.98554],[-88.80926,42.98551],[-88.80928,42.98638],[-88.80679,42.98639],[-88.80696,42.98963],[-88.80409,42.98957],[-88.80416,42.99084],[-88.79819,42.99074],[-88.80355,42.9822],[-88.80544,42.97308],[-88.81507,42.96055],[-88.81786,42.95334],[-88.82215,42.94809],[-88.77741,42.94651],[-88.77782,42.91224],[-88.77708,42.8427],[-88.89484,42.84594],[-88.95392,42.84611],[-89.03227,42.84757],[-89.03754,42.85701],[-89.05989,42.87672],[-89.07085,42.88945],[-89.08336,42.90586],[-89.0856,42.91341],[-89.08514,42.92791],[-89.08791,42.93427],[-89.1317,42.93401],[-89.13025,43.02153],[-89.17924,43.02145],[-89.24712,43.01995],[-89.24704,43.10721],[-89.20186,43.10825],[-89.20375,43.10858],[-89.20361,43.11209],[-89.20712,43.11217],[-89.19958,43.11225],[-89.19914,43.11492],[-89.21397,43.11526],[-89.21375,43.11887],[-89.21123,43.11908],[-89.20865,43.1205],[-89.20865,43.12255],[-89.2016,43.12275],[-89.20165,43.12111],[-89.19862,43.12153],[-89.1989,43.11971],[-89.19961,43.11969],[-89.19878,43.11846],[-89.19728,43.11849],[-89.1973,43.11921],[-89.19371,43.11924],[-89.19393,43.11558],[-89.19874,43.11549],[-89.19892,43.10858],[-89.19572,43.10958],[-89.19562,43.10833],[-89.12959,43.10875],[-89.12822,43.13402],[-89.12673,43.19557],[-89.0738,43.1956],[-89.0076,43.19776]]]}},{"type":"Feature","properties":{"ad":47,"sd":16},"geometry":{"type":"Polygon","coordinates":[[[-89.38666,43.0313],[-89.37958,43.03105],[-89.37955,43.02759],[-89.38201,43.02795],[-89.38174,43.02681],[-89.37466,43.0274],[-89.37459,43.02876],[-89.36484,43.0285],[-89.36532,43.01826],[-89.30459,43.01856],[-89.30429,43.01568],[-89.30832,43.01207],[-89.30712,43.00858],[-89.30497,43.00866],[-89.30338,43.01216],[-89.29677,43.01193],[-89.29659,43.01309],[-89.29237,43.01313],[-89.28785,43.0123],[-89.28741,43.0139],[-89.28534,43.01388],[-89.2837,43.01566],[-89.27276,43.01604],[-89.27282,43.01673],[-89.27182,43.01711],[-89.27081,43.01705],[-89.27087,43.01611],[-89.2671,43.01506],[-89.26679,43.01937],[-89.20009,43.02117],[-89.13025,43.02153],[-89.1317,42.93401],[-89.08791,42.93427],[-89.08514,42.92791],[-89.0856,42.91341],[-89.08336,42.90586],[-89.07085,42.88945],[-89.05989,42.87672],[-89.03754,42.85701],[-89.03227,42.84757],[-89.05306,42.84754],[-89.05312,42.85397],[-89.05447,42.85396],[-89.05449,42.85481],[-89.04048,42.8548],[-89.04575,42.85953],[-89.04821,42.8594],[-89.04822,42.86027],[-89.05316,42.86024],[-89.05315,42.85847],[-89.05677,42.85848],[-89.05678,42.85762],[-89.05833,42.85762],[-89.05827,42.8546],[-89.05905,42.8546],[-89.05967,42.85559],[-89.05836,42.85678],[-89.05836,42.86027],[-89.06305,42.86029],[-89.06303,42.85845],[-89.06591,42.85845],[-89.06745,42.85603],[-89.0656,42.85661],[-89.06558,42.85402],[-89.06333,42.85289],[-89.06304,42.85116],[-89.05808,42.8512],[-89.05809,42.85017],[-89.05558,42.85029],[-89.05556,42.84902],[-89.05681,42.84848],[-89.05555,42.84848],[-89.05554,42.84753],[-89.36303,42.84515],[-89.36349,42.84975],[-89.35609,42.85012],[-89.35624,42.85295],[-89.36217,42.85267],[-89.36284,42.85608],[-89.36403,42.85606],[-89.36439,42.85969],[-89.36908,42.85955],[-89.36899,42.90997],[-89.36517,42.91016],[-89.36694,42.91539],[-89.36891,42.91758],[-89.36822,42.94297],[-89.4855,42.94343],[-89.48424,43.00692],[-89.4869,43.00852],[-89.48416,43.00861],[-89.48387,43.02667],[-89.46638,43.02706],[-89.46654,43.02896],[-89.46535,43.02941],[-89.46654,43.02941],[-89.4658,43.02995],[-89.46799,43.03185],[-89.46653,43.03184],[-89.46654,43.03111],[-89.466,43.03183],[-89.46272,43.03182],[-89.46184,43.03059],[-89.46116,43.03107],[-89.46156,43.02257],[-89.45833,43.0226],[-89.4579,43.03178],[-89.4527,43.03175],[-89.4526,43.02926],[-89.45077,43.02939],[-89.44716,43.02789],[-89.44502,43.03169],[-89.43487,43.03165],[-89.4353,43.02457],[-89.43028,43.0232],[-89.42635,43.0244],[-89.42466,43.02639],[-89.41356,43.02682],[-89.41346,43.02893],[-89.4169,43.02888],[-89.4169,43.03147],[-89.40813,43.0314],[-89.40476,43.03073],[-89.40511,43.02459],[-89.40126,43.02583],[-89.39773,43.02578],[-89.39785,43.02364],[-89.39515,43.02361],[-89.39495,43.02647],[-89.39222,43.02661],[-89.39037,43.02874],[-89.3941,43.02919],[-89.39469,43.02976],[-89.39406,43.03129],[-89.38989,43.03119],[-89.38972,43.03286],[-89.38666,43.0313]]]}},{"type":"Feature","properties":{"ad":48,"sd":16},"geometry":{"type":"Polygon","coordinates":[[[-88.89097,43.37193],[-88.89139,43.29996],[-88.89058,43.19792],[-88.99704,43.19789],[-89.0738,43.1956],[-89.12673,43.19557],[-89.12822,43.13402],[-89.12959,43.10875],[-89.19562,43.10833],[-89.19572,43.10958],[-89.19892,43.10858],[-89.19874,43.11549],[-89.19393,43.11558],[-89.19371,43.11924],[-89.1973,43.11921],[-89.19728,43.11849],[-89.19878,43.11846],[-89.19961,43.11969],[-89.1989,43.11971],[-89.19862,43.12153],[-89.20165,43.12111],[-89.2016,43.12275],[-89.20865,43.12255],[-89.20865,43.1205],[-89.21123,43.11908],[-89.21375,43.11887],[-89.21397,43.11526],[-89.19914,43.11492],[-89.19958,43.11225],[-89.20712,43.11217],[-89.20361,43.11209],[-89.20375,43.10858],[-89.20186,43.10825],[-89.24704,43.10721],[-89.24697,43.08807],[-89.2522,43.08633],[-89.25205,43.09232],[-89.25539,43.09227],[-89.25524,43.08564],[-89.26658,43.08491],[-89.26672,43.10556],[-89.27169,43.10505],[-89.27166,43.1068],[-89.31629,43.10655],[-89.31748,43.11025],[-89.3245,43.11687],[-89.29955,43.13424],[-89.27677,43.15339],[-89.27766,43.15407],[-89.2754,43.15605],[-89.27516,43.16507],[-89.2948,43.16478],[-89.2948,43.17204],[-89.3047,43.17139],[-89.30442,43.17731],[-89.29238,43.19016],[-89.2935,43.19452],[-89.29648,43.19468],[-89.26407,43.19505],[-89.26382,43.2023],[-89.25401,43.20232],[-89.25399,43.2059],[-89.25259,43.20812],[-89.25009,43.20958],[-89.24912,43.20959],[-89.24912,43.20598],[-89.2442,43.206],[-89.24541,43.28212],[-89.08887,43.28275],[-89.00915,43.28484],[-89.00954,43.32348],[-89.00937,43.32549],[-89.00706,43.32549],[-89.00748,43.32635],[-89.00937,43.32635],[-89.00936,43.32704],[-89.0076,43.32731],[-89.00788,43.32882],[-89.00677,43.33045],[-89.00934,43.33047],[-89.00883,43.37165],[-88.89097,43.37193]]]}},{"type":"Feature","properties":{"ad":49,"sd":17},"geometry":{"type":"Polygon","coordinates":[[[-91.19624,43.4443],[-91.19628,43.4405],[-91.19895,43.44123],[-91.20066,43.4405],[-91.202,43.43831],[-91.20108,43.43773],[-91.20157,43.43669],[-91.19552,43.43671],[-91.19548,43.43582],[-91.19486,43.43671],[-91.18603,43.43681],[-91.18416,43.43766],[-91.18345,43.43703],[-91.18549,43.4361],[-91.18592,43.43673],[-91.18633,43.43548],[-91.18815,43.43439],[-91.18811,43.423],[-90.97778,43.42396],[-90.81721,43.42385],[-90.76759,43.42305],[-90.74669,43.42456],[-90.68886,43.42228],[-90.66857,43.423],[-90.66863,43.37947],[-90.66602,43.37943],[-90.66582,43.32125],[-90.66692,43.25007],[-90.66663,43.1677],[-90.66396,43.16742],[-90.65829,43.16874],[-90.65832,43.16958],[-90.65694,43.17038],[-90.65674,43.16773],[-90.65688,43.16512],[-90.66663,43.16219],[-90.66592,43.03198],[-90.54708,43.03144],[-90.54639,42.8568],[-90.42737,42.85626],[-90.42631,42.78104],[-90.42581,42.61296],[-90.43172,42.61303],[-90.43284,42.61452],[-90.43588,42.61456],[-90.43589,42.61307],[-90.44068,42.61311],[-90.44075,42.59499],[-90.43325,42.59493],[-90.4332,42.59338],[-90.43083,42.59334],[-90.43091,42.59488],[-90.42589,42.59481],[-90.42612,42.53995],[-90.43595,42.53995],[-90.43589,42.54321],[-90.43454,42.54321],[-90.43445,42.54669],[-90.44074,42.54666],[-90.44079,42.54361],[-90.44571,42.54362],[-90.44603,42.52548],[-90.43265,42.52539],[-90.43246,42.52397],[-90.43012,42.524],[-90.42912,42.52536],[-90.42624,42.52539],[-90.42638,42.50718],[-90.64285,42.50849],[-90.636,42.51542],[-90.63584,42.51794],[-90.64138,42.52858],[-90.64469,42.54132],[-90.64889,42.54633],[-90.65413,42.54991],[-90.65913,42.55791],[-90.66153,42.56801],[-90.67794,42.58004],[-90.68698,42.59178],[-90.68801,42.59921],[-90.69401,42.61452],[-90.7001,42.62247],[-90.70268,42.63076],[-90.70921,42.63609],[-90.72022,42.64077],[-90.73455,42.64411],[-90.75695,42.64776],[-90.7695,42.65145],[-90.84392,42.66308],[-90.86713,42.66874],[-90.88744,42.67248],[-90.90027,42.67626],[-90.91341,42.68296],[-90.92116,42.68541],[-90.93705,42.68341],[-90.94922,42.68558],[-90.96505,42.69324],[-90.97424,42.69526],[-90.97774,42.69682],[-90.98058,42.69894],[-90.98878,42.70873],[-91.00013,42.7162],[-91.00958,42.72013],[-91.01725,42.71957],[-91.02679,42.72424],[-91.0297,42.72678],[-91.03202,42.73449],[-91.03542,42.73735],[-91.03939,42.73849],[-91.04415,42.73861],[-91.04658,42.73717],[-91.04998,42.73691],[-91.05374,42.73825],[-91.05481,42.74054],[-91.05482,42.74469],[-91.0563,42.74735],[-91.06018,42.75049],[-91.06379,42.75058],[-91.06507,42.75135],[-91.06579,42.75339],[-91.0655,42.75709],[-91.06144,42.75798],[-91.06014,42.75999],[-91.06027,42.76185],[-91.06956,42.76964],[-91.07075,42.77482],[-91.07084,42.78223],[-91.07549,42.79547],[-91.0781,42.80653],[-91.07932,42.82032],[-91.07867,42.82769],[-91.08278,42.82998],[-91.09014,42.82924],[-91.09407,42.83082],[-91.09512,42.83497],[-91.09141,42.84987],[-91.09766,42.85988],[-91.09883,42.86443],[-91.09824,42.87581],[-91.10057,42.88309],[-91.11216,42.89116],[-91.11742,42.89584],[-91.13802,42.90378],[-91.1435,42.90471],[-91.14562,42.90801],[-91.14621,42.90988],[-91.14587,42.91497],[-91.14381,42.92288],[-91.14552,42.93039],[-91.14979,42.94025],[-91.14989,42.94196],[-91.1491,42.94656],[-91.14555,42.95652],[-91.14594,42.96078],[-91.14801,42.96616],[-91.15553,42.97578],[-91.15657,42.97823],[-91.1575,42.99148],[-91.17019,43.02378],[-91.1747,43.03872],[-91.1779,43.06421],[-91.17946,43.06743],[-91.17877,43.07059],[-91.17727,43.07299],[-91.1752,43.10378],[-91.17826,43.12499],[-91.17794,43.12888],[-91.17526,43.13467],[-91.17038,43.13739],[-91.16046,43.14058],[-91.15621,43.14295],[-91.14621,43.15241],[-91.14329,43.15642],[-91.13866,43.17],[-91.13592,43.17343],[-91.13418,43.17441],[-91.12443,43.18789],[-91.1239,43.19354],[-91.12218,43.19726],[-91.11912,43.20037],[-91.10794,43.20659],[-91.08746,43.2219],[-91.0664,43.2393],[-91.06257,43.24317],[-91.05969,43.24857],[-91.05792,43.25537],[-91.05976,43.25908],[-91.0618,43.25996],[-91.06994,43.26028],[-91.07266,43.26214],[-91.07173,43.2714],[-91.07372,43.27475],[-91.08211,43.28551],[-91.08566,43.29188],[-91.10724,43.31365],[-91.13282,43.32804],[-91.15481,43.33483],[-91.17106,43.34097],[-91.18112,43.34593],[-91.18802,43.34761],[-91.20185,43.34911],[-91.20397,43.34986],[-91.20663,43.35253],[-91.21478,43.36588],[-91.215,43.36801],[-91.21337,43.3701],[-91.20608,43.37498],[-91.20484,43.37889],[-91.19896,43.38984],[-91.19768,43.39534],[-91.20053,43.40849],[-91.20037,43.41271],[-91.20123,43.41591],[-91.20556,43.42296],[-91.2018,43.42296],[-91.20896,43.43672],[-91.20316,43.43669],[-91.20388,43.43777],[-91.20547,43.4376],[-91.20595,43.43863],[-91.20195,43.4404],[-91.20229,43.44197],[-91.19972,43.44179],[-91.19783,43.44268],[-91.198,43.44424],[-91.19624,43.4443]]]}},{"type":"Feature","properties":{"ad":50,"sd":17},"geometry":{"type":"Polygon","coordinates":[[[-89.72053,43.03201],[-89.60157,43.0311],[-89.60295,42.94442],[-89.36822,42.94297],[-89.36891,42.91758],[-89.36694,42.91539],[-89.36517,42.91016],[-89.36899,42.90997],[-89.36908,42.85955],[-89.36439,42.85969],[-89.36403,42.85606],[-89.36284,42.85608],[-89.36217,42.85267],[-89.35625,42.85305],[-89.35609,42.85012],[-89.36349,42.84975],[-89.36303,42.84515],[-89.36913,42.84504],[-89.36916,42.77229],[-89.36705,42.62932],[-89.3608,42.62934],[-89.36079,42.62837],[-89.35957,42.62838],[-89.35955,42.62446],[-89.36131,42.62445],[-89.36131,42.6255],[-89.36555,42.62551],[-89.36556,42.62633],[-89.36702,42.62632],[-89.36692,42.60981],[-89.36123,42.60981],[-89.36116,42.60771],[-89.36689,42.60773],[-89.3658,42.50009],[-89.52998,42.50203],[-89.66983,42.50505],[-89.83759,42.50572],[-89.83723,42.68318],[-89.83864,42.77197],[-89.83785,42.87649],[-89.83857,42.94474],[-89.72057,42.94474],[-89.72052,43.00075],[-89.71939,43.00006],[-89.71939,42.99918],[-89.72023,42.99919],[-89.71945,42.99833],[-89.71785,42.99846],[-89.70227,43.00562],[-89.70375,43.00708],[-89.7032,43.00741],[-89.7063,43.00837],[-89.70542,43.00976],[-89.70863,43.00972],[-89.70902,43.00888],[-89.71241,43.00959],[-89.7124,43.01072],[-89.71146,43.01071],[-89.71146,43.01372],[-89.71413,43.01371],[-89.71357,43.01449],[-89.71433,43.01371],[-89.7162,43.01371],[-89.71619,43.01428],[-89.72012,43.0137],[-89.71619,43.01458],[-89.71615,43.01735],[-89.72054,43.01735],[-89.72053,43.03201]]]}},{"type":"Feature","properties":{"ad":51,"sd":17},"geometry":{"type":"Polygon","coordinates":[[[-90.52962,43.2075],[-90.52042,43.20673],[-90.5059,43.20892],[-90.49624,43.20616],[-90.48546,43.20545],[-90.47948,43.20348],[-90.46494,43.20184],[-90.45273,43.20224],[-90.44513,43.20004],[-90.43929,43.19964],[-90.42164,43.20175],[-90.40867,43.2002],[-90.3942,43.20306],[-90.38209,43.20403],[-90.35052,43.20979],[-90.33658,43.20979],[-90.32382,43.20744],[-90.31092,43.20662],[-90.29781,43.20822],[-90.29254,43.20687],[-90.28841,43.20383],[-90.28598,43.20105],[-90.28463,43.19624],[-90.28356,43.19528],[-90.27838,43.1941],[-90.2677,43.19701],[-90.26069,43.19778],[-90.25872,43.19724],[-90.25155,43.19237],[-90.24201,43.18918],[-90.22616,43.17728],[-90.22089,43.17424],[-90.21291,43.17196],[-90.20744,43.16919],[-90.19901,43.16692],[-90.18821,43.16228],[-90.18511,43.15831],[-90.18328,43.15714],[-90.17715,43.1585],[-90.1658,43.16483],[-90.15899,43.1668],[-90.13507,43.16575],[-90.12276,43.16178],[-90.11373,43.16035],[-90.09821,43.16034],[-90.08795,43.16239],[-90.08239,43.16115],[-90.07431,43.15402],[-90.06963,43.15188],[-90.06215,43.14597],[-90.05867,43.1453],[-90.05344,43.1467],[-90.05184,43.14931],[-90.05279,43.15348],[-90.04894,43.15969],[-90.04985,43.16504],[-90.04933,43.16638],[-90.03329,43.17405],[-90.02927,43.17754],[-90.02722,43.1813],[-90.02493,43.18333],[-90.00013,43.19463],[-89.98424,43.19576],[-89.9679,43.19211],[-89.95814,43.19224],[-89.94985,43.19345],[-89.9405,43.19163],[-89.93023,43.19104],[-89.92178,43.18914],[-89.90528,43.18803],[-89.89373,43.19046],[-89.88009,43.19593],[-89.87515,43.19662],[-89.87006,43.19623],[-89.86614,43.19466],[-89.8589,43.19559],[-89.84198,43.20248],[-89.83814,43.20606],[-89.83797,43.11858],[-89.71965,43.11887],[-89.72054,43.01735],[-89.71615,43.01735],[-89.71619,43.01458],[-89.72012,43.0137],[-89.71619,43.01428],[-89.7162,43.01371],[-89.71433,43.01371],[-89.71357,43.01449],[-89.71413,43.01371],[-89.71146,43.01372],[-89.71146,43.01071],[-89.7124,43.01072],[-89.71241,43.00959],[-89.70902,43.00888],[-89.70863,43.00972],[-89.70542,43.00976],[-89.7063,43.00837],[-89.7032,43.00741],[-89.70375,43.00708],[-89.70227,43.00562],[-89.71785,42.99846],[-89.71945,42.99833],[-89.72023,42.99919],[-89.71939,42.99918],[-89.71939,43.00006],[-89.72052,43.00075],[-89.72057,42.94474],[-89.83857,42.94474],[-89.83785,42.87649],[-89.83864,42.77197],[-89.83723,42.68318],[-89.83759,42.50572],[-89.95524,42.50566],[-90.07368,42.50828],[-90.42638,42.50708],[-90.42624,42.52539],[-90.42912,42.52536],[-90.43012,42.524],[-90.43246,42.52397],[-90.43265,42.52539],[-90.44603,42.52548],[-90.44571,42.54362],[-90.44079,42.54361],[-90.44074,42.54666],[-90.43445,42.54669],[-90.43454,42.54321],[-90.43589,42.54321],[-90.43595,42.53995],[-90.42612,42.53995],[-90.42589,42.59481],[-90.43091,42.59488],[-90.43083,42.59334],[-90.4332,42.59338],[-90.43325,42.59493],[-90.44075,42.59499],[-90.44068,42.61311],[-90.43589,42.61307],[-90.43588,42.61456],[-90.43284,42.61452],[-90.43172,42.61303],[-90.42581,42.61296],[-90.42631,42.78104],[-90.42737,42.85626],[-90.54639,42.8568],[-90.54708,43.03144],[-90.66592,43.03198],[-90.66663,43.16219],[-90.65688,43.16512],[-90.65674,43.16773],[-90.65694,43.17038],[-90.65832,43.16958],[-90.65829,43.16874],[-90.66396,43.16742],[-90.66663,43.1677],[-90.66662,43.17177],[-90.66044,43.17114],[-90.65658,43.17184],[-90.6414,43.17907],[-90.63455,43.17929],[-90.62006,43.18418],[-90.60861,43.18538],[-90.58891,43.2007],[-90.58232,43.20327],[-90.56341,43.20653],[-90.55813,43.20674],[-90.54534,43.21147],[-90.5406,43.21125],[-90.53696,43.2091],[-90.52962,43.2075]]]}},{"type":"Feature","properties":{"ad":52,"sd":18},"geometry":{"type":"Polygon","coordinates":[[[-88.39519,44.329],[-88.34311,44.32868],[-88.3432,44.30705],[-88.35349,44.30717],[-88.35351,44.30354],[-88.35224,44.3035],[-88.35352,44.30316],[-88.35224,44.30279],[-88.35352,44.30244],[-88.35334,44.28721],[-88.35741,44.28736],[-88.35584,44.28351],[-88.35548,44.27697],[-88.35487,44.27677],[-88.35514,44.2528],[-88.35404,44.24386],[-88.38198,44.24406],[-88.38192,44.24995],[-88.39046,44.2499],[-88.39051,44.25225],[-88.39202,44.25405],[-88.39623,44.2537],[-88.39704,44.25876],[-88.39947,44.25918],[-88.40281,44.25849],[-88.4109,44.25449],[-88.41733,44.25233],[-88.42491,44.24539],[-88.42901,44.24429],[-88.45013,44.24413],[-88.45006,44.24579],[-88.45161,44.24746],[-88.44791,44.25107],[-88.45088,44.25107],[-88.4509,44.25503],[-88.44908,44.25502],[-88.44908,44.25749],[-88.4473,44.25749],[-88.4479,44.25691],[-88.44729,44.2569],[-88.44726,44.25502],[-88.4467,44.25502],[-88.44671,44.25683],[-88.44586,44.25683],[-88.44671,44.25712],[-88.44586,44.25749],[-88.44589,44.26188],[-88.47602,44.26222],[-88.47629,44.27594],[-88.49617,44.28335],[-88.49613,44.28707],[-88.46637,44.28802],[-88.46581,44.29158],[-88.46353,44.29498],[-88.45595,44.29519],[-88.45673,44.28495],[-88.44857,44.28458],[-88.44815,44.28251],[-88.44918,44.28135],[-88.44629,44.28101],[-88.44643,44.28784],[-88.43,44.28755],[-88.42998,44.29129],[-88.42353,44.2907],[-88.42359,44.29478],[-88.41809,44.29467],[-88.41803,44.29622],[-88.41948,44.29629],[-88.42007,44.29514],[-88.42014,44.29881],[-88.40552,44.29861],[-88.40453,44.2946],[-88.40295,44.2946],[-88.40323,44.28727],[-88.3958,44.28724],[-88.39549,44.29849],[-88.37486,44.29826],[-88.37499,44.31278],[-88.38508,44.31273],[-88.38504,44.31638],[-88.39513,44.31632],[-88.39519,44.329]]]}},{"type":"Feature","properties":{"ad":53,"sd":18},"geometry":{"type":"Polygon","coordinates":[[[-88.39704,44.25876],[-88.39623,44.2537],[-88.39202,44.25405],[-88.39051,44.25225],[-88.39046,44.2499],[-88.38192,44.24995],[-88.38198,44.24406],[-88.40408,44.24411],[-88.40452,44.20871],[-88.41669,44.20625],[-88.42091,44.20221],[-88.42671,44.19972],[-88.43401,44.1937],[-88.43676,44.1908],[-88.43617,44.19044],[-88.43951,44.18837],[-88.4461,44.17905],[-88.44545,44.17566],[-88.44585,44.17251],[-88.44454,44.17039],[-88.44264,44.16967],[-88.43462,44.16966],[-88.43392,44.16906],[-88.43685,44.16523],[-88.43658,44.16354],[-88.4374,44.16302],[-88.43747,44.1615],[-88.43691,44.16075],[-88.43869,44.15902],[-88.43832,44.15794],[-88.44016,44.1553],[-88.445,44.15494],[-88.45076,44.14921],[-88.45554,44.14863],[-88.45986,44.14588],[-88.45958,44.14361],[-88.46078,44.14159],[-88.4698,44.13162],[-88.46778,44.12765],[-88.52342,44.12668],[-88.52357,44.13801],[-88.5284,44.13749],[-88.5287,44.14108],[-88.52616,44.14112],[-88.52614,44.13932],[-88.52359,44.13937],[-88.52384,44.19985],[-88.49526,44.19987],[-88.49521,44.19266],[-88.48651,44.19263],[-88.4863,44.19443],[-88.48516,44.19443],[-88.48515,44.19263],[-88.48029,44.19267],[-88.48004,44.19332],[-88.4745,44.19271],[-88.47274,44.19477],[-88.47195,44.199],[-88.47218,44.19987],[-88.47491,44.20084],[-88.47423,44.20319],[-88.46985,44.20508],[-88.46929,44.20623],[-88.46997,44.20947],[-88.46741,44.21132],[-88.46793,44.21128],[-88.46734,44.21442],[-88.46528,44.21441],[-88.46527,44.21573],[-88.46083,44.21564],[-88.46162,44.22127],[-88.45132,44.23238],[-88.44851,44.2385],[-88.43911,44.24429],[-88.42901,44.24429],[-88.42491,44.24539],[-88.41733,44.25233],[-88.4109,44.25449],[-88.40281,44.25849],[-88.39947,44.25918],[-88.39704,44.25876]]]}},{"type":"Feature","properties":{"ad":54,"sd":18},"geometry":{"type":"MultiPolygon","coordinates":[[[[-88.51422,44.0626],[-88.51643,44.06394],[-88.51428,44.06319],[-88.51331,44.06437],[-88.51617,44.06496],[-88.51773,44.06626],[-88.52317,44.06582],[-88.52356,44.06721],[-88.5248,44.06643],[-88.52795,44.06653],[-88.52343,44.06648],[-88.52727,44.06548],[-88.52529,44.06538],[-88.52579,44.06427],[-88.52462,44.06217],[-88.52495,44.05974],[-88.52219,44.05893],[-88.52259,44.05752],[-88.5217,44.05652],[-88.52395,44.05495],[-88.52404,44.05424],[-88.52333,44.05457],[-88.52384,44.05365],[-88.52069,44.05602],[-88.52042,44.05812],[-88.51842,44.05878],[-88.51699,44.0577],[-88.51958,44.05564],[-88.52115,44.05217],[-88.52118,44.05008],[-88.52274,44.05029],[-88.51947,44.04836],[-88.52225,44.0487],[-88.52373,44.04748],[-88.52089,44.04706],[-88.52197,44.04507],[-88.51663,44.04428],[-88.51118,44.0463],[-88.50982,44.04802],[-88.5073,44.04456],[-88.50796,44.04304],[-88.51153,44.04258],[-88.51181,44.04099],[-88.51243,44.04106],[-88.51182,44.04009],[-88.50841,44.03929],[-88.50939,44.03592],[-88.51037,44.03631],[-88.50951,44.03723],[-88.51035,44.03703],[-88.51253,44.03196],[-88.51119,44.03566],[-88.51356,44.03642],[-88.52067,44.03214],[-88.52101,44.03067],[-88.51981,44.0269],[-88.52034,44.02488],[-88.5181,44.02374],[-88.51594,44.02413],[-88.51456,44.02299],[-88.51688,44.01996],[-88.51554,44.01747],[-88.5159,44.0168],[-88.51495,44.01715],[-88.51597,44.01645],[-88.5157,44.0143],[-88.51961,44.00697],[-88.52538,44.00856],[-88.52724,44.00975],[-88.52682,44.01023],[-88.52806,44.01018],[-88.52821,44.01109],[-88.53018,44.01144],[-88.53241,44.00865],[-88.5319,44.00762],[-88.53337,44.00434],[-88.55249,44.00447],[-88.55247,44.00617],[-88.56256,44.00444],[-88.56252,44.00671],[-88.56904,44.00623],[-88.56936,44.01062],[-88.5821,44.01084],[-88.58235,43.99644],[-88.6032,43.99639],[-88.60308,44.01453],[-88.60049,44.01453],[-88.60043,44.01832],[-88.60225,44.01833],[-88.60222,44.02127],[-88.60301,44.02136],[-88.60219,44.02145],[-88.60214,44.02465],[-88.60295,44.02525],[-88.59777,44.02525],[-88.59776,44.02869],[-88.59482,44.02968],[-88.59483,44.03275],[-88.58335,44.03275],[-88.58409,44.04134],[-88.58278,44.04516],[-88.643,44.06921],[-88.64331,44.09751],[-88.62119,44.0969],[-88.54334,44.09748],[-88.54398,44.15611],[-88.52374,44.15628],[-88.52359,44.13937],[-88.52614,44.13932],[-88.52616,44.14112],[-88.5287,44.14108],[-88.5284,44.13749],[-88.52357,44.13801],[-88.52342,44.12668],[-88.46778,44.12765],[-88.46278,44.12623],[-88.46884,44.11969],[-88.47039,44.11524],[-88.47886,44.11367],[-88.48318,44.11055],[-88.48383,44.10912],[-88.48249,44.10522],[-88.48327,44.10533],[-88.48541,44.10297],[-88.48317,44.10151],[-88.47999,44.10116],[-88.47922,44.10128],[-88.4811,44.10206],[-88.47925,44.10166],[-88.47762,44.10262],[-88.47753,44.10208],[-88.47971,44.10005],[-88.48171,44.10026],[-88.4839,44.09931],[-88.48665,44.0969],[-88.4865,44.0956],[-88.48318,44.09331],[-88.48355,44.09185],[-88.49296,44.09033],[-88.49624,44.0914],[-88.49932,44.09139],[-88.50927,44.08694],[-88.51214,44.0829],[-88.51357,44.07386],[-88.51264,44.07085],[-88.51046,44.06952],[-88.50972,44.06721],[-88.50839,44.06597],[-88.50922,44.06481],[-88.51077,44.06479],[-88.51422,44.0626]]],[[[-88.5163,44.0631],[-88.51465,44.06233],[-88.51716,44.06261],[-88.5163,44.0631]]]]}},{"type":"Feature","properties":{"ad":55,"sd":19},"geometry":{"type":"MultiPolygon","coordinates":[[[[-88.47602,44.26222],[-88.44589,44.26188],[-88.44586,44.25749],[-88.44671,44.25712],[-88.44586,44.25683],[-88.44671,44.25683],[-88.4467,44.25502],[-88.44726,44.25502],[-88.44729,44.2569],[-88.4479,44.25691],[-88.4473,44.25749],[-88.44908,44.25749],[-88.44908,44.25502],[-88.4509,44.25503],[-88.45088,44.25107],[-88.44791,44.25107],[-88.45161,44.24746],[-88.45006,44.24579],[-88.45013,44.24413],[-88.43911,44.24429],[-88.44851,44.2385],[-88.45132,44.23238],[-88.46162,44.22127],[-88.46083,44.21564],[-88.46527,44.21573],[-88.46528,44.21441],[-88.46734,44.21442],[-88.46793,44.21128],[-88.46741,44.21132],[-88.46997,44.20947],[-88.46929,44.20623],[-88.46985,44.20508],[-88.47423,44.20319],[-88.47462,44.20212],[-88.47491,44.20084],[-88.47218,44.19987],[-88.47195,44.199],[-88.47343,44.19369],[-88.4745,44.19271],[-88.48004,44.19332],[-88.48029,44.19267],[-88.48515,44.19263],[-88.48516,44.19443],[-88.4863,44.19443],[-88.48651,44.19263],[-88.495,44.19263],[-88.49526,44.19987],[-88.52384,44.19985],[-88.52374,44.15628],[-88.54398,44.15611],[-88.54334,44.09748],[-88.62119,44.0969],[-88.64331,44.09751],[-88.643,44.06921],[-88.58278,44.04516],[-88.58409,44.04134],[-88.58335,44.03275],[-88.59483,44.03275],[-88.59482,44.02968],[-88.59776,44.02869],[-88.59777,44.02525],[-88.60295,44.02525],[-88.60214,44.02465],[-88.60219,44.02145],[-88.60301,44.02136],[-88.60222,44.02127],[-88.60225,44.01833],[-88.60043,44.01832],[-88.60049,44.01453],[-88.60308,44.01453],[-88.6032,43.99639],[-88.58235,43.99644],[-88.5821,44.01084],[-88.56936,44.01062],[-88.56904,44.00623],[-88.56252,44.00671],[-88.56256,44.00444],[-88.55247,44.00617],[-88.55249,44.00447],[-88.53337,44.00434],[-88.5337,44.00368],[-88.53645,44.00421],[-88.53744,44.00211],[-88.53729,43.99842],[-88.53611,43.99817],[-88.53624,43.99569],[-88.53487,43.99424],[-88.5355,43.99484],[-88.53616,43.99207],[-88.53467,43.99191],[-88.5357,43.99094],[-88.53282,43.98847],[-88.53032,43.99005],[-88.52764,43.98926],[-88.52877,43.98467],[-88.52801,43.98289],[-88.52563,43.98255],[-88.52744,43.98017],[-88.52664,43.97599],[-88.52854,43.97612],[-88.52676,43.9758],[-88.52698,43.97382],[-88.52599,43.97179],[-88.52372,43.96959],[-88.52181,43.9693],[-88.51959,43.96731],[-88.51465,43.95606],[-88.51225,43.95443],[-88.50909,43.95359],[-88.50833,43.94944],[-88.504,43.94644],[-88.49966,43.9464],[-88.49773,43.94875],[-88.49909,43.94547],[-88.49694,43.94425],[-88.49436,43.9445],[-88.49529,43.94398],[-88.49405,43.94368],[-88.49402,43.94234],[-88.49487,43.94209],[-88.49419,43.94207],[-88.49438,43.94071],[-88.49308,43.94145],[-88.49177,43.9409],[-88.49217,43.93999],[-88.49125,43.94094],[-88.49295,43.94245],[-88.49266,43.94391],[-88.49066,43.94532],[-88.49156,43.94804],[-88.48938,43.94923],[-88.4882,43.94916],[-88.48833,43.94842],[-88.48795,43.94902],[-88.48445,43.94837],[-88.48351,43.94668],[-88.48451,43.94588],[-88.48321,43.94659],[-88.4799,43.94563],[-88.47899,43.94413],[-88.47798,43.94454],[-88.47878,43.94319],[-88.48056,43.94326],[-88.47883,43.94304],[-88.47918,43.94022],[-88.47764,43.94058],[-88.47877,43.93975],[-88.47772,43.93928],[-88.47868,43.9341],[-88.47591,43.93361],[-88.47596,43.9328],[-88.47477,43.93354],[-88.47489,43.93471],[-88.47386,43.93572],[-88.47294,43.93387],[-88.47661,43.93031],[-88.47711,43.931],[-88.47667,43.9298],[-88.4795,43.92976],[-88.47952,43.92744],[-88.47873,43.92692],[-88.48071,43.92555],[-88.4786,43.92671],[-88.47606,43.92571],[-88.47726,43.9277],[-88.47423,43.92748],[-88.47623,43.92464],[-88.47813,43.92523],[-88.47631,43.92452],[-88.47768,43.92214],[-88.4738,43.92735],[-88.4713,43.92892],[-88.47044,43.92842],[-88.4726,43.92468],[-88.47446,43.92404],[-88.47524,43.92206],[-88.47333,43.91947],[-88.4714,43.91912],[-88.47119,43.91833],[-88.4689,43.92083],[-88.46797,43.92047],[-88.46811,43.91766],[-88.46954,43.91539],[-88.471,43.91527],[-88.46962,43.91525],[-88.46948,43.91356],[-88.47044,43.91315],[-88.46983,43.91283],[-88.47102,43.91254],[-88.46995,43.91202],[-88.47143,43.91096],[-88.4712,43.90997],[-88.47356,43.90996],[-88.47085,43.90978],[-88.47168,43.90956],[-88.47098,43.9085],[-88.46917,43.90829],[-88.47093,43.90831],[-88.46986,43.90812],[-88.47075,43.9076],[-88.46817,43.90512],[-88.46988,43.9044],[-88.46968,43.90271],[-88.46706,43.90204],[-88.46613,43.90307],[-88.46614,43.90243],[-88.46467,43.90211],[-88.46635,43.90141],[-88.46556,43.89954],[-88.46674,43.89911],[-88.46772,43.89989],[-88.46608,43.89889],[-88.46743,43.89666],[-88.46739,43.89576],[-88.46666,43.89567],[-88.46731,43.89548],[-88.46745,43.89353],[-88.76485,43.89491],[-88.7649,43.97493],[-88.74489,43.97496],[-88.74503,43.99686],[-88.76463,43.99688],[-88.76462,44.0333],[-88.78475,44.03346],[-88.78484,44.06939],[-88.76475,44.06948],[-88.7649,44.14812],[-88.88609,44.14852],[-88.88668,44.24263],[-88.49682,44.24411],[-88.49617,44.28335],[-88.47629,44.27594],[-88.47602,44.26222]]],[[[-88.49127,43.94712],[-88.49417,43.94488],[-88.49276,43.946],[-88.49198,43.948],[-88.49127,43.94712]]]]}},{"type":"Feature","properties":{"ad":56,"sd":19},"geometry":{"type":"Polygon","coordinates":[[[-88.85979,44.59043],[-88.57664,44.59064],[-88.48876,44.58952],[-88.49072,44.56414],[-88.49313,44.50175],[-88.44732,44.50214],[-88.37143,44.50127],[-88.37487,44.3953],[-88.37503,44.32885],[-88.39519,44.329],[-88.39513,44.31632],[-88.38504,44.31638],[-88.38508,44.31273],[-88.37499,44.31278],[-88.37486,44.29826],[-88.39549,44.29849],[-88.3958,44.28724],[-88.40323,44.28727],[-88.40295,44.2946],[-88.40453,44.2946],[-88.40552,44.29861],[-88.42014,44.29881],[-88.42007,44.29514],[-88.41948,44.29629],[-88.41803,44.29622],[-88.41809,44.29467],[-88.42359,44.29478],[-88.42353,44.2907],[-88.42998,44.29129],[-88.43,44.28755],[-88.44643,44.28784],[-88.44629,44.28101],[-88.44918,44.28135],[-88.44815,44.28251],[-88.44857,44.28458],[-88.45673,44.28495],[-88.45595,44.29519],[-88.46353,44.29498],[-88.46581,44.29158],[-88.46637,44.28802],[-88.49613,44.28707],[-88.49682,44.24411],[-88.61842,44.24369],[-88.61607,44.31616],[-88.73857,44.31605],[-88.73802,44.33058],[-88.85988,44.32982],[-88.85921,44.51737],[-88.85979,44.59043]]]}},{"type":"Feature","properties":{"ad":57,"sd":19},"geometry":{"type":"Polygon","coordinates":[[[-89.10272,44.50379],[-88.85931,44.50302],[-88.85988,44.32982],[-88.73802,44.33058],[-88.73857,44.31605],[-88.61607,44.31616],[-88.61842,44.24369],[-88.88668,44.24263],[-88.88609,44.14852],[-88.7649,44.14812],[-88.76475,44.06948],[-88.78484,44.06939],[-88.78475,44.03346],[-88.76462,44.0333],[-88.76463,43.99688],[-88.74503,43.99686],[-88.74491,43.9747],[-88.78506,43.9751],[-88.78505,43.98263],[-88.92648,43.98342],[-88.92651,43.99017],[-88.93154,43.98802],[-88.93164,43.99796],[-88.93504,43.99796],[-88.935,43.99658],[-88.93667,43.9966],[-88.93666,43.99796],[-88.94095,43.99798],[-88.94173,43.99422],[-88.94372,43.99422],[-88.94373,43.99331],[-88.94678,43.99329],[-88.94681,43.98693],[-88.94838,43.98745],[-88.94975,43.98677],[-88.95083,43.98335],[-89.71763,43.98196],[-89.71734,44.15577],[-89.59771,44.15608],[-89.59717,44.19593],[-89.59799,44.24573],[-89.48755,44.24405],[-89.48838,44.28745],[-89.48778,44.33864],[-89.34572,44.33125],[-89.34552,44.41786],[-89.10285,44.41755],[-89.10272,44.50379]]]}},{"type":"Feature","properties":{"ad":58,"sd":20},"geometry":{"type":"Polygon","coordinates":[[[-88.17761,43.4541],[-88.17594,43.4546],[-88.17595,43.45408],[-88.17167,43.45402],[-88.17165,43.45215],[-88.17665,43.45215],[-88.17586,43.44997],[-88.17659,43.44932],[-88.17655,43.44586],[-88.17312,43.4484],[-88.16665,43.44854],[-88.16653,43.44112],[-88.16157,43.44113],[-88.16159,43.45495],[-88.04071,43.45449],[-88.041,43.43243],[-88.03075,43.43264],[-88.03076,43.43206],[-88.03954,43.42935],[-88.03713,43.42711],[-88.03251,43.42471],[-88.03911,43.4279],[-88.04097,43.4279],[-88.04008,43.36743],[-88.06243,43.3673],[-88.0633,43.27889],[-88.18881,43.28081],[-88.1892,43.28352],[-88.18748,43.28356],[-88.18724,43.28807],[-88.19158,43.28806],[-88.19156,43.28295],[-88.18957,43.28347],[-88.18919,43.28081],[-88.30044,43.28136],[-88.29932,43.32856],[-88.30428,43.3269],[-88.30439,43.3248],[-88.30937,43.32472],[-88.30929,43.32823],[-88.31427,43.32818],[-88.31422,43.32977],[-88.31924,43.32876],[-88.31878,43.34634],[-88.32623,43.3464],[-88.32611,43.35366],[-88.31873,43.35359],[-88.31865,43.35768],[-88.31656,43.35757],[-88.31654,43.35662],[-88.31846,43.35628],[-88.31851,43.35359],[-88.30626,43.35373],[-88.30636,43.3483],[-88.30389,43.34833],[-88.30384,43.35017],[-88.2989,43.35021],[-88.29858,43.36954],[-88.28101,43.36937],[-88.28171,43.42747],[-88.24046,43.42746],[-88.2409,43.42385],[-88.23149,43.42377],[-88.23151,43.42741],[-88.2262,43.42736],[-88.22607,43.41665],[-88.22535,43.41664],[-88.22606,43.41363],[-88.22491,43.41361],[-88.22472,43.4128],[-88.22177,43.41275],[-88.22119,43.41342],[-88.22123,43.42004],[-88.21591,43.42006],[-88.21653,43.41507],[-88.21349,43.41502],[-88.21292,43.41635],[-88.20858,43.4163],[-88.20856,43.41742],[-88.20736,43.4175],[-88.20823,43.42719],[-88.20113,43.4271],[-88.20088,43.44207],[-88.18665,43.44133],[-88.19444,43.4513],[-88.19368,43.45237],[-88.18876,43.45196],[-88.18751,43.45048],[-88.18808,43.44863],[-88.18731,43.44755],[-88.18867,43.44755],[-88.1865,43.44722],[-88.18716,43.44804],[-88.18677,43.44942],[-88.18618,43.44859],[-88.18157,43.44874],[-88.18168,43.45396],[-88.17771,43.4552],[-88.17761,43.4541]]]}},{"type":"Feature","properties":{"ad":59,"sd":20},"geometry":{"type":"Polygon","coordinates":[[[-88.28127,43.80464],[-88.16116,43.80451],[-88.15998,43.63046],[-87.92081,43.63108],[-87.8052,43.63035],[-87.80521,43.62955],[-87.80417,43.62922],[-87.80794,43.62887],[-87.80795,43.6267],[-87.80923,43.62667],[-87.80935,43.61943],[-87.80432,43.61944],[-87.80434,43.61853],[-87.80128,43.6186],[-87.8026,43.61585],[-87.80037,43.61583],[-87.80039,43.61511],[-87.79935,43.61511],[-87.79933,43.61581],[-87.77031,43.61574],[-87.76944,43.6303],[-87.74156,43.62947],[-87.76116,43.60535],[-87.76617,43.59735],[-87.76914,43.59455],[-87.77747,43.58319],[-87.78681,43.56906],[-87.79039,43.56153],[-87.79277,43.54984],[-87.79111,43.54302],[-87.7918,43.54296],[-87.79172,43.5386],[-87.79411,43.52514],[-87.79337,43.52313],[-87.79327,43.51386],[-87.79409,43.50948],[-87.79326,43.50715],[-87.79399,43.50379],[-87.79329,43.50294],[-87.79406,43.50037],[-87.79221,43.49397],[-87.79111,43.4929],[-87.79183,43.49262],[-87.79324,43.48843],[-87.80123,43.47373],[-87.80365,43.46418],[-87.8102,43.4559],[-87.92054,43.45585],[-87.92059,43.38704],[-87.91571,43.3869],[-87.91557,43.38294],[-87.91704,43.38291],[-87.91706,43.38405],[-87.91856,43.38403],[-87.91936,43.38518],[-87.92056,43.38499],[-87.92055,43.38426],[-87.91915,43.38376],[-87.92054,43.38379],[-87.92023,43.36826],[-87.94876,43.36787],[-87.94773,43.3604],[-87.95291,43.36015],[-87.95224,43.36422],[-87.951,43.36423],[-87.95109,43.36784],[-88.04013,43.36732],[-88.04097,43.4279],[-88.03911,43.4279],[-88.03251,43.42471],[-88.03713,43.42711],[-88.03954,43.42935],[-88.03076,43.43206],[-88.03075,43.43264],[-88.041,43.43243],[-88.04071,43.45449],[-88.16159,43.45495],[-88.16157,43.44113],[-88.16653,43.44112],[-88.16665,43.44854],[-88.17312,43.4484],[-88.17655,43.44586],[-88.17659,43.44932],[-88.17586,43.44997],[-88.17665,43.45215],[-88.17165,43.45215],[-88.17167,43.45402],[-88.17595,43.45408],[-88.17594,43.4546],[-88.17761,43.4541],[-88.17771,43.4552],[-88.18168,43.45396],[-88.18157,43.44874],[-88.18618,43.44859],[-88.18677,43.44942],[-88.18716,43.44804],[-88.1865,43.44722],[-88.18867,43.44755],[-88.18731,43.44755],[-88.18808,43.44863],[-88.18751,43.45048],[-88.18876,43.45196],[-88.19368,43.45237],[-88.19444,43.4513],[-88.18665,43.44133],[-88.20088,43.44207],[-88.20113,43.4271],[-88.20823,43.42719],[-88.20736,43.4175],[-88.20856,43.41742],[-88.20858,43.4163],[-88.21292,43.41635],[-88.21349,43.41502],[-88.21653,43.41507],[-88.21591,43.42006],[-88.22123,43.42004],[-88.22119,43.41342],[-88.22177,43.41275],[-88.22472,43.4128],[-88.22491,43.41361],[-88.22606,43.41363],[-88.22535,43.41664],[-88.22607,43.41665],[-88.2262,43.42736],[-88.23151,43.42741],[-88.23149,43.42377],[-88.2409,43.42385],[-88.24046,43.42746],[-88.28171,43.42747],[-88.28101,43.36937],[-88.28622,43.36936],[-88.40155,43.37008],[-88.40069,43.45679],[-88.52181,43.45723],[-88.52129,43.54395],[-88.40043,43.54354],[-88.4018,43.71844],[-88.28071,43.71766],[-88.28127,43.80464]]]}},{"type":"Feature","properties":{"ad":60,"sd":20},"geometry":{"type":"Polygon","coordinates":[[[-88.52401,43.89372],[-88.46769,43.89344],[-88.46812,43.89081],[-88.46714,43.8895],[-88.46415,43.88778],[-88.46261,43.88902],[-88.46148,43.88857],[-88.46118,43.88724],[-88.46283,43.88492],[-88.4622,43.88338],[-88.46321,43.88201],[-88.46384,43.87801],[-88.45918,43.87509],[-88.46082,43.87353],[-88.46043,43.87114],[-88.4589,43.87044],[-88.46053,43.86873],[-88.46005,43.86795],[-88.46074,43.8676],[-88.46172,43.86339],[-88.46166,43.86188],[-88.46097,43.8617],[-88.46179,43.86086],[-88.46095,43.85758],[-88.46002,43.85709],[-88.46073,43.85643],[-88.45957,43.85573],[-88.4609,43.85461],[-88.46021,43.85353],[-88.4615,43.85342],[-88.4625,43.85112],[-88.46243,43.847],[-88.4615,43.84499],[-88.46189,43.84319],[-88.46117,43.84263],[-88.46445,43.83711],[-88.46438,43.8331],[-88.46574,43.83096],[-88.46468,43.82949],[-88.46638,43.82969],[-88.46452,43.82881],[-88.46562,43.82731],[-88.46445,43.8268],[-88.46622,43.8262],[-88.46637,43.82424],[-88.4658,43.82413],[-88.46783,43.82238],[-88.46658,43.82283],[-88.46648,43.82179],[-88.46555,43.82154],[-88.46726,43.82039],[-88.4669,43.8193],[-88.46583,43.81915],[-88.4671,43.8177],[-88.46624,43.81626],[-88.47005,43.81372],[-88.46843,43.81383],[-88.47063,43.80758],[-88.46514,43.8018],[-88.46788,43.80163],[-88.46525,43.80071],[-88.46495,43.79981],[-88.46635,43.7993],[-88.46485,43.79923],[-88.46383,43.80105],[-88.46173,43.80029],[-88.46258,43.79855],[-88.46504,43.79913],[-88.46139,43.7961],[-88.45772,43.79705],[-88.45644,43.799],[-88.46108,43.7993],[-88.46113,43.80016],[-88.45944,43.80116],[-88.46248,43.80118],[-88.46501,43.8025],[-88.46876,43.80731],[-88.4602,43.80304],[-88.45305,43.80062],[-88.44461,43.79841],[-88.44262,43.79906],[-88.44342,43.7975],[-88.43781,43.79799],[-88.43742,43.79665],[-88.43939,43.79651],[-88.43895,43.79481],[-88.43525,43.79551],[-88.43535,43.79644],[-88.43625,43.79651],[-88.43528,43.79759],[-88.43675,43.79787],[-88.4347,43.79779],[-88.43386,43.79633],[-88.43333,43.7971],[-88.43043,43.79706],[-88.42686,43.7983],[-88.42507,43.80006],[-88.42214,43.79967],[-88.42437,43.80038],[-88.42457,43.80124],[-88.42378,43.80192],[-88.42258,43.80147],[-88.42201,43.80262],[-88.4229,43.80271],[-88.4212,43.80428],[-88.41136,43.80403],[-88.40262,43.80577],[-88.40219,43.80651],[-88.40209,43.79461],[-88.38403,43.79437],[-88.38881,43.79462],[-88.389,43.79923],[-88.39356,43.80134],[-88.39358,43.80271],[-88.39495,43.80341],[-88.39172,43.80475],[-88.38202,43.8047],[-88.38224,43.80222],[-88.38072,43.79964],[-88.38143,43.79635],[-88.37649,43.79638],[-88.37651,43.79801],[-88.37455,43.79809],[-88.37394,43.80021],[-88.3715,43.79968],[-88.37144,43.79436],[-88.36643,43.79442],[-88.36638,43.79078],[-88.28125,43.79007],[-88.28071,43.71766],[-88.52319,43.71935],[-88.52421,43.80665],[-88.52401,43.89372]]]}},{"type":"Feature","properties":{"ad":61,"sd":21},"geometry":{"type":"Polygon","coordinates":[[[-88.0021,42.98813],[-88.00213,42.98683],[-87.99938,42.98191],[-87.99956,42.9792],[-87.99792,42.97788],[-87.99809,42.97048],[-88.00808,42.96995],[-88.00833,42.95926],[-87.96857,42.9594],[-87.96883,42.9449],[-87.96451,42.94489],[-87.96468,42.93837],[-87.9631,42.93764],[-87.96224,42.93584],[-87.96231,42.93281],[-87.96367,42.93207],[-87.96372,42.9304],[-87.9593,42.93041],[-87.95958,42.92341],[-87.96322,42.92297],[-87.96498,42.92173],[-87.96749,42.92176],[-87.96786,42.92012],[-87.9672,42.91895],[-87.97047,42.91926],[-87.97105,42.91612],[-87.97953,42.91601],[-87.97922,42.92563],[-87.98905,42.9255],[-87.98911,42.92315],[-88.003,42.9233],[-88.00656,42.92133],[-88.00658,42.9219],[-88.00904,42.92193],[-88.00898,42.9248],[-88.01638,42.92479],[-88.01652,42.91964],[-88.02885,42.91975],[-88.02852,42.9303],[-88.03853,42.93025],[-88.03858,42.92845],[-88.04548,42.92839],[-88.04541,42.93019],[-88.0695,42.92996],[-88.06863,42.98097],[-88.0474,42.98084],[-88.04725,42.98445],[-88.04232,42.98448],[-88.0422,42.98809],[-88.0021,42.98813]]]}},{"type":"Feature","properties":{"ad":62,"sd":21},"geometry":{"type":"Polygon","coordinates":[[[-87.76576,42.78963],[-87.75742,42.78206],[-87.75739,42.78072],[-87.76175,42.77749],[-87.76464,42.77735],[-87.77268,42.77062],[-87.77716,42.7646],[-87.77938,42.75866],[-87.78125,42.74938],[-87.78072,42.74457],[-87.7793,42.74059],[-87.78033,42.73982],[-87.78,42.73768],[-87.77795,42.73756],[-87.77901,42.73511],[-87.77778,42.734],[-87.78102,42.73016],[-87.77996,42.72836],[-87.77861,42.72849],[-87.77809,42.71892],[-87.78036,42.71865],[-87.78041,42.72002],[-87.78596,42.72],[-87.78594,42.71852],[-87.78707,42.71852],[-87.78706,42.71703],[-87.79042,42.71701],[-87.79042,42.71552],[-87.79378,42.7155],[-87.79383,42.71997],[-87.80013,42.71995],[-87.79997,42.71697],[-87.79899,42.71697],[-87.7998,42.71248],[-87.80091,42.71247],[-87.80089,42.71102],[-87.80655,42.71075],[-87.80852,42.70742],[-87.81122,42.70793],[-87.81123,42.70938],[-87.81613,42.70912],[-87.81619,42.71697],[-87.83598,42.71685],[-87.83595,42.71508],[-87.8476,42.71539],[-87.84701,42.71681],[-87.84168,42.71714],[-87.84214,42.71879],[-87.8461,42.71891],[-87.84631,42.75543],[-87.90083,42.75628],[-87.89649,42.76347],[-87.89518,42.76345],[-87.89504,42.78517],[-87.85584,42.78462],[-87.85593,42.7773],[-87.84596,42.77715],[-87.84614,42.77173],[-87.85099,42.77181],[-87.85102,42.77001],[-87.83627,42.76975],[-87.83645,42.75531],[-87.8328,42.75531],[-87.8334,42.75788],[-87.82935,42.75794],[-87.82861,42.75678],[-87.82612,42.75645],[-87.82473,42.75537],[-87.8217,42.75533],[-87.82166,42.76997],[-87.81917,42.7773],[-87.81906,42.7846],[-87.80908,42.78461],[-87.80282,42.77003],[-87.79314,42.77002],[-87.79322,42.7736],[-87.78685,42.77359],[-87.78687,42.77272],[-87.78298,42.77269],[-87.78301,42.77161],[-87.78519,42.77132],[-87.78522,42.77],[-87.78201,42.76999],[-87.78163,42.78451],[-87.77816,42.78451],[-87.77792,42.79354],[-87.77638,42.79354],[-87.77634,42.79496],[-87.76576,42.78963]]]}},{"type":"Feature","properties":{"ad":63,"sd":21},"geometry":{"type":"Polygon","coordinates":[[[-87.95891,42.9304],[-87.94939,42.93038],[-87.95191,42.84355],[-87.82631,42.84224],[-87.82369,42.83473],[-87.81522,42.82574],[-87.79482,42.80716],[-87.77634,42.79496],[-87.77638,42.79354],[-87.77792,42.79354],[-87.77816,42.78451],[-87.78163,42.78451],[-87.78201,42.76999],[-87.78522,42.77],[-87.78519,42.77132],[-87.78301,42.77161],[-87.78298,42.77269],[-87.78687,42.77272],[-87.78685,42.77359],[-87.79322,42.7736],[-87.79314,42.77002],[-87.80282,42.77003],[-87.80908,42.78461],[-87.81906,42.7846],[-87.81917,42.7773],[-87.82166,42.76997],[-87.8217,42.75533],[-87.82473,42.75537],[-87.82612,42.75645],[-87.82861,42.75678],[-87.82935,42.75794],[-87.8334,42.75788],[-87.8328,42.75531],[-87.83645,42.75531],[-87.83627,42.76975],[-87.85102,42.77001],[-87.85099,42.77181],[-87.84614,42.77173],[-87.84596,42.77715],[-87.85593,42.7773],[-87.85584,42.78462],[-87.89504,42.78517],[-87.89518,42.76345],[-87.89649,42.76347],[-87.90083,42.75628],[-88.07177,42.75712],[-88.06959,42.86702],[-88.0695,42.92996],[-88.04541,42.93019],[-88.04548,42.92839],[-88.03858,42.92845],[-88.03853,42.93025],[-88.02852,42.9303],[-88.02885,42.91975],[-88.01652,42.91964],[-88.01638,42.92479],[-88.00898,42.9248],[-88.00904,42.92193],[-88.00658,42.9219],[-88.00656,42.92133],[-88.003,42.9233],[-87.98911,42.92315],[-87.98905,42.9255],[-87.97922,42.92563],[-87.97953,42.91601],[-87.97105,42.91612],[-87.97047,42.91926],[-87.9672,42.91895],[-87.96786,42.92012],[-87.96749,42.92176],[-87.96498,42.92173],[-87.96322,42.92297],[-87.95958,42.92341],[-87.95891,42.9304]]]}},{"type":"Feature","properties":{"ad":64,"sd":22},"geometry":{"type":"Polygon","coordinates":[[[-87.95343,42.66957],[-87.8056,42.66791],[-87.80613,42.66553],[-87.80775,42.66423],[-87.80878,42.66065],[-87.80975,42.65988],[-87.81139,42.65272],[-87.81587,42.64282],[-87.81619,42.63793],[-87.8174,42.63516],[-87.81736,42.63057],[-87.81979,42.62211],[-87.81909,42.60748],[-87.81744,42.6027],[-87.81658,42.60243],[-87.81523,42.5961],[-87.82053,42.59619],[-87.82055,42.60073],[-87.82596,42.60042],[-87.82596,42.60259],[-87.83595,42.60245],[-87.83566,42.59484],[-87.83007,42.59489],[-87.82999,42.59087],[-87.82593,42.59085],[-87.82603,42.58803],[-87.82993,42.588],[-87.82912,42.5847],[-87.83463,42.58373],[-87.84065,42.58077],[-87.86513,42.58123],[-87.86516,42.58309],[-87.86822,42.5831],[-87.86863,42.58129],[-87.86976,42.58131],[-87.86958,42.57363],[-87.87952,42.57381],[-87.88031,42.56667],[-87.90113,42.56777],[-87.91174,42.56704],[-87.91188,42.57411],[-87.91856,42.57433],[-87.9193,42.57417],[-87.91911,42.56702],[-87.9425,42.56766],[-87.94262,42.56835],[-87.94359,42.56836],[-87.94356,42.56768],[-87.9526,42.56754],[-87.95343,42.66957]]]}},{"type":"Feature","properties":{"ad":65,"sd":22},"geometry":{"type":"Polygon","coordinates":[[[-87.82565,42.60041],[-87.82055,42.60073],[-87.82053,42.59619],[-87.81603,42.59632],[-87.8152,42.5931],[-87.81144,42.58872],[-87.80851,42.5889],[-87.81612,42.5884],[-87.81648,42.58968],[-87.81854,42.59094],[-87.81723,42.5931],[-87.81724,42.595],[-87.81968,42.59106],[-87.81805,42.58961],[-87.81862,42.58756],[-87.80741,42.58819],[-87.80759,42.58507],[-87.80899,42.58506],[-87.80925,42.58252],[-87.81025,42.58232],[-87.80931,42.58287],[-87.80923,42.58504],[-87.81347,42.58436],[-87.81362,42.58187],[-87.81199,42.5818],[-87.80997,42.58294],[-87.81166,42.58182],[-87.8118,42.57906],[-87.81193,42.57995],[-87.81386,42.57866],[-87.81291,42.57574],[-87.81332,42.57256],[-87.81213,42.57094],[-87.81288,42.56936],[-87.81231,42.56223],[-87.81136,42.56132],[-87.81194,42.56153],[-87.81274,42.55844],[-87.81407,42.5574],[-87.81226,42.54946],[-87.81369,42.54349],[-87.81276,42.53506],[-87.81349,42.53238],[-87.81096,42.51594],[-87.8172,42.51431],[-87.82329,42.51476],[-87.82398,42.52208],[-87.85383,42.52246],[-87.85408,42.53119],[-87.86626,42.531],[-87.86565,42.53373],[-87.86647,42.5346],[-87.86492,42.53553],[-87.86485,42.53719],[-87.8853,42.53751],[-87.88712,42.53688],[-87.88858,42.53455],[-87.88977,42.53402],[-87.91241,42.53418],[-87.91306,42.53419],[-87.91319,42.53772],[-87.91871,42.53587],[-87.92201,42.53371],[-87.93336,42.53177],[-87.9328,42.53507],[-87.93539,42.53636],[-87.93265,42.53801],[-87.93736,42.53913],[-87.93974,42.54422],[-87.94337,42.54443],[-87.94246,42.54623],[-87.94342,42.54825],[-87.93342,42.55088],[-87.93386,42.56778],[-87.91911,42.56702],[-87.9193,42.57417],[-87.91579,42.57429],[-87.91188,42.57411],[-87.91174,42.56704],[-87.90113,42.56777],[-87.88031,42.56667],[-87.87952,42.57381],[-87.86958,42.57363],[-87.86976,42.58131],[-87.86863,42.58129],[-87.86822,42.5831],[-87.86516,42.58309],[-87.86513,42.58123],[-87.84065,42.58077],[-87.83463,42.58373],[-87.82912,42.5847],[-87.82993,42.588],[-87.82603,42.58803],[-87.82593,42.59085],[-87.82999,42.59087],[-87.83007,42.59489],[-87.83566,42.59484],[-87.83595,42.60245],[-87.82596,42.60259],[-87.82565,42.60041]]]}},{"type":"Feature","properties":{"ad":66,"sd":22},"geometry":{"type":"Polygon","coordinates":[[[-87.95399,42.757],[-87.84631,42.75543],[-87.8461,42.71891],[-87.84214,42.71879],[-87.84168,42.71714],[-87.84701,42.71681],[-87.8476,42.71539],[-87.83595,42.71508],[-87.83598,42.71685],[-87.81619,42.71697],[-87.81613,42.70912],[-87.81123,42.70938],[-87.81122,42.70793],[-87.80852,42.70742],[-87.80655,42.71075],[-87.80089,42.71102],[-87.80091,42.71247],[-87.7998,42.71248],[-87.79899,42.71697],[-87.79997,42.71697],[-87.80013,42.71995],[-87.79383,42.71997],[-87.79378,42.7155],[-87.79042,42.71552],[-87.79042,42.71701],[-87.78706,42.71703],[-87.78707,42.71852],[-87.78594,42.71852],[-87.78596,42.72],[-87.78041,42.72002],[-87.78168,42.71613],[-87.78233,42.70793],[-87.78518,42.69996],[-87.78711,42.69996],[-87.78813,42.69671],[-87.78934,42.69627],[-87.79077,42.69342],[-87.79515,42.68924],[-87.79763,42.68295],[-87.80413,42.67385],[-87.8056,42.66791],[-87.95329,42.66957],[-87.95399,42.757]]]}},{"type":"Feature","properties":{"ad":67,"sd":23},"geometry":{"type":"Polygon","coordinates":[[[-92.08537,45.64028],[-91.9083,45.6389],[-91.67998,45.63881],[-91.5403,45.63761],[-91.53958,45.53695],[-91.54117,45.41513],[-91.5412,45.27263],[-91.54253,45.20149],[-91.54098,45.20152],[-91.54118,45.197],[-91.53705,45.19708],[-91.53711,45.19613],[-91.54277,45.19603],[-91.54353,45.12023],[-91.53019,45.12037],[-91.53009,45.11424],[-91.65152,45.11292],[-91.65103,44.94284],[-91.78664,44.94399],[-92.01457,44.94445],[-92.01554,44.98098],[-92.01527,45.03116],[-92.11246,45.0316],[-92.11193,45.06778],[-92.13637,45.06785],[-92.13612,45.1214],[-92.15708,45.12162],[-92.15615,45.22484],[-92.15686,45.33612],[-92.15599,45.4909],[-92.15497,45.53561],[-92.1549,45.63975],[-92.08537,45.64028]]]}},{"type":"Feature","properties":{"ad":68,"sd":23},"geometry":{"type":"Polygon","coordinates":[[[-90.30207,45.98136],[-90.04396,45.98196],[-90.04281,45.87496],[-90.0452,45.81766],[-90.04522,45.77477],[-90.04306,45.71605],[-90.04367,45.58635],[-90.04223,45.37497],[-90.04249,45.36807],[-90.04535,45.35179],[-90.04631,45.33261],[-90.04543,45.20812],[-90.08651,45.20857],[-90.16867,45.20744],[-90.18893,45.20865],[-90.20919,45.2085],[-90.39271,45.20561],[-90.4331,45.20411],[-90.43384,45.03099],[-90.80417,45.03163],[-91.08569,45.03116],[-91.08593,45.02393],[-91.08075,45.02382],[-91.08072,45.01637],[-91.08584,45.01655],[-91.08575,45.01292],[-91.08062,45.01279],[-91.08047,45.00923],[-91.07545,45.00921],[-91.07536,45.00556],[-91.07029,45.00557],[-91.07019,44.98755],[-91.07527,44.9875],[-91.07533,44.98386],[-91.08556,44.98376],[-91.08578,44.97281],[-91.09608,44.97275],[-91.09581,44.96192],[-91.11103,44.962],[-91.11101,44.95208],[-91.11311,44.94966],[-91.11617,44.9501],[-91.11525,44.94792],[-91.11754,44.94795],[-91.11933,44.9464],[-91.12433,44.94915],[-91.12825,44.95393],[-91.13027,44.95506],[-91.12902,44.95499],[-91.12903,44.95606],[-91.13124,44.95884],[-91.13663,44.95928],[-91.13666,44.96602],[-91.14688,44.96635],[-91.16572,44.96627],[-91.16561,44.9518],[-91.176,44.95171],[-91.17636,44.95012],[-91.18107,44.9497],[-91.17998,44.94736],[-91.18265,44.94676],[-91.18403,44.94487],[-91.18616,44.94518],[-91.191,44.94853],[-91.19887,44.94907],[-91.20204,44.94757],[-91.20134,44.94419],[-91.20358,44.94356],[-91.20599,44.94453],[-91.2107,44.94439],[-91.21458,44.94568],[-91.21792,44.94271],[-91.22115,44.94438],[-91.22458,44.9447],[-91.22719,44.94908],[-91.22838,44.94818],[-91.2322,44.94874],[-91.2347,44.94754],[-91.24017,44.94714],[-91.24194,44.94769],[-91.24006,44.94868],[-91.24037,44.9494],[-91.24454,44.94722],[-91.24632,44.94788],[-91.24719,44.94562],[-91.25007,44.94519],[-91.25205,44.94362],[-91.2556,44.94512],[-91.25493,44.94642],[-91.25556,44.9513],[-91.26096,44.95038],[-91.26223,44.95119],[-91.26042,44.95269],[-91.2606,44.95377],[-91.2663,44.95332],[-91.26844,44.95102],[-91.26937,44.94667],[-91.27059,44.94635],[-91.27547,44.95086],[-91.28436,44.95076],[-91.28486,44.95191],[-91.28407,44.95296],[-91.28594,44.95568],[-91.28967,44.95589],[-91.29024,44.95815],[-91.29881,44.96163],[-91.30125,44.96567],[-91.31115,44.96719],[-91.31301,44.96845],[-91.31372,44.97135],[-91.31775,44.97547],[-91.3248,44.97841],[-91.32834,44.97854],[-91.34213,44.97752],[-91.34273,44.96923],[-91.34705,44.96657],[-91.35804,44.96625],[-91.36026,44.9642],[-91.36024,44.966],[-91.36804,44.96593],[-91.3678,44.95891],[-91.37075,44.95679],[-91.37195,44.95657],[-91.3746,44.96509],[-91.3761,44.9651],[-91.37616,44.96622],[-91.37828,44.96623],[-91.37841,44.95538],[-91.38211,44.95467],[-91.38212,44.95358],[-91.38737,44.95542],[-91.38677,44.95333],[-91.38743,44.95176],[-91.38871,44.95177],[-91.38865,44.95543],[-91.3937,44.95539],[-91.39368,44.95903],[-91.39676,44.95954],[-91.39871,44.95898],[-91.39855,44.96623],[-91.40755,44.96614],[-91.4076,44.95893],[-91.40378,44.95894],[-91.40391,44.95171],[-91.40797,44.95171],[-91.4107,44.95348],[-91.4128,44.95347],[-91.41277,44.95527],[-91.41788,44.95525],[-91.41793,44.95163],[-91.41897,44.95162],[-91.41943,44.95048],[-91.41887,44.95024],[-91.4209,44.94799],[-91.42045,44.94439],[-91.42879,44.94434],[-91.42721,44.94796],[-91.43298,44.94796],[-91.43331,44.94433],[-91.52874,44.94447],[-91.65103,44.94309],[-91.65152,45.11292],[-91.53009,45.11424],[-91.53019,45.12037],[-91.54353,45.12023],[-91.54277,45.19603],[-91.53711,45.19613],[-91.53705,45.19708],[-91.54118,45.197],[-91.54098,45.20152],[-91.54253,45.20149],[-91.5412,45.27263],[-91.54117,45.41513],[-91.53958,45.53695],[-91.5403,45.63761],[-91.26935,45.63911],[-91.19073,45.63853],[-90.95686,45.63927],[-90.67876,45.63827],[-90.67776,45.68197],[-90.67804,45.73915],[-90.67731,45.74997],[-90.67806,45.76827],[-90.67782,45.84484],[-90.67867,45.86847],[-90.67742,45.87497],[-90.67717,45.88537],[-90.67887,45.93896],[-90.67698,45.98156],[-90.30207,45.98136]]]}},{"type":"Feature","properties":{"ad":69,"sd":23},"geometry":{"type":"Polygon","coordinates":[[[-90.18893,45.20865],[-90.16867,45.20744],[-90.08651,45.20857],[-90.04543,45.20812],[-90.04369,45.12022],[-89.84449,45.1201],[-89.84448,45.03277],[-89.96387,45.0329],[-89.96395,44.94428],[-90.05338,44.94414],[-90.07924,44.94535],[-90.07854,44.91121],[-90.07908,44.85874],[-90.1981,44.85879],[-90.19886,44.77175],[-90.31687,44.77206],[-90.31538,44.54712],[-90.31597,44.42459],[-90.43648,44.42255],[-90.80192,44.42245],[-90.80153,44.50969],[-90.9229,44.50985],[-90.9215,44.76572],[-90.92268,44.94444],[-91.11092,44.94434],[-91.11103,44.962],[-91.09581,44.96192],[-91.09608,44.97275],[-91.08578,44.97281],[-91.08556,44.98376],[-91.07533,44.98386],[-91.07527,44.9875],[-91.07019,44.98755],[-91.07029,45.00557],[-91.07536,45.00556],[-91.07545,45.00921],[-91.08047,45.00923],[-91.08062,45.01279],[-91.08575,45.01292],[-91.08584,45.01655],[-91.08072,45.01637],[-91.08075,45.02382],[-91.08593,45.02393],[-91.08569,45.03116],[-90.80417,45.03163],[-90.43384,45.03099],[-90.4331,45.20411],[-90.39271,45.20561],[-90.18893,45.20865]]]}},{"type":"Feature","properties":{"ad":70,"sd":24},"geometry":{"type":"Polygon","coordinates":[[[-91.16563,44.597],[-90.92225,44.5963],[-90.9229,44.50985],[-90.80153,44.50969],[-90.80192,44.42245],[-90.43648,44.42255],[-90.31606,44.42451],[-90.31804,44.24872],[-90.31269,44.24876],[-90.31327,44.21309],[-90.31252,44.19874],[-90.31225,43.89447],[-90.07232,43.89409],[-90.07202,43.86197],[-89.95844,43.86196],[-89.95071,43.85568],[-89.94007,43.8506],[-89.93607,43.84669],[-89.92231,43.83848],[-89.91818,43.83242],[-89.9162,43.82153],[-89.91339,43.818],[-89.90185,43.81327],[-89.89901,43.81023],[-89.89707,43.80467],[-89.8949,43.80127],[-89.88978,43.79672],[-89.87697,43.79079],[-89.86514,43.78342],[-89.86405,43.78153],[-89.86114,43.77963],[-89.8573,43.77312],[-89.85073,43.76903],[-89.84899,43.76311],[-89.85004,43.76356],[-89.85085,43.7675],[-89.87786,43.76752],[-89.87781,43.77347],[-89.88023,43.77203],[-89.8857,43.77088],[-89.88898,43.77234],[-89.89017,43.77073],[-89.89318,43.77059],[-89.89613,43.76887],[-89.89781,43.76924],[-89.89683,43.77024],[-89.89817,43.7698],[-89.89929,43.77097],[-89.90285,43.7711],[-89.90609,43.76884],[-89.90795,43.76856],[-89.90933,43.77084],[-89.9103,43.771],[-89.91564,43.76802],[-89.91556,43.76977],[-89.91895,43.76954],[-89.91961,43.76775],[-89.92073,43.76746],[-89.92251,43.7709],[-89.92793,43.7711],[-89.92791,43.7728],[-89.92997,43.77331],[-89.92942,43.77474],[-89.9327,43.77475],[-89.93629,43.77632],[-89.94019,43.77584],[-89.94083,43.77743],[-89.94402,43.77894],[-89.94539,43.78112],[-89.94955,43.78309],[-89.95134,43.78507],[-89.95255,43.78378],[-89.95501,43.78443],[-89.95514,43.73104],[-90.26138,43.73153],[-90.26138,43.72992],[-90.26304,43.73104],[-90.26308,43.72909],[-90.26607,43.72924],[-90.26308,43.72907],[-90.26315,43.72547],[-90.2614,43.72549],[-90.2614,43.72444],[-90.26581,43.72441],[-90.26578,43.72318],[-90.26796,43.72303],[-90.26823,43.72624],[-90.27037,43.72604],[-90.27055,43.72683],[-90.26955,43.72801],[-90.27039,43.72874],[-90.26832,43.7299],[-90.26928,43.73017],[-90.26831,43.73117],[-90.2691,43.73154],[-90.3122,43.73149],[-90.43289,43.7259],[-90.55246,43.72566],[-90.55167,43.89925],[-90.67012,43.89905],[-90.66988,43.94189],[-90.67137,43.98576],[-90.79175,43.98588],[-90.79169,44.02901],[-90.83171,44.02946],[-90.9132,44.02885],[-90.91292,44.07153],[-90.97316,44.07088],[-91.15185,44.071],[-91.15266,44.2124],[-91.15357,44.24759],[-91.16556,44.24745],[-91.16587,44.25081],[-91.16625,44.30534],[-91.16464,44.43556],[-91.16601,44.50987],[-91.16563,44.597]]]}},{"type":"Feature","properties":{"ad":71,"sd":24},"geometry":{"type":"Polygon","coordinates":[[[-89.63837,44.59877],[-89.48941,44.59901],[-89.48939,44.55624],[-89.34525,44.54755],[-89.34534,44.50407],[-89.22334,44.50399],[-89.22367,44.41745],[-89.34552,44.41786],[-89.34572,44.33125],[-89.48778,44.33864],[-89.48838,44.28745],[-89.48755,44.24405],[-89.59799,44.24573],[-89.59717,44.19593],[-89.59771,44.15608],[-89.71734,44.15577],[-89.71774,44.19556],[-89.71707,44.24757],[-89.72475,44.24769],[-89.72474,44.375],[-89.72649,44.45181],[-89.72699,44.52569],[-89.6073,44.52625],[-89.60735,44.53362],[-89.61388,44.53435],[-89.62416,44.53944],[-89.62387,44.54175],[-89.62182,44.54546],[-89.62245,44.54629],[-89.62595,44.54718],[-89.63408,44.54482],[-89.64194,44.54702],[-89.64445,44.549],[-89.64525,44.55043],[-89.64487,44.55223],[-89.64352,44.55367],[-89.63928,44.55536],[-89.6384,44.55652],[-89.63847,44.55807],[-89.63964,44.55921],[-89.64419,44.55996],[-89.64975,44.56334],[-89.65175,44.5664],[-89.64993,44.56918],[-89.64998,44.57267],[-89.65585,44.57628],[-89.65837,44.57907],[-89.65706,44.59074],[-89.65313,44.59268],[-89.64355,44.59523],[-89.63837,44.59877]]]}},{"type":"Feature","properties":{"ad":72,"sd":24},"geometry":{"type":"Polygon","coordinates":[[[-89.75059,44.4492],[-89.7264,44.44936],[-89.72474,44.375],[-89.72475,44.24769],[-89.71707,44.24757],[-89.71803,44.03997],[-89.71669,43.89441],[-89.8375,43.89426],[-89.83734,43.85465],[-89.85771,43.8548],[-89.85775,43.84741],[-89.87773,43.84745],[-89.87776,43.81852],[-89.9067,43.8184],[-89.9137,43.81842],[-89.91518,43.82011],[-89.9162,43.82153],[-89.91818,43.83242],[-89.92231,43.83848],[-89.93607,43.84669],[-89.94007,43.8506],[-89.95071,43.85568],[-89.95844,43.86196],[-90.07202,43.86197],[-90.07232,43.89409],[-90.31225,43.89447],[-90.31252,44.19874],[-90.31327,44.21309],[-90.31269,44.24876],[-90.31804,44.24872],[-90.31606,44.42451],[-89.85053,44.42362],[-89.85271,44.42536],[-89.8523,44.4261],[-89.84917,44.4236],[-89.83734,44.42357],[-89.83739,44.42719],[-89.8273,44.4272],[-89.82235,44.42719],[-89.82236,44.42355],[-89.80514,44.42357],[-89.79855,44.4255],[-89.79127,44.42576],[-89.78926,44.42651],[-89.79031,44.43127],[-89.78865,44.43332],[-89.78387,44.43487],[-89.78295,44.43443],[-89.77962,44.43628],[-89.77946,44.4373],[-89.77529,44.43797],[-89.77161,44.4402],[-89.76359,44.44279],[-89.76062,44.44131],[-89.75862,44.44138],[-89.75121,44.44581],[-89.75059,44.4492]]]}},{"type":"Feature","properties":{"ad":73,"sd":25},"geometry":{"type":"MultiPolygon","coordinates":[[[[-90.86812,46.96215],[-90.856,46.96241],[-90.84751,46.95847],[-90.83842,46.9577],[-90.83416,46.95617],[-90.8297,46.95086],[-90.8285,46.94587],[-90.83024,46.94105],[-90.82964,46.93863],[-90.83063,46.93621],[-90.82485,46.93304],[-90.81953,46.93164],[-90.81403,46.93147],[-90.80685,46.93728],[-90.80337,46.93817],[-90.79607,46.93662],[-90.7928,46.93443],[-90.78755,46.92973],[-90.78359,46.92218],[-90.78249,46.91724],[-90.78313,46.91645],[-90.78274,46.91091],[-90.7782,46.90856],[-90.76757,46.90809],[-90.76182,46.90465],[-90.75516,46.89898],[-90.75376,46.8965],[-90.75143,46.89454],[-90.75056,46.89086],[-90.75115,46.88761],[-90.75261,46.88578],[-90.75837,46.88341],[-90.76226,46.88321],[-90.76752,46.88478],[-90.77266,46.88376],[-90.77396,46.88399],[-90.77466,46.88504],[-90.77695,46.88489],[-90.77423,46.88359],[-90.77066,46.88014],[-90.77024,46.87444],[-90.77284,46.87082],[-90.77331,46.86867],[-90.77931,46.86037],[-90.78222,46.85857],[-90.78517,46.85876],[-90.78427,46.85798],[-90.7848,46.85517],[-90.7888,46.85303],[-90.78838,46.84545],[-90.78508,46.84229],[-90.79331,46.83591],[-90.79397,46.83122],[-90.79594,46.82937],[-90.79828,46.82425],[-90.81188,46.81363],[-90.81175,46.81198],[-90.81319,46.81142],[-90.81226,46.81119],[-90.81337,46.80834],[-90.81213,46.80879],[-90.81257,46.80801],[-90.81451,46.80722],[-90.81466,46.80806],[-90.81507,46.80721],[-90.81589,46.80825],[-90.8159,46.80742],[-90.81729,46.80747],[-90.81755,46.80661],[-90.81787,46.8074],[-90.8187,46.80619],[-90.81837,46.8076],[-90.82094,46.80622],[-90.81906,46.80761],[-90.82537,46.80433],[-90.82636,46.80297],[-90.82614,46.80079],[-90.82804,46.79764],[-90.83577,46.78963],[-90.83853,46.7887],[-90.84193,46.78874],[-90.85096,46.79026],[-90.85532,46.78874],[-90.85505,46.78957],[-90.85691,46.789],[-90.8555,46.78864],[-90.85656,46.78743],[-90.85639,46.78551],[-90.8572,46.78588],[-90.86064,46.78442],[-90.86378,46.78029],[-90.85929,46.77388],[-90.86237,46.76823],[-90.86547,46.7663],[-90.86649,46.76445],[-90.86942,46.76381],[-90.8752,46.76042],[-90.88247,46.75853],[-90.88514,46.75647],[-90.88557,46.75397],[-90.88415,46.74861],[-90.8744,46.72998],[-90.87005,46.72267],[-90.86523,46.71804],[-90.86289,46.71232],[-90.86045,46.71114],[-90.86124,46.71024],[-90.86068,46.70959],[-90.85898,46.70919],[-90.85974,46.70869],[-90.85877,46.70634],[-90.85299,46.70011],[-90.85227,46.6979],[-90.85376,46.69346],[-90.85471,46.69269],[-90.85651,46.69284],[-90.85559,46.69191],[-90.86459,46.68519],[-90.8655,46.68291],[-90.86705,46.6823],[-90.86788,46.68048],[-90.87313,46.67814],[-90.87599,46.67806],[-90.87857,46.67583],[-90.88141,46.67501],[-90.88605,46.67013],[-90.88335,46.66802],[-90.88392,46.66767],[-90.88551,46.66864],[-90.88718,46.66756],[-90.8894,46.66877],[-90.89019,46.66818],[-90.88877,46.66706],[-90.89021,46.66814],[-90.90066,46.66679],[-90.90233,46.66575],[-90.90446,46.66608],[-90.90538,46.66448],[-90.90849,46.66489],[-90.90956,46.66443],[-90.90927,46.66334],[-90.91125,46.66352],[-90.91102,46.66123],[-90.91533,46.65829],[-90.91599,46.65338],[-90.91555,46.65004],[-90.91625,46.64985],[-90.91551,46.64972],[-90.9147,46.647],[-90.91607,46.6449],[-90.9158,46.64379],[-90.91838,46.64197],[-90.91879,46.63842],[-90.9209,46.6374],[-90.92121,46.63245],[-90.92046,46.63044],[-90.92129,46.62831],[-90.92393,46.62575],[-90.9265,46.62478],[-90.92856,46.61819],[-90.93186,46.6167],[-90.93205,46.61509],[-90.93574,46.61325],[-90.93572,46.61213],[-90.93683,46.61188],[-90.9365,46.61111],[-90.93766,46.61047],[-90.93852,46.60844],[-90.94465,46.60604],[-90.94966,46.60292],[-90.95048,46.60114],[-90.95167,46.60077],[-90.95093,46.59886],[-90.94963,46.59863],[-90.95148,46.59704],[-90.94872,46.59892],[-90.94814,46.59843],[-90.94916,46.59654],[-90.94776,46.59614],[-90.94667,46.5942],[-90.94862,46.59214],[-90.94574,46.58874],[-90.94455,46.58852],[-90.94456,46.5877],[-90.94182,46.58877],[-90.94062,46.58742],[-90.94156,46.58916],[-90.94106,46.58937],[-90.9346,46.58659],[-90.9301,46.58619],[-90.91999,46.58333],[-90.91187,46.58251],[-90.90672,46.58311],[-90.90513,46.58408],[-90.90606,46.58591],[-90.90493,46.58463],[-90.90499,46.58522],[-90.90285,46.58608],[-90.90335,46.58819],[-90.90251,46.5878],[-90.90317,46.5886],[-90.90095,46.58941],[-90.89976,46.58729],[-90.89697,46.58725],[-90.89305,46.58989],[-90.89548,46.59254],[-90.89438,46.59304],[-90.89173,46.59077],[-90.88947,46.59089],[-90.88557,46.59321],[-90.88841,46.59564],[-90.88924,46.59511],[-90.88907,46.59432],[-90.88933,46.59512],[-90.88831,46.59586],[-90.88739,46.59603],[-90.88691,46.595],[-90.8853,46.59457],[-90.88431,46.59528],[-90.88451,46.59616],[-90.883,46.59673],[-90.88355,46.59755],[-90.88261,46.59678],[-90.88298,46.59751],[-90.88209,46.59697],[-90.88055,46.59791],[-90.87994,46.59894],[-90.8806,46.59978],[-90.87842,46.59842],[-90.88251,46.60309],[-90.8782,46.59853],[-90.87722,46.59856],[-90.87601,46.5996],[-90.87634,46.60123],[-90.8745,46.59998],[-90.87532,46.60064],[-90.8751,46.60188],[-90.87695,46.60364],[-90.8762,46.60395],[-90.87341,46.60136],[-90.87169,46.60117],[-90.86886,46.60249],[-90.86688,46.60192],[-90.85936,46.60447],[-90.85815,46.60593],[-90.85571,46.60594],[-90.84992,46.60806],[-90.84953,46.60916],[-90.84804,46.60933],[-90.84764,46.61051],[-90.84287,46.61083],[-90.83446,46.61372],[-90.83425,46.61459],[-90.82902,46.61588],[-90.82478,46.61917],[-90.80437,46.62262],[-90.79276,46.62588],[-90.77988,46.63114],[-90.76525,46.63907],[-90.75571,46.64581],[-90.75176,46.65076],[-90.74722,46.65154],[-90.74019,46.65453],[-90.74028,46.65629],[-90.74407,46.65753],[-90.74339,46.66018],[-90.73236,46.66104],[-90.7269,46.66281],[-90.72035,46.6615],[-90.72549,46.6627],[-90.72465,46.66319],[-90.73155,46.66271],[-90.73261,46.66336],[-90.7309,46.66358],[-90.73193,46.66376],[-90.73897,46.66208],[-90.7421,46.66353],[-90.74173,46.66451],[-90.74332,46.66372],[-90.7445,46.66422],[-90.75196,46.66304],[-90.76368,46.65996],[-90.7626,46.66101],[-90.76379,46.66208],[-90.76191,46.66402],[-90.76038,46.66484],[-90.75759,46.66473],[-90.75551,46.66703],[-90.75206,46.66837],[-90.75412,46.66905],[-90.74401,46.67053],[-90.73233,46.66963],[-90.7144,46.66659],[-90.71551,46.66714],[-90.71427,46.66731],[-90.70827,46.66469],[-90.70978,46.66577],[-90.70968,46.66656],[-90.70664,46.6646],[-90.70782,46.66578],[-90.70542,46.66542],[-90.69512,46.66079],[-90.69029,46.66018],[-90.69557,46.66273],[-90.69556,46.66344],[-90.69724,46.66286],[-90.70501,46.66637],[-90.70558,46.66706],[-90.70402,46.66648],[-90.70593,46.66795],[-90.70131,46.66677],[-90.70343,46.66766],[-90.703,46.66856],[-90.70743,46.66948],[-90.70795,46.67012],[-90.70744,46.67084],[-90.70833,46.67063],[-90.70984,46.67327],[-90.71238,46.67332],[-90.71353,46.67458],[-90.71872,46.67561],[-90.72594,46.68333],[-90.72863,46.68379],[-90.73022,46.68583],[-90.73452,46.68715],[-90.73611,46.68929],[-90.73971,46.69004],[-90.74714,46.69833],[-90.75428,46.70175],[-90.75932,46.70316],[-90.7594,46.70415],[-90.75822,46.70528],[-90.75387,46.70375],[-90.72291,46.68253],[-90.6549,46.6407],[-90.65288,46.6386],[-90.64869,46.637],[-90.62964,46.62494],[-90.58881,46.60139],[-90.56779,46.59085],[-90.54987,46.5836],[-90.54999,46.50076],[-90.54849,46.50066],[-90.54844,46.49996],[-90.54886,46.41405],[-90.69549,46.41431],[-90.69586,46.45784],[-90.73773,46.45759],[-90.73813,46.44308],[-90.7591,46.44315],[-90.75871,46.45761],[-90.79884,46.4573],[-90.79915,46.50161],[-91.42707,46.50293],[-91.42614,46.49997],[-91.42705,46.49996],[-91.42712,46.45964],[-91.55183,46.46101],[-91.55151,46.49995],[-91.55163,46.50233],[-91.55345,46.50283],[-91.67624,46.50279],[-91.67551,46.47452],[-91.71611,46.4747],[-91.71609,46.48202],[-91.71778,46.48914],[-91.73843,46.48862],[-91.73858,46.4743],[-91.77912,46.47503],[-91.81998,46.47412],[-91.92576,46.47491],[-91.92574,46.50361],[-91.93072,46.50361],[-91.93144,46.576],[-92.05609,46.57568],[-92.0567,46.50336],[-92.18231,46.50388],[-92.18266,46.53285],[-92.2867,46.53206],[-92.29186,46.53279],[-92.29159,46.63409],[-92.29232,46.66509],[-92.2913,46.66815],[-92.2874,46.66735],[-92.2862,46.66035],[-92.28391,46.65872],[-92.2785,46.65865],[-92.2744,46.65745],[-92.2728,46.65285],[-92.2706,46.65075],[-92.266,46.65105],[-92.2597,46.65715],[-92.2566,46.65875],[-92.25232,46.65708],[-92.2487,46.65345],[-92.2425,46.64925],[-92.2356,46.65005],[-92.2285,46.65295],[-92.2235,46.65265],[-92.2164,46.64985],[-92.2124,46.64995],[-92.2071,46.65195],[-92.2023,46.65505],[-92.2016,46.65665],[-92.20196,46.65926],[-92.2055,46.66475],[-92.2041,46.66695],[-92.1925,46.67675],[-92.1876,46.67895],[-92.18137,46.68025],[-92.17744,46.68351],[-92.17588,46.68647],[-92.17627,46.69048],[-92.18301,46.69566],[-92.1985,46.69615],[-92.2052,46.69835],[-92.2057,46.70255],[-92.2047,46.70405],[-92.1974,46.70765],[-92.1933,46.71125],[-92.1915,46.71625],[-92.1891,46.71755],[-92.1789,46.71675],[-92.1743,46.71725],[-92.1673,46.71995],[-92.1552,46.71595],[-92.1487,46.71515],[-92.14674,46.7158],[-92.14528,46.71885],[-92.14306,46.71873],[-92.13908,46.72216],[-92.137,46.72201],[-92.13734,46.72257],[-92.13658,46.72311],[-92.1343,46.72284],[-92.13634,46.72396],[-92.13549,46.72549],[-92.13628,46.72516],[-92.13564,46.72624],[-92.13634,46.72713],[-92.1349,46.72814],[-92.13902,46.7284],[-92.13498,46.72891],[-92.13764,46.73032],[-92.14335,46.7316],[-92.1371,46.73028],[-92.13484,46.72898],[-92.12717,46.73123],[-92.12483,46.73258],[-92.1247,46.73988],[-92.12292,46.73997],[-92.12301,46.73368],[-92.12248,46.7334],[-92.12236,46.74058],[-92.12041,46.74071],[-92.12002,46.73839],[-92.12001,46.74126],[-92.11132,46.74383],[-92.11467,46.7426],[-92.11258,46.7425],[-92.11135,46.74047],[-92.11109,46.74158],[-92.11,46.73921],[-92.10974,46.74418],[-92.10836,46.74441],[-92.10838,46.74117],[-92.10687,46.74087],[-92.10643,46.74516],[-92.10607,46.74104],[-92.10304,46.73995],[-92.10466,46.73591],[-92.10137,46.74132],[-92.10114,46.74292],[-92.0995,46.74214],[-92.09961,46.7385],[-92.09886,46.73789],[-92.09884,46.74143],[-92.098,46.74136],[-92.09801,46.74342],[-92.10353,46.7461],[-92.10156,46.74619],[-92.10016,46.74728],[-92.10115,46.74907],[-92.10007,46.7477],[-92.09624,46.74655],[-92.08943,46.74215],[-92.08721,46.73798],[-92.0839,46.73977],[-92.0801,46.73713],[-92.08113,46.7362],[-92.07963,46.73661],[-92.07694,46.7349],[-92.07783,46.73426],[-92.07721,46.73331],[-92.07906,46.73249],[-92.07832,46.73091],[-92.07473,46.73332],[-92.07136,46.73097],[-92.07479,46.72861],[-92.07419,46.72828],[-92.07116,46.73033],[-92.06914,46.7291],[-92.07099,46.72751],[-92.07061,46.72542],[-92.06376,46.72073],[-92.06233,46.72176],[-92.06409,46.72256],[-92.06191,46.72309],[-92.04943,46.71495],[-92.04875,46.71327],[-92.05013,46.71387],[-92.05186,46.71321],[-92.05333,46.71454],[-92.05242,46.71523],[-92.0566,46.71741],[-92.05692,46.7186],[-92.05777,46.71813],[-92.06186,46.72172],[-92.06352,46.7206],[-92.04957,46.71051],[-92.04578,46.71286],[-92.04524,46.71251],[-92.04865,46.71047],[-92.0483,46.70949],[-92.04428,46.71192],[-92.04414,46.71096],[-92.04274,46.71037],[-92.04547,46.70838],[-92.04517,46.70747],[-92.04361,46.70768],[-92.04332,46.70685],[-92.03992,46.70891],[-92.03925,46.70844],[-92.04262,46.70581],[-92.04061,46.70376],[-92.03778,46.70324],[-92.04072,46.70687],[-92.03695,46.70678],[-92.03306,46.70562],[-92.03144,46.70339],[-92.03276,46.70206],[-92.03301,46.70273],[-92.03567,46.70249],[-92.03536,46.7017],[-92.03372,46.70163],[-92.03491,46.70059],[-92.03431,46.70006],[-92.03215,46.6998],[-92.02916,46.7028],[-92.02765,46.7022],[-92.02679,46.70007],[-92.02778,46.69876],[-92.03488,46.69683],[-92.02834,46.6977],[-92.02627,46.69954],[-92.02576,46.69826],[-92.0263,46.69616],[-92.03025,46.69655],[-92.02866,46.69524],[-92.02483,46.69469],[-92.02449,46.70286],[-92.02465,46.69578],[-92.02381,46.69577],[-92.02376,46.70247],[-92.0236,46.69577],[-92.02164,46.69576],[-92.02127,46.70162],[-92.02139,46.69563],[-92.02332,46.69554],[-92.0236,46.69426],[-92.02117,46.69205],[-92.0185,46.69178],[-92.01826,46.70057],[-92.01607,46.69924],[-92.01519,46.69719],[-92.01597,46.69642],[-92.01516,46.69569],[-92.01593,46.69457],[-92.01494,46.6942],[-92.01604,46.69271],[-92.01649,46.68977],[-92.01613,46.68867],[-92.01434,46.68782],[-92.01392,46.69797],[-92.01294,46.69743],[-92.01312,46.6862],[-92.01407,46.6861],[-92.01494,46.684],[-92.0138,46.68383],[-92.0133,46.68489],[-92.01222,46.68345],[-92.0071,46.68306],[-92.00379,46.68167],[-91.99818,46.68182],[-91.98999,46.68408],[-91.99039,46.68304],[-91.99237,46.68256],[-91.99239,46.68],[-91.99178,46.67993],[-91.9923,46.68125],[-91.99173,46.68098],[-91.99131,46.68261],[-91.99109,46.68196],[-91.98803,46.68221],[-91.98846,46.68016],[-91.98673,46.68039],[-91.98792,46.68074],[-91.98678,46.68165],[-91.98453,46.68126],[-91.98479,46.68012],[-91.983,46.68031],[-91.98181,46.68132],[-91.98347,46.68166],[-91.98352,46.68272],[-91.98088,46.68347],[-91.97838,46.68141],[-91.97554,46.68268],[-91.97339,46.68528],[-91.98637,46.69062],[-92.00297,46.6989],[-92.00442,46.69889],[-92.00406,46.69941],[-92.00494,46.7],[-92.00627,46.70017],[-92.00634,46.6996],[-92.00912,46.70121],[-92.01066,46.70106],[-92.01168,46.70067],[-92.00978,46.69915],[-92.01022,46.69876],[-92.01392,46.70394],[-92.01697,46.70462],[-92.0127,46.70739],[-92.01365,46.70681],[-92.01329,46.70625],[-92.00958,46.70551],[-92.00644,46.71027],[-92.00883,46.70643],[-91.98823,46.69354],[-91.96766,46.68414],[-91.94817,46.68007],[-91.93854,46.67994],[-91.88792,46.68958],[-91.88258,46.68958],[-91.87827,46.69094],[-91.86819,46.69085],[-91.86647,46.69207],[-91.8597,46.6921],[-91.83894,46.68946],[-91.80839,46.69133],[-91.79946,46.69346],[-91.79665,46.69332],[-91.7902,46.69471],[-91.7666,46.70259],[-91.75087,46.7091],[-91.74211,46.71042],[-91.72965,46.71511],[-91.64787,46.73404],[-91.62994,46.74013],[-91.61379,46.74695],[-91.61139,46.74709],[-91.6087,46.74859],[-91.58943,46.75453],[-91.58156,46.75538],[-91.57454,46.75749],[-91.53788,46.75481],[-91.51176,46.7573],[-91.50012,46.76108],[-91.49698,46.76409],[-91.49277,46.76656],[-91.46393,46.76997],[-91.45485,46.77292],[-91.44878,46.77337],[-91.43939,46.77587],[-91.43386,46.78041],[-91.4275,46.78064],[-91.42572,46.78195],[-91.42368,46.78226],[-91.42219,46.78415],[-91.4198,46.78538],[-91.41937,46.78695],[-91.41196,46.78986],[-91.40962,46.79249],[-91.40953,46.79378],[-91.40782,46.79484],[-91.40342,46.79431],[-91.40208,46.79232],[-91.39707,46.79103],[-91.38957,46.79022],[-91.38695,46.79082],[-91.38692,46.78947],[-91.3904,46.78992],[-91.38858,46.78912],[-91.38288,46.79038],[-91.38276,46.79102],[-91.38604,46.79083],[-91.38606,46.79208],[-91.37725,46.79207],[-91.36977,46.79361],[-91.36112,46.79824],[-91.35228,46.80743],[-91.34494,46.81364],[-91.33824,46.81783],[-91.33361,46.81887],[-91.32756,46.82197],[-91.31604,46.82565],[-91.31376,46.82756],[-91.30277,46.83042],[-91.29064,46.83048],[-91.28954,46.83106],[-91.28868,46.83345],[-91.2868,46.83387],[-91.28119,46.8328],[-91.27289,46.83281],[-91.26421,46.83427],[-91.25723,46.83663],[-91.24981,46.84198],[-91.24683,46.84629],[-91.23583,46.85637],[-91.23209,46.86082],[-91.22463,46.86506],[-91.21217,46.86648],[-91.20474,46.86918],[-91.19793,46.87466],[-91.19505,46.87881],[-91.19026,46.88123],[-91.18948,46.88415],[-91.18708,46.88636],[-91.18092,46.88564],[-91.18038,46.8841],[-91.18151,46.88053],[-91.18538,46.87737],[-91.1903,46.87616],[-91.19376,46.87379],[-91.19681,46.86682],[-91.20485,46.85991],[-91.20396,46.85742],[-91.20115,46.85474],[-91.18889,46.84779],[-91.16615,46.85384],[-91.16448,46.85507],[-91.15628,46.85539],[-91.15038,46.85705],[-91.14811,46.86015],[-91.14794,46.86371],[-91.1445,46.87033],[-91.1414,46.87284],[-91.13922,46.87338],[-91.13463,46.87265],[-91.1338,46.87126],[-91.13368,46.86863],[-91.13479,46.86745],[-91.13678,46.86118],[-91.13549,46.85924],[-91.12491,46.85636],[-91.10771,46.85707],[-91.10401,46.85852],[-91.10415,46.85974],[-91.10248,46.85931],[-91.09726,46.86126],[-91.09584,46.86366],[-91.09658,46.86676],[-91.09385,46.8769],[-91.0943,46.88029],[-91.09126,46.88288],[-91.08755,46.88275],[-91.08212,46.88395],[-91.07467,46.88236],[-91.07047,46.87894],[-91.06506,46.87849],[-91.05821,46.87992],[-91.04982,46.88318],[-91.04343,46.88701],[-91.03813,46.89181],[-91.0361,46.89569],[-91.03627,46.89983],[-91.03482,46.90327],[-91.02721,46.90645],[-91.02038,46.9111],[-91.01296,46.91299],[-91.01012,46.9149],[-91.0051,46.91639],[-90.99878,46.91614],[-90.99554,46.91756],[-90.98465,46.92583],[-90.98065,46.93085],[-90.97702,46.93799],[-90.97413,46.9413],[-90.97148,46.94291],[-90.96863,46.944],[-90.96485,46.94387],[-90.95899,46.94],[-90.95459,46.93847],[-90.94886,46.9383],[-90.94544,46.93659],[-90.92945,46.93201],[-90.92446,46.93121],[-90.92004,46.93159],[-90.91383,46.9335],[-90.91274,46.93696],[-90.90818,46.94154],[-90.89902,46.94519],[-90.89358,46.94582],[-90.88735,46.94773],[-90.88285,46.95009],[-90.8807,46.95211],[-90.88077,46.95678],[-90.87965,46.95826],[-90.86812,46.96215]]],[[[-90.80471,46.73066],[-90.79345,46.73117],[-90.78158,46.72851],[-90.77128,46.72033],[-90.76544,46.71259],[-90.76535,46.71149],[-90.76639,46.7112],[-90.7658,46.71147],[-90.76634,46.71232],[-90.76778,46.71162],[-90.76783,46.7128],[-90.76908,46.71285],[-90.76863,46.71366],[-90.77046,46.71335],[-90.7698,46.71252],[-90.77069,46.71299],[-90.7701,46.71523],[-90.77198,46.71756],[-90.77132,46.71898],[-90.78525,46.72598],[-90.7962,46.72854],[-90.80636,46.72877],[-90.80794,46.72794],[-90.81078,46.72863],[-90.80471,46.73066]]],[[[-92.10877,46.74895],[-92.10891,46.74828],[-92.11225,46.74888],[-92.10877,46.74895]]],[[[-90.73511,46.87306],[-90.72636,46.87232],[-90.72052,46.86569],[-90.72475,46.85781],[-90.72957,46.85261],[-90.73278,46.84757],[-90.73993,46.84027],[-90.74936,46.83427],[-90.75538,46.83176],[-90.75991,46.83091],[-90.7636,46.83183],[-90.76022,46.84062],[-90.75821,46.84978],[-90.75219,46.85766],[-90.7511,46.86045],[-90.74003,46.87055],[-90.73511,46.87306]]],[[[-90.61747,46.87452],[-90.60734,46.87415],[-90.60263,46.87282],[-90.58728,46.858],[-90.58034,46.85355],[-90.56953,46.84925],[-90.56883,46.84786],[-90.56954,46.84671],[-90.57515,46.8452],[-90.57928,46.84113],[-90.58721,46.83956],[-90.61471,46.83773],[-90.62846,46.83343],[-90.64118,46.82821],[-90.66272,46.82358],[-90.67364,46.81991],[-90.6759,46.81682],[-90.67683,46.81332],[-90.67638,46.80813],[-90.67334,46.80207],[-90.66885,46.79894],[-90.66651,46.79883],[-90.66428,46.80043],[-90.6627,46.79955],[-90.65593,46.79945],[-90.65284,46.79787],[-90.65301,46.79533],[-90.652,46.79482],[-90.65422,46.79255],[-90.65374,46.79189],[-90.65744,46.78863],[-90.66229,46.7877],[-90.66768,46.78786],[-90.67715,46.78593],[-90.68375,46.78352],[-90.68808,46.78363],[-90.69895,46.78194],[-90.71497,46.78571],[-90.71772,46.78526],[-90.72376,46.78224],[-90.73863,46.76869],[-90.74222,46.76746],[-90.74502,46.7676],[-90.74829,46.76617],[-90.75354,46.76095],[-90.76173,46.75577],[-90.77286,46.75312],[-90.78123,46.7525],[-90.78819,46.75303],[-90.78846,46.75403],[-90.78766,46.75333],[-90.78673,46.75507],[-90.78932,46.75958],[-90.7822,46.76779],[-90.78206,46.76954],[-90.78271,46.77253],[-90.78437,46.77529],[-90.78732,46.77843],[-90.78937,46.7792],[-90.79097,46.78148],[-90.79166,46.78506],[-90.79039,46.7862],[-90.78598,46.78831],[-90.76888,46.79063],[-90.7594,46.79592],[-90.75414,46.79771],[-90.7432,46.79822],[-90.73987,46.79967],[-90.73504,46.79962],[-90.7326,46.80051],[-90.7288,46.80448],[-90.72774,46.80764],[-90.7282,46.81048],[-90.71671,46.81902],[-90.7089,46.82242],[-90.70169,46.8244],[-90.68858,46.82981],[-90.67996,46.83201],[-90.67338,46.83485],[-90.65296,46.84636],[-90.64301,46.8542],[-90.64023,46.85802],[-90.63746,46.86027],[-90.63384,46.86562],[-90.62255,46.87295],[-90.61747,46.87452]]],[[[-90.67531,46.89587],[-90.67108,46.89449],[-90.66745,46.89136],[-90.66898,46.88709],[-90.67032,46.88679],[-90.67358,46.88366],[-90.67762,46.88223],[-90.68041,46.88225],[-90.68545,46.87992],[-90.68861,46.87976],[-90.69668,46.88044],[-90.70261,46.88385],[-90.70228,46.88656],[-90.69638,46.89022],[-90.67791,46.89587],[-90.67531,46.89587]]],[[[-90.46568,46.88264],[-90.46753,46.88189],[-90.47065,46.88236],[-90.47205,46.88157],[-90.47553,46.87496],[-90.48417,46.87231],[-90.49016,46.87144],[-90.50019,46.87111],[-90.5145,46.87468],[-90.51708,46.87607],[-90.50509,46.88086],[-90.49658,46.88619],[-90.48416,46.88781],[-90.45098,46.89974],[-90.44869,46.89714],[-90.45017,46.89327],[-90.4615,46.88758],[-90.46568,46.88264]]],[[[-90.44198,46.90672],[-90.44451,46.90647],[-90.44277,46.90754],[-90.44198,46.90672]]],[[[-91.03526,46.93987],[-91.03964,46.94035],[-91.03996,46.9442],[-91.03772,46.94641],[-91.03483,46.94715],[-91.0324,46.94684],[-91.03197,46.94544],[-91.0329,46.94228],[-91.03526,46.93987]]],[[[-90.72814,46.9583],[-90.71871,46.95785],[-90.7154,46.95857],[-90.71354,46.95719],[-90.71208,46.9553],[-90.71121,46.95139],[-90.70675,46.94541],[-90.70254,46.94182],[-90.69762,46.93924],[-90.69314,46.93494],[-90.69135,46.92913],[-90.6915,46.92673],[-90.68861,46.92138],[-90.68973,46.91777],[-90.69296,46.91616],[-90.71639,46.91613],[-90.72716,46.91415],[-90.73652,46.91393],[-90.73838,46.91687],[-90.74008,46.91786],[-90.74349,46.92245],[-90.74536,46.92339],[-90.74838,46.92758],[-90.75023,46.92807],[-90.75019,46.9299],[-90.75223,46.92873],[-90.75408,46.92961],[-90.75555,46.93211],[-90.75469,46.9345],[-90.7553,46.93698],[-90.76331,46.94271],[-90.76483,46.9462],[-90.76429,46.94827],[-90.75819,46.95153],[-90.75316,46.95666],[-90.74349,46.96337],[-90.73858,46.9639],[-90.73425,46.95976],[-90.72814,46.9583]]],[[[-90.52976,46.9687],[-90.52277,46.9675],[-90.51753,46.9636],[-90.50964,46.96084],[-90.51018,46.95849],[-90.50769,46.95823],[-90.50793,46.95677],[-90.50969,46.95375],[-90.51228,46.95165],[-90.51435,46.95114],[-90.51312,46.95048],[-90.51725,46.94851],[-90.51789,46.94699],[-90.51936,46.94689],[-90.51904,46.94554],[-90.5226,46.94404],[-90.52192,46.94195],[-90.52386,46.94009],[-90.52459,46.93701],[-90.52388,46.935],[-90.5249,46.93364],[-90.53076,46.93202],[-90.53948,46.93358],[-90.5449,46.93096],[-90.54607,46.92852],[-90.54706,46.92281],[-90.54343,46.91417],[-90.53841,46.91236],[-90.53958,46.91],[-90.54447,46.90844],[-90.55211,46.90803],[-90.55253,46.90905],[-90.5495,46.91373],[-90.55145,46.91716],[-90.55927,46.92273],[-90.56809,46.92492],[-90.57652,46.92203],[-90.5796,46.91821],[-90.58253,46.9169],[-90.59011,46.91554],[-90.59706,46.91522],[-90.60122,46.91981],[-90.60408,46.92101],[-90.60433,46.92195],[-90.60446,46.92108],[-90.60987,46.92074],[-90.61089,46.92025],[-90.61203,46.91602],[-90.61502,46.91222],[-90.63322,46.90678],[-90.63909,46.9065],[-90.64335,46.90768],[-90.65022,46.91339],[-90.65465,46.91846],[-90.65443,46.92208],[-90.65216,46.92522],[-90.64336,46.93364],[-90.6383,46.93961],[-90.63775,46.94151],[-90.635,46.94298],[-90.62902,46.94443],[-90.61545,46.94542],[-90.59857,46.95341],[-90.57647,46.95847],[-90.55462,46.96008],[-90.5483,46.9619],[-90.54111,46.9654],[-90.53297,46.9666],[-90.52976,46.9687]]],[[[-90.78943,46.98084],[-90.78769,46.98014],[-90.78707,46.97885],[-90.78449,46.97813],[-90.78868,46.9764],[-90.79097,46.97253],[-90.78962,46.97005],[-90.79255,46.97013],[-90.79806,46.96867],[-90.80225,46.96901],[-90.80566,46.97058],[-90.8059,46.97219],[-90.80509,46.9732],[-90.80054,46.97406],[-90.79793,46.97567],[-90.79723,46.97997],[-90.78943,46.98084]]],[[[-90.63795,46.98122],[-90.63415,46.97975],[-90.63374,46.97414],[-90.63444,46.9714],[-90.64136,46.96577],[-90.65017,46.96213],[-90.65543,46.95672],[-90.66133,46.9534],[-90.67211,46.94986],[-90.67847,46.95626],[-90.6722,46.96067],[-90.6683,46.96685],[-90.66428,46.97011],[-90.65837,46.97259],[-90.6547,46.9766],[-90.6425,46.98131],[-90.63795,46.98122]]],[[[-90.87323,46.98707],[-90.86418,46.98465],[-90.85835,46.9867],[-90.85596,46.98677],[-90.85122,46.98501],[-90.85201,46.98294],[-90.85358,46.98199],[-90.85517,46.97793],[-90.85823,46.97704],[-90.85902,46.97597],[-90.86746,46.98319],[-90.87163,46.98503],[-90.87532,46.98534],[-90.87659,46.98633],[-90.87694,46.98769],[-90.87855,46.98892],[-90.87809,46.99111],[-90.87655,46.9918],[-90.87408,46.99059],[-90.87323,46.98707]]],[[[-90.93768,47.00356],[-90.93127,47.00185],[-90.92945,46.99822],[-90.9299,46.99563],[-90.92886,46.9953],[-90.92855,46.99385],[-90.92599,46.99067],[-90.9244,46.99029],[-90.92364,46.98871],[-90.9238,46.98792],[-90.92719,46.98673],[-90.92912,46.9844],[-90.93381,46.98344],[-90.93471,46.98188],[-90.93476,46.97931],[-90.93173,46.97271],[-90.93091,46.96856],[-90.93163,46.96677],[-90.93096,46.96453],[-90.93398,46.96246],[-90.93569,46.96323],[-90.94896,46.96281],[-90.95277,46.96415],[-90.95784,46.96252],[-90.96559,46.96212],[-90.97212,46.97163],[-90.97363,46.97226],[-90.97582,46.97137],[-90.97922,46.97139],[-90.98288,46.97625],[-90.98223,46.9775],[-90.98314,46.97932],[-90.98256,46.98116],[-90.98341,46.98307],[-90.98254,46.98526],[-90.97941,46.98669],[-90.97391,46.98697],[-90.97153,46.98903],[-90.96709,46.9892],[-90.96326,46.99083],[-90.95735,46.99108],[-90.95419,46.99005],[-90.951,46.99013],[-90.94517,46.99164],[-90.93938,46.9947],[-90.93762,46.99685],[-90.93764,46.99929],[-90.9392,47.00179],[-90.93768,47.00356]]],[[[-90.69553,47.00834],[-90.67919,47.00646],[-90.6764,47.00378],[-90.67147,47.00146],[-90.67011,46.99957],[-90.67451,46.99804],[-90.68128,46.99275],[-90.69271,46.98647],[-90.69501,46.9836],[-90.70654,46.98339],[-90.71026,46.98493],[-90.71177,46.98732],[-90.71141,46.991],[-90.70321,47.0042],[-90.6998,47.00676],[-90.69553,47.00834]]],[[[-90.61033,47.00817],[-90.60679,47.0074],[-90.60639,47.00566],[-90.6027,47.00302],[-90.60323,47.00108],[-90.60253,46.99924],[-90.60406,46.99591],[-90.60842,46.99353],[-90.61048,46.99102],[-90.61772,46.98972],[-90.6226,46.99402],[-90.62441,46.9994],[-90.62726,47.0029],[-90.61944,47.00797],[-90.61033,47.00817]]],[[[-90.7571,47.03344],[-90.75615,47.03078],[-90.75531,47.0308],[-90.75039,47.02634],[-90.74571,47.02659],[-90.74687,47.02502],[-90.74546,47.02456],[-90.74603,47.02392],[-90.74536,47.02219],[-90.74088,47.01947],[-90.74112,47.01859],[-90.73922,47.0152],[-90.7391,47.01203],[-90.73997,47.01018],[-90.7423,47.00727],[-90.74879,47.00222],[-90.74815,46.99965],[-90.75086,47.00041],[-90.75545,46.99934],[-90.76021,47.00208],[-90.76702,47.00222],[-90.77081,47.00506],[-90.7717,47.00897],[-90.7745,47.01496],[-90.77469,47.01997],[-90.77404,47.02188],[-90.77655,47.02365],[-90.77646,47.02437],[-90.77346,47.02575],[-90.77021,47.02967],[-90.76427,47.0332],[-90.75934,47.03492],[-90.7571,47.03344]]],[[[-90.64187,47.04066],[-90.63861,47.03935],[-90.63712,47.03776],[-90.63696,47.03593],[-90.63979,47.03236],[-90.63882,47.02816],[-90.64126,47.02568],[-90.64381,47.0251],[-90.64845,47.02715],[-90.65145,47.02949],[-90.6521,47.0307],[-90.65199,47.03414],[-90.64976,47.03531],[-90.64549,47.04033],[-90.64187,47.04066]]],[[[-90.56264,47.04025],[-90.5621,47.03858],[-90.56299,47.03615],[-90.56607,47.03382],[-90.56708,47.03192],[-90.56137,47.02663],[-90.55223,47.02205],[-90.55188,47.02096],[-90.54947,47.01999],[-90.54862,47.0185],[-90.54567,47.0177],[-90.5466,47.01562],[-90.54594,47.01461],[-90.54702,47.01282],[-90.54573,47.01113],[-90.54712,47.0073],[-90.54652,47.00527],[-90.55088,47.00098],[-90.55871,46.99692],[-90.56228,46.99686],[-90.56451,46.99535],[-90.56327,46.9991],[-90.56477,47.00088],[-90.56549,47.0052],[-90.56811,47.00998],[-90.56988,47.02034],[-90.57003,47.02632],[-90.57493,47.02913],[-90.57563,47.03341],[-90.57033,47.03831],[-90.56372,47.04071],[-90.56264,47.04025]]],[[[-90.64679,47.05458],[-90.65377,47.04793],[-90.66127,47.04406],[-90.66564,47.04368],[-90.6696,47.04187],[-90.6716,47.03762],[-90.67254,47.03297],[-90.67602,47.02922],[-90.67891,47.02409],[-90.67877,47.01944],[-90.68022,47.01878],[-90.68939,47.02132],[-90.69252,47.0231],[-90.69301,47.02609],[-90.69198,47.03684],[-90.68935,47.04044],[-90.68819,47.04375],[-90.68341,47.04529],[-90.67064,47.04455],[-90.66551,47.04533],[-90.65874,47.04843],[-90.65726,47.05289],[-90.65239,47.05361],[-90.65043,47.05469],[-90.64679,47.05458]]],[[[-90.58944,47.05895],[-90.59076,47.06312],[-90.59063,47.06755],[-90.58934,47.07333],[-90.5882,47.07516],[-90.58676,47.07576],[-90.58365,47.07226],[-90.58354,47.06926],[-90.58489,47.06653],[-90.58495,47.06296],[-90.58944,47.05895]]],[[[-90.41729,47.07747],[-90.40878,47.07382],[-90.39982,47.07736],[-90.39826,47.07663],[-90.39503,47.07707],[-90.39494,47.07619],[-90.39339,47.07579],[-90.39595,47.07257],[-90.39293,47.06813],[-90.39427,47.06374],[-90.3946,47.05903],[-90.39906,47.05354],[-90.40091,47.04514],[-90.40491,47.04176],[-90.40461,47.04025],[-90.40735,47.03817],[-90.40604,47.03647],[-90.40598,47.03385],[-90.40485,47.03275],[-90.40483,47.02922],[-90.4042,47.02874],[-90.40477,47.02815],[-90.40329,47.02667],[-90.40392,47.02455],[-90.40812,47.02103],[-90.40978,47.01891],[-90.4094,47.01711],[-90.41265,47.0147],[-90.413,47.01364],[-90.42177,47.01252],[-90.4223,47.01129],[-90.42409,47.01062],[-90.42387,47.00939],[-90.42557,47.00808],[-90.42554,47.00662],[-90.42913,47.00604],[-90.4316,47.00198],[-90.4333,47.00094],[-90.44162,46.99822],[-90.4503,46.99949],[-90.45566,46.9967],[-90.45839,46.99717],[-90.46086,46.9966],[-90.46484,46.99412],[-90.46844,46.99054],[-90.46949,46.98784],[-90.46957,46.98999],[-90.46709,46.9946],[-90.46666,47.00145],[-90.46055,47.00843],[-90.4573,47.01355],[-90.4553,47.02397],[-90.45709,47.04398],[-90.45522,47.04962],[-90.45542,47.05255],[-90.4506,47.06171],[-90.44926,47.06583],[-90.44287,47.06926],[-90.44088,47.07173],[-90.43648,47.07364],[-90.42578,47.0759],[-90.421,47.07612],[-90.41729,47.07747]]],[[[-90.72922,47.08078],[-90.72519,47.07857],[-90.72156,47.07355],[-90.72056,47.06872],[-90.72078,47.0657],[-90.72252,47.06294],[-90.72623,47.06234],[-90.72785,47.06283],[-90.72963,47.06429],[-90.73062,47.06639],[-90.7302,47.07047],[-90.73152,47.07349],[-90.73116,47.07584],[-90.73189,47.07906],[-90.73119,47.08034],[-90.72922,47.08078]]]]}},{"type":"Feature","properties":{"ad":74,"sd":25},"geometry":{"type":"Polygon","coordinates":[[[-90.5104,46.58996],[-90.50419,46.58934],[-90.49189,46.5827],[-90.46645,46.57111],[-90.45073,46.56517],[-90.43817,46.56171],[-90.43944,46.56149],[-90.4376,46.56113],[-90.43712,46.56273],[-90.43624,46.56124],[-90.43638,46.56228],[-90.43397,46.56227],[-90.42036,46.56608],[-90.41762,46.56581],[-90.41521,46.56312],[-90.41505,46.55768],[-90.41248,46.55568],[-90.40804,46.55485],[-90.40599,46.54859],[-90.40166,46.54416],[-90.39934,46.54396],[-90.39555,46.53595],[-90.39222,46.53606],[-90.39234,46.53459],[-90.39516,46.53424],[-90.39327,46.53244],[-90.39089,46.53351],[-90.38596,46.5338],[-90.38046,46.53657],[-90.3779,46.53555],[-90.37552,46.53884],[-90.36824,46.54114],[-90.36649,46.54103],[-90.36623,46.53969],[-90.3654,46.53954],[-90.36253,46.54122],[-90.36069,46.54139],[-90.35973,46.53938],[-90.35792,46.53949],[-90.35786,46.53882],[-90.35069,46.54033],[-90.34841,46.54179],[-90.34776,46.54424],[-90.34551,46.54545],[-90.34539,46.54628],[-90.34774,46.54748],[-90.34681,46.54936],[-90.34562,46.54953],[-90.34234,46.54784],[-90.34029,46.54825],[-90.33941,46.5493],[-90.33983,46.55009],[-90.34378,46.55086],[-90.34425,46.55181],[-90.34354,46.55246],[-90.33663,46.55413],[-90.33507,46.55334],[-90.33224,46.55344],[-90.33168,46.55274],[-90.33248,46.55168],[-90.33066,46.55182],[-90.32927,46.55058],[-90.32818,46.55163],[-90.32739,46.55142],[-90.32807,46.54818],[-90.32674,46.54608],[-90.32373,46.54552],[-90.32289,46.5467],[-90.32131,46.54675],[-90.32036,46.54638],[-90.32123,46.54545],[-90.32025,46.54563],[-90.31846,46.54425],[-90.3171,46.54522],[-90.31548,46.54471],[-90.31526,46.54412],[-90.31709,46.54236],[-90.31617,46.54051],[-90.3144,46.54084],[-90.31326,46.53952],[-90.31221,46.54023],[-90.31063,46.53917],[-90.31162,46.53799],[-90.30945,46.53729],[-90.31085,46.5363],[-90.31139,46.53405],[-90.31061,46.53242],[-90.31303,46.5309],[-90.31202,46.5292],[-90.31444,46.5237],[-90.31784,46.52153],[-90.31656,46.5169],[-90.31409,46.51602],[-90.31287,46.51711],[-90.30877,46.51674],[-90.30826,46.51811],[-90.3072,46.51845],[-90.30333,46.51737],[-90.29894,46.51774],[-90.29668,46.51912],[-90.29533,46.51852],[-90.29438,46.51951],[-90.29517,46.52106],[-90.2946,46.52167],[-90.29167,46.52026],[-90.28447,46.51872],[-90.28175,46.52007],[-90.28227,46.52158],[-90.27885,46.52228],[-90.27827,46.52398],[-90.27695,46.52446],[-90.27239,46.52094],[-90.2718,46.51927],[-90.27533,46.51824],[-90.27763,46.51482],[-90.27689,46.51438],[-90.27466,46.51537],[-90.27045,46.51169],[-90.27075,46.51044],[-90.27288,46.50864],[-90.2732,46.5058],[-90.27256,46.50452],[-90.27174,46.50472],[-90.27094,46.50686],[-90.26657,46.50786],[-90.26401,46.50632],[-90.26576,46.50534],[-90.2655,46.50431],[-90.26404,46.50397],[-90.26315,46.50268],[-90.26156,46.50257],[-90.25671,46.50481],[-90.24822,46.50542],[-90.24619,46.50473],[-90.2409,46.50598],[-90.23707,46.50698],[-90.23124,46.5099],[-90.22944,46.5079],[-90.23126,46.50308],[-90.22914,46.50266],[-90.23093,46.50154],[-90.22667,46.50182],[-90.22588,46.50258],[-90.22078,46.50358],[-90.21682,46.50178],[-90.21523,46.50003],[-90.2146,46.49696],[-90.2112,46.49312],[-90.21209,46.49062],[-90.2093,46.48704],[-90.2058,46.48477],[-90.20564,46.48074],[-90.20422,46.47832],[-90.20143,46.47585],[-90.19705,46.47384],[-90.1972,46.47317],[-90.19524,46.47338],[-90.19316,46.47232],[-90.19235,46.47005],[-90.19266,46.46858],[-90.18884,46.46893],[-90.1886,46.46803],[-90.18984,46.46678],[-90.19133,46.46549],[-90.19219,46.46577],[-90.19223,46.46338],[-90.19362,46.46339],[-90.19259,46.46198],[-90.1913,46.46186],[-90.1908,46.45982],[-90.18834,46.45834],[-90.18043,46.45659],[-90.17984,46.45714],[-90.1811,46.45876],[-90.17833,46.45742],[-90.17918,46.4506],[-90.1767,46.44799],[-90.1781,46.44456],[-90.17777,46.44082],[-90.17836,46.44047],[-90.17041,46.43945],[-90.16927,46.43995],[-90.1681,46.44206],[-90.16743,46.44171],[-90.16673,46.43976],[-90.16714,46.43846],[-90.16333,46.43477],[-90.16356,46.43247],[-90.16237,46.43018],[-90.16243,46.42759],[-90.1603,46.42662],[-90.15967,46.4254],[-90.16057,46.4229],[-90.15841,46.42254],[-90.15731,46.42113],[-90.15893,46.4191],[-90.15773,46.41571],[-90.15909,46.41404],[-90.15877,46.41098],[-90.15774,46.41006],[-90.15838,46.40946],[-90.15493,46.40667],[-90.15365,46.40701],[-90.15419,46.40637],[-90.15328,46.40588],[-90.15498,46.40547],[-90.15423,46.40526],[-90.15451,46.40434],[-90.15284,46.40379],[-90.1541,46.40331],[-90.15326,46.40312],[-90.15318,46.40123],[-90.15127,46.40084],[-90.14912,46.39908],[-90.14667,46.39902],[-90.14685,46.39682],[-90.14779,46.39606],[-90.14474,46.39325],[-90.14435,46.39229],[-90.14506,46.39166],[-90.14436,46.39006],[-90.14118,46.38888],[-90.14074,46.38819],[-90.14148,46.38735],[-90.1397,46.38609],[-90.13969,46.38527],[-90.1352,46.38291],[-90.13544,46.38228],[-90.13218,46.38113],[-90.13426,46.37914],[-90.13282,46.37813],[-90.13445,46.37745],[-90.13394,46.37721],[-90.13462,46.37348],[-90.13353,46.37274],[-90.13399,46.3718],[-90.13334,46.37214],[-90.13342,46.37153],[-90.13156,46.3707],[-90.13047,46.37116],[-90.12974,46.36988],[-90.13136,46.36906],[-90.12685,46.36724],[-90.12543,46.36524],[-90.12282,46.36365],[-90.12332,46.36318],[-90.12247,46.36256],[-90.12415,46.3618],[-90.1229,46.36212],[-90.12259,46.36146],[-90.12351,46.36145],[-90.12338,46.36074],[-90.12081,46.36075],[-90.12084,46.35985],[-90.11871,46.35935],[-90.11676,46.35495],[-90.11755,46.35384],[-90.11645,46.35353],[-90.11686,46.35066],[-90.11759,46.3504],[-90.11748,46.34953],[-90.11832,46.35023],[-90.11869,46.34923],[-90.1204,46.3496],[-90.12183,46.34784],[-90.12172,46.34689],[-90.12366,46.34627],[-90.12179,46.34441],[-90.12004,46.34477],[-90.11799,46.34151],[-90.11855,46.33933],[-90.12099,46.33889],[-90.12127,46.33735],[-89.92916,46.29976],[-89.92881,46.16102],[-89.92972,46.14133],[-89.92893,46.1284],[-89.92814,46.05406],[-89.92884,45.98198],[-90.67698,45.98156],[-90.67887,45.93896],[-90.67717,45.88537],[-90.67742,45.87497],[-90.67867,45.86847],[-90.67782,45.84484],[-90.67806,45.76827],[-90.67731,45.74997],[-90.67804,45.73915],[-90.67776,45.68197],[-90.67876,45.63827],[-90.95686,45.63927],[-91.19073,45.63853],[-91.26935,45.63911],[-91.53258,45.63752],[-91.67998,45.63881],[-91.9083,45.6389],[-92.03142,45.63994],[-92.03143,45.74176],[-92.03289,45.85022],[-92.03271,45.95273],[-92.03341,45.98388],[-92.28523,45.98381],[-92.4361,45.98276],[-92.46459,45.98361],[-92.46452,45.98505],[-92.46248,45.98786],[-92.45704,45.98993],[-92.45338,45.99292],[-92.45364,45.99618],[-92.45296,45.99779],[-92.45163,46.00045],[-92.4443,46.00917],[-92.44436,46.01179],[-92.44227,46.01619],[-92.43563,46.02124],[-92.4207,46.02678],[-92.41002,46.02726],[-92.39269,46.01955],[-92.376,46.01592],[-92.37131,46.01396],[-92.35797,46.01342],[-92.35089,46.01608],[-92.34998,46.01699],[-92.35033,46.01899],[-92.34929,46.02363],[-92.34425,46.02744],[-92.34266,46.03199],[-92.34347,46.043],[-92.33874,46.04813],[-92.33825,46.05216],[-92.33636,46.05701],[-92.33292,46.06271],[-92.32788,46.06619],[-92.31934,46.0693],[-92.3141,46.06959],[-92.30676,46.07242],[-92.29749,46.07306],[-92.29404,46.07439],[-92.29371,46.15733],[-92.29306,46.17038],[-92.29358,46.25142],[-92.2924,46.30542],[-92.29302,46.375],[-92.29186,46.53279],[-92.2867,46.53206],[-92.18266,46.53285],[-92.18231,46.50388],[-92.0567,46.50336],[-92.05609,46.57568],[-91.93144,46.576],[-91.93072,46.50361],[-91.92574,46.50361],[-91.92576,46.47491],[-91.81998,46.47412],[-91.77912,46.47503],[-91.73858,46.4743],[-91.73843,46.48862],[-91.71778,46.48914],[-91.71609,46.48202],[-91.71611,46.4747],[-91.67551,46.47452],[-91.67624,46.50279],[-91.55345,46.50283],[-91.55163,46.50233],[-91.55151,46.49995],[-91.55183,46.46101],[-91.42712,46.45964],[-91.42705,46.49996],[-91.42614,46.49997],[-91.42707,46.50293],[-90.79915,46.50161],[-90.79884,46.4573],[-90.75871,46.45761],[-90.7591,46.44315],[-90.73813,46.44308],[-90.73773,46.45759],[-90.69586,46.45784],[-90.69549,46.41431],[-90.54886,46.41405],[-90.54844,46.49996],[-90.54849,46.50066],[-90.54999,46.50076],[-90.54989,46.58356],[-90.53697,46.58114],[-90.52533,46.58696],[-90.52045,46.58742],[-90.5104,46.58996]]]}},{"type":"Feature","properties":{"ad":75,"sd":25},"geometry":{"type":"Polygon","coordinates":[[[-92.491,45.97557],[-92.48464,45.97588],[-92.48064,45.97401],[-92.47488,45.97313],[-92.46977,45.97358],[-92.46449,45.97628],[-92.46127,45.97944],[-92.46115,45.98022],[-92.46344,45.98152],[-92.46459,45.98361],[-92.4361,45.98276],[-92.28523,45.98381],[-92.03341,45.98388],[-92.03271,45.95273],[-92.03289,45.85022],[-92.03143,45.74176],[-92.03142,45.63994],[-92.1549,45.63975],[-92.15497,45.53561],[-92.15599,45.4909],[-92.15686,45.33612],[-92.15647,45.20956],[-92.3751,45.20919],[-92.51873,45.20964],[-92.56,45.21043],[-92.75802,45.20957],[-92.75401,45.21278],[-92.75172,45.21867],[-92.7522,45.22106],[-92.75574,45.22596],[-92.75746,45.23053],[-92.75751,45.23832],[-92.76027,45.25173],[-92.75884,45.25444],[-92.75363,45.25943],[-92.75193,45.26589],[-92.75385,45.27097],[-92.75803,45.27483],[-92.76062,45.27884],[-92.76201,45.28822],[-92.75872,45.29097],[-92.75116,45.29284],[-92.74003,45.29965],[-92.73713,45.30047],[-92.72774,45.3093],[-92.70868,45.32253],[-92.7048,45.32653],[-92.69996,45.33372],[-92.69897,45.33638],[-92.69953,45.34243],[-92.70406,45.35367],[-92.70273,45.35848],[-92.69651,45.36353],[-92.69215,45.36543],[-92.68854,45.36844],[-92.67919,45.37272],[-92.67823,45.37362],[-92.67877,45.37621],[-92.67697,45.38015],[-92.66966,45.38897],[-92.66411,45.39332],[-92.65849,45.39607],[-92.65043,45.39852],[-92.65058,45.40332],[-92.64854,45.40584],[-92.64847,45.41103],[-92.64668,45.41324],[-92.64947,45.41642],[-92.65028,45.41918],[-92.64851,45.42749],[-92.64916,45.42963],[-92.64678,45.43794],[-92.64661,45.44164],[-92.65356,45.45535],[-92.68024,45.46435],[-92.6826,45.46992],[-92.69097,45.47545],[-92.69418,45.4817],[-92.70091,45.49162],[-92.70779,45.49936],[-92.70917,45.49997],[-92.71287,45.50486],[-92.72434,45.51223],[-92.72668,45.51447],[-92.72775,45.51882],[-92.72803,45.52566],[-92.72624,45.53109],[-92.72644,45.53427],[-92.72466,45.53675],[-92.72609,45.54112],[-92.7456,45.55302],[-92.75691,45.55751],[-92.76458,45.5636],[-92.77023,45.56695],[-92.776,45.56849],[-92.78575,45.5679],[-92.80151,45.56286],[-92.81209,45.56113],[-92.82332,45.56094],[-92.84645,45.56652],[-92.87109,45.56759],[-92.88376,45.57549],[-92.88496,45.57883],[-92.88328,45.58984],[-92.88643,45.59489],[-92.88645,45.59869],[-92.88491,45.60501],[-92.88254,45.61022],[-92.88298,45.61375],[-92.88668,45.61977],[-92.88804,45.62497],[-92.88686,45.63573],[-92.88944,45.64121],[-92.88591,45.64555],[-92.88251,45.65948],[-92.87894,45.66561],[-92.87674,45.67596],[-92.8755,45.68902],[-92.87015,45.69677],[-92.87178,45.69978],[-92.86887,45.712],[-92.8697,45.71515],[-92.8692,45.71758],[-92.86261,45.72225],[-92.85094,45.72384],[-92.8504,45.72758],[-92.84886,45.72876],[-92.84309,45.72917],[-92.83592,45.73281],[-92.82899,45.73372],[-92.82602,45.73666],[-92.81657,45.74205],[-92.80984,45.74418],[-92.80495,45.74792],[-92.80264,45.7519],[-92.79865,45.75366],[-92.78462,45.76421],[-92.78137,45.77311],[-92.77962,45.78258],[-92.77649,45.79001],[-92.77207,45.79524],[-92.76844,45.79802],[-92.76184,45.80127],[-92.75902,45.80397],[-92.75782,45.80658],[-92.75795,45.81122],[-92.75995,45.81566],[-92.76265,45.81913],[-92.76569,45.82726],[-92.76515,45.83019],[-92.75947,45.83535],[-92.75415,45.83804],[-92.75109,45.84063],[-92.74556,45.84146],[-92.74321,45.84424],[-92.74,45.84629],[-92.73612,45.85914],[-92.73809,45.86083],[-92.73823,45.86204],[-92.73649,45.86336],[-92.73288,45.86975],[-92.72537,45.87773],[-92.72502,45.87937],[-92.72222,45.88301],[-92.7177,45.88596],[-92.71251,45.89171],[-92.70638,45.89545],[-92.69982,45.89616],[-92.68393,45.90395],[-92.67736,45.90583],[-92.67574,45.90749],[-92.67681,45.91094],[-92.67617,45.91208],[-92.65956,45.92295],[-92.65557,45.92459],[-92.63913,45.92457],[-92.63848,45.92598],[-92.64012,45.93249],[-92.63994,45.93355],[-92.63883,45.93417],[-92.63632,45.93464],[-92.62927,45.93241],[-92.62273,45.93519],[-92.61432,45.93454],[-92.60247,45.94082],[-92.58954,45.94179],[-92.58527,45.94428],[-92.5749,45.94811],[-92.56977,45.94815],[-92.56126,45.95101],[-92.55194,45.95166],[-92.54987,45.95705],[-92.55068,45.96077],[-92.54981,45.96799],[-92.54569,45.97013],[-92.53772,45.97783],[-92.52706,45.98325],[-92.52204,45.98421],[-92.5195,45.98393],[-92.50254,45.98],[-92.491,45.97557]]]}},{"type":"Feature","properties":{"ad":76,"sd":26},"geometry":{"type":"Polygon","coordinates":[[[-89.38317,43.14811],[-89.37554,43.14834],[-89.37505,43.14546],[-89.3705,43.14487],[-89.37227,43.14378],[-89.37238,43.14096],[-89.36313,43.14085],[-89.36272,43.13656],[-89.34957,43.13619],[-89.35039,43.13189],[-89.35502,43.12155],[-89.35134,43.12367],[-89.34765,43.1212],[-89.32821,43.1201],[-89.32505,43.12106],[-89.3247,43.11684],[-89.3166,43.10882],[-89.31656,43.10137],[-89.31326,43.10148],[-89.31338,43.09862],[-89.31651,43.0985],[-89.31136,43.08397],[-89.32502,43.08368],[-89.32666,43.08689],[-89.32812,43.08619],[-89.335,43.09012],[-89.34533,43.08971],[-89.35012,43.08839],[-89.35687,43.08285],[-89.3635,43.07932],[-89.37616,43.07467],[-89.38564,43.06649],[-89.38769,43.06627],[-89.38936,43.06393],[-89.39513,43.06701],[-89.38888,43.07137],[-89.39173,43.07352],[-89.38993,43.07477],[-89.39081,43.07543],[-89.38785,43.0775],[-89.39048,43.0795],[-89.38341,43.08154],[-89.37639,43.08776],[-89.37324,43.0935],[-89.37106,43.09423],[-89.37095,43.09492],[-89.37239,43.09531],[-89.37221,43.09625],[-89.37209,43.0953],[-89.37082,43.09507],[-89.36961,43.09595],[-89.36951,43.09714],[-89.37065,43.0975],[-89.37057,43.09937],[-89.36869,43.10343],[-89.36783,43.10325],[-89.36715,43.10442],[-89.36762,43.10509],[-89.36891,43.10476],[-89.3706,43.11001],[-89.3727,43.11234],[-89.37551,43.11313],[-89.38058,43.11298],[-89.38302,43.11455],[-89.38307,43.11592],[-89.38167,43.11788],[-89.37626,43.1226],[-89.37599,43.12417],[-89.37434,43.12415],[-89.39657,43.14576],[-89.38985,43.14575],[-89.38317,43.14811]]]}},{"type":"Feature","properties":{"ad":77,"sd":26},"geometry":{"type":"Polygon","coordinates":[[[-89.42266,43.11911],[-89.37976,43.11904],[-89.38296,43.11611],[-89.38278,43.11423],[-89.38058,43.11298],[-89.37551,43.11313],[-89.3727,43.11234],[-89.3706,43.11001],[-89.36891,43.10476],[-89.36762,43.10509],[-89.36715,43.10442],[-89.36783,43.10325],[-89.36869,43.10343],[-89.37057,43.09937],[-89.37065,43.0975],[-89.36951,43.09714],[-89.36961,43.09595],[-89.37082,43.09507],[-89.37209,43.0953],[-89.37221,43.09625],[-89.37239,43.09531],[-89.37095,43.09492],[-89.37106,43.09423],[-89.37324,43.0935],[-89.37639,43.08776],[-89.38341,43.08154],[-89.39048,43.0795],[-89.38785,43.0775],[-89.39081,43.07543],[-89.38993,43.07477],[-89.39173,43.07352],[-89.38888,43.07137],[-89.39513,43.06701],[-89.38941,43.06392],[-89.39191,43.0632],[-89.39588,43.06423],[-89.39894,43.06301],[-89.39956,43.06087],[-89.39901,43.05897],[-89.40403,43.05675],[-89.40175,43.05461],[-89.40019,43.04996],[-89.40376,43.04508],[-89.40405,43.0384],[-89.40911,43.03142],[-89.4169,43.03147],[-89.4169,43.02888],[-89.41346,43.02893],[-89.41356,43.02682],[-89.42466,43.02639],[-89.42739,43.02386],[-89.43133,43.02324],[-89.4353,43.02457],[-89.43487,43.03165],[-89.44513,43.03168],[-89.44361,43.03493],[-89.44928,43.03542],[-89.45862,43.03959],[-89.45815,43.04185],[-89.45641,43.04391],[-89.44739,43.04803],[-89.43798,43.05532],[-89.4387,43.0561],[-89.43873,43.06083],[-89.43625,43.06257],[-89.43621,43.07417],[-89.44131,43.07526],[-89.45561,43.07538],[-89.45565,43.07685],[-89.45368,43.07727],[-89.45857,43.07652],[-89.45854,43.07539],[-89.46361,43.07532],[-89.46351,43.08033],[-89.46087,43.08044],[-89.46087,43.08113],[-89.46435,43.08105],[-89.46774,43.08225],[-89.46997,43.08067],[-89.46974,43.08182],[-89.46821,43.08243],[-89.47199,43.08495],[-89.47301,43.0875],[-89.47971,43.0907],[-89.48206,43.09377],[-89.48374,43.09353],[-89.48223,43.09414],[-89.48369,43.09954],[-89.48297,43.10447],[-89.42325,43.10439],[-89.42266,43.11911]]]}},{"type":"Feature","properties":{"ad":78,"sd":26},"geometry":{"type":"Polygon","coordinates":[[[-89.27166,43.1068],[-89.27169,43.10505],[-89.26672,43.10556],[-89.26658,43.08491],[-89.25524,43.08564],[-89.25539,43.09227],[-89.25205,43.09232],[-89.2522,43.08633],[-89.24697,43.08807],[-89.24712,43.01995],[-89.26679,43.01937],[-89.2671,43.01506],[-89.27087,43.01611],[-89.27081,43.01705],[-89.27182,43.01711],[-89.27282,43.01673],[-89.27276,43.01604],[-89.2837,43.01566],[-89.28534,43.01388],[-89.28741,43.0139],[-89.28785,43.0123],[-89.29237,43.01313],[-89.29659,43.01309],[-89.29677,43.01193],[-89.30338,43.01216],[-89.30497,43.00866],[-89.30729,43.00858],[-89.30832,43.01207],[-89.30429,43.01568],[-89.30459,43.01856],[-89.36532,43.01826],[-89.36484,43.0285],[-89.37459,43.02876],[-89.37466,43.0274],[-89.38174,43.02681],[-89.38201,43.02795],[-89.37955,43.02759],[-89.37958,43.03105],[-89.38642,43.03114],[-89.38972,43.03286],[-89.38989,43.03119],[-89.39406,43.03129],[-89.39464,43.03001],[-89.3941,43.02919],[-89.39032,43.02913],[-89.39222,43.02661],[-89.39495,43.02647],[-89.39515,43.02361],[-89.39785,43.02364],[-89.39773,43.02578],[-89.40126,43.02583],[-89.40511,43.02459],[-89.40476,43.03073],[-89.40911,43.03142],[-89.40405,43.0384],[-89.40376,43.04508],[-89.40019,43.04996],[-89.40175,43.05461],[-89.40403,43.05675],[-89.39901,43.05897],[-89.39956,43.06087],[-89.39894,43.06301],[-89.39588,43.06423],[-89.39191,43.0632],[-89.38936,43.06393],[-89.38769,43.06627],[-89.38564,43.06649],[-89.37626,43.07461],[-89.3635,43.07932],[-89.35687,43.08285],[-89.35039,43.08822],[-89.34812,43.08911],[-89.33707,43.09048],[-89.3343,43.08985],[-89.32812,43.08619],[-89.32666,43.08689],[-89.32502,43.08368],[-89.31136,43.08397],[-89.31649,43.09841],[-89.31338,43.09862],[-89.31326,43.10148],[-89.31656,43.10137],[-89.31629,43.10655],[-89.27166,43.1068]]]}},{"type":"Feature","properties":{"ad":79,"sd":27},"geometry":{"type":"Polygon","coordinates":[[[-89.48223,43.09414],[-89.48374,43.09353],[-89.48206,43.09377],[-89.47971,43.0907],[-89.47327,43.08773],[-89.47219,43.08666],[-89.47199,43.08495],[-89.46825,43.08251],[-89.46974,43.08182],[-89.46997,43.08067],[-89.46774,43.08225],[-89.46435,43.08105],[-89.46087,43.08113],[-89.46087,43.08044],[-89.46351,43.08033],[-89.46361,43.07532],[-89.45854,43.07539],[-89.45857,43.07652],[-89.45368,43.07727],[-89.45565,43.07685],[-89.45561,43.07538],[-89.44131,43.07526],[-89.43621,43.07417],[-89.43625,43.06257],[-89.43873,43.06083],[-89.4387,43.0561],[-89.43798,43.05532],[-89.44739,43.04803],[-89.45614,43.04411],[-89.45839,43.04101],[-89.45862,43.03959],[-89.44928,43.03542],[-89.44361,43.03493],[-89.44364,43.03408],[-89.44716,43.02789],[-89.45077,43.02939],[-89.4526,43.02926],[-89.4527,43.03175],[-89.4579,43.03178],[-89.45833,43.0226],[-89.46156,43.02257],[-89.46116,43.03107],[-89.46184,43.03059],[-89.46307,43.03182],[-89.466,43.03183],[-89.46654,43.03111],[-89.46653,43.03184],[-89.46799,43.03185],[-89.4658,43.02995],[-89.46654,43.02941],[-89.46535,43.02941],[-89.46654,43.02896],[-89.46638,43.02706],[-89.48387,43.02667],[-89.48405,43.01575],[-89.51145,43.01579],[-89.5114,43.01725],[-89.50883,43.01778],[-89.50554,43.02147],[-89.50548,43.0267],[-89.50762,43.02872],[-89.50797,43.03065],[-89.5056,43.03166],[-89.49693,43.03182],[-89.49684,43.03539],[-89.49977,43.03851],[-89.50472,43.04],[-89.50429,43.04337],[-89.50561,43.04442],[-89.51403,43.04571],[-89.51583,43.04727],[-89.51791,43.04704],[-89.51773,43.05523],[-89.52154,43.05851],[-89.52326,43.0633],[-89.52134,43.08385],[-89.51716,43.08378],[-89.51207,43.08596],[-89.50216,43.08619],[-89.50226,43.08252],[-89.49237,43.08248],[-89.49224,43.08608],[-89.48729,43.08543],[-89.48723,43.08762],[-89.49114,43.09022],[-89.4888,43.09164],[-89.48378,43.08836],[-89.48415,43.0912],[-89.48555,43.09166],[-89.4858,43.0946],[-89.48223,43.09414]]]}},{"type":"Feature","properties":{"ad":80,"sd":27},"geometry":{"type":"Polygon","coordinates":[[[-89.63179,43.12821],[-89.63037,43.12602],[-89.63534,43.12508],[-89.63535,43.12229],[-89.63077,43.12165],[-89.62979,43.12302],[-89.62299,43.12295],[-89.62302,43.12144],[-89.62546,43.12149],[-89.6254,43.11858],[-89.57619,43.1182],[-89.57592,43.11098],[-89.5638,43.11102],[-89.56379,43.10943],[-89.5623,43.10737],[-89.55753,43.10805],[-89.55528,43.10655],[-89.55339,43.10658],[-89.55227,43.10809],[-89.55282,43.11106],[-89.5412,43.11113],[-89.54126,43.10644],[-89.53851,43.10573],[-89.53943,43.10431],[-89.54055,43.10538],[-89.54125,43.10428],[-89.54292,43.10426],[-89.54236,43.10544],[-89.54338,43.10426],[-89.54494,43.10472],[-89.54457,43.10751],[-89.5462,43.10751],[-89.54653,43.10167],[-89.54125,43.10245],[-89.54223,43.10197],[-89.54224,43.10098],[-89.54314,43.10097],[-89.54331,43.09606],[-89.53485,43.09639],[-89.53486,43.09419],[-89.53638,43.09218],[-89.5364,43.08936],[-89.56119,43.08926],[-89.56123,43.08564],[-89.55166,43.08566],[-89.55135,43.08204],[-89.54166,43.08207],[-89.54141,43.08303],[-89.53866,43.08302],[-89.5387,43.08209],[-89.5367,43.08209],[-89.53657,43.08514],[-89.53393,43.08615],[-89.53247,43.08526],[-89.53101,43.08542],[-89.53094,43.087],[-89.52086,43.08697],[-89.52326,43.0633],[-89.52154,43.05851],[-89.51773,43.05523],[-89.51791,43.04704],[-89.51583,43.04727],[-89.51403,43.04571],[-89.50561,43.04442],[-89.50429,43.04337],[-89.50472,43.04],[-89.49977,43.03851],[-89.49684,43.03539],[-89.49693,43.03182],[-89.5056,43.03166],[-89.50797,43.03065],[-89.50762,43.02872],[-89.50548,43.0267],[-89.50554,43.02147],[-89.50883,43.01778],[-89.5114,43.01725],[-89.51145,43.01579],[-89.48405,43.01575],[-89.48418,43.00853],[-89.4869,43.00852],[-89.48424,43.00692],[-89.4855,42.94343],[-89.60295,42.94442],[-89.60157,43.0311],[-89.72053,43.03201],[-89.71965,43.11887],[-89.6551,43.11874],[-89.65515,43.12243],[-89.65045,43.12242],[-89.65048,43.1187],[-89.64881,43.1187],[-89.64788,43.12058],[-89.64528,43.11717],[-89.64526,43.12239],[-89.64041,43.12128],[-89.64042,43.12441],[-89.6358,43.1272],[-89.63179,43.12821]]]}},{"type":"Feature","properties":{"ad":81,"sd":27},"geometry":{"type":"Polygon","coordinates":[[[-89.48164,43.2941],[-89.4815,43.20672],[-89.36196,43.20683],[-89.36274,43.15044],[-89.36013,43.15026],[-89.36028,43.14723],[-89.36288,43.14735],[-89.36302,43.14377],[-89.35507,43.14358],[-89.35522,43.14029],[-89.37238,43.14096],[-89.37227,43.14378],[-89.3705,43.14487],[-89.37505,43.14546],[-89.37554,43.14834],[-89.38202,43.14837],[-89.38985,43.14575],[-89.39657,43.14576],[-89.37434,43.12415],[-89.37599,43.12417],[-89.37626,43.1226],[-89.37767,43.12193],[-89.37976,43.11904],[-89.42266,43.11911],[-89.42325,43.10439],[-89.48297,43.10447],[-89.48372,43.1001],[-89.4824,43.09452],[-89.4858,43.0946],[-89.48555,43.09166],[-89.48415,43.0912],[-89.48378,43.08836],[-89.4888,43.09164],[-89.49114,43.09022],[-89.48723,43.08762],[-89.48729,43.08543],[-89.49224,43.08608],[-89.49237,43.08248],[-89.50226,43.08252],[-89.50216,43.08619],[-89.51207,43.08596],[-89.51716,43.08378],[-89.5211,43.08385],[-89.52086,43.08697],[-89.53094,43.087],[-89.53101,43.08542],[-89.53247,43.08526],[-89.53393,43.08615],[-89.53657,43.08514],[-89.5367,43.08209],[-89.5387,43.08209],[-89.53866,43.08302],[-89.54141,43.08303],[-89.54166,43.08207],[-89.55126,43.08204],[-89.55166,43.08566],[-89.56123,43.08564],[-89.56119,43.08926],[-89.5364,43.08936],[-89.53638,43.09218],[-89.53486,43.09419],[-89.53485,43.09639],[-89.54331,43.09606],[-89.54314,43.10097],[-89.54224,43.10098],[-89.54223,43.10197],[-89.54125,43.10245],[-89.54653,43.10167],[-89.5462,43.10751],[-89.54457,43.10751],[-89.54494,43.10472],[-89.54338,43.10426],[-89.54236,43.10544],[-89.54292,43.10426],[-89.54125,43.10428],[-89.54055,43.10538],[-89.53943,43.10431],[-89.53851,43.10573],[-89.54126,43.10644],[-89.5412,43.11113],[-89.55282,43.11106],[-89.55227,43.10809],[-89.55339,43.10658],[-89.55528,43.10655],[-89.55753,43.10805],[-89.5623,43.10737],[-89.56379,43.10943],[-89.5638,43.11102],[-89.57592,43.11098],[-89.57619,43.1182],[-89.6254,43.11858],[-89.62546,43.12149],[-89.62302,43.12144],[-89.62299,43.12295],[-89.62979,43.12302],[-89.63077,43.12165],[-89.63535,43.12229],[-89.63534,43.12508],[-89.63037,43.12602],[-89.63179,43.12821],[-89.6358,43.1272],[-89.64042,43.12441],[-89.64041,43.12128],[-89.64526,43.12239],[-89.64528,43.11717],[-89.64788,43.12058],[-89.64881,43.1187],[-89.65048,43.1187],[-89.65045,43.12242],[-89.65515,43.12243],[-89.6551,43.11874],[-89.83797,43.11858],[-89.83814,43.20606],[-89.82403,43.2205],[-89.8175,43.22534],[-89.81249,43.23373],[-89.80983,43.23634],[-89.80563,43.2388],[-89.80037,43.23944],[-89.7841,43.23866],[-89.77425,43.23928],[-89.77069,43.2413],[-89.75961,43.24101],[-89.75445,43.24298],[-89.75216,43.24521],[-89.75222,43.24734],[-89.74896,43.24876],[-89.74843,43.24771],[-89.74311,43.24784],[-89.74031,43.2492],[-89.73643,43.24982],[-89.73508,43.25135],[-89.73174,43.25221],[-89.72981,43.25465],[-89.72872,43.25795],[-89.72482,43.26062],[-89.724,43.26358],[-89.72667,43.26492],[-89.72264,43.26707],[-89.71832,43.27173],[-89.71499,43.27698],[-89.71344,43.28101],[-89.71327,43.28295],[-89.7149,43.28626],[-89.72047,43.29309],[-89.48164,43.2941]]]}},{"type":"Feature","properties":{"ad":82,"sd":28},"geometry":{"type":"Polygon","coordinates":[[[-88.25158,43.05966],[-88.25131,43.05036],[-88.24918,43.0474],[-88.24562,43.04688],[-88.24563,43.04621],[-88.23924,43.04775],[-88.23145,43.04841],[-88.23069,43.04791],[-88.23049,43.04493],[-88.22928,43.04421],[-88.22585,43.04262],[-88.2259,43.04313],[-88.22208,43.04313],[-88.2221,43.04048],[-88.22404,43.04063],[-88.22405,43.03952],[-88.22313,43.03951],[-88.22311,43.03857],[-88.22076,43.03856],[-88.2231,43.03802],[-88.22308,43.03731],[-88.2217,43.03549],[-88.22175,43.03114],[-88.2209,43.03114],[-88.22165,43.02868],[-88.21968,43.02852],[-88.22134,43.02248],[-88.22003,43.0222],[-88.22178,43.01469],[-88.21604,43.01708],[-88.21526,43.01308],[-88.20955,43.01407],[-88.20065,43.01392],[-88.19976,43.00965],[-88.20772,43.00928],[-88.22001,43.00738],[-88.22,43.00822],[-88.22171,43.00804],[-88.22199,42.99745],[-88.21762,42.99755],[-88.21785,42.99612],[-88.22112,42.99392],[-88.22126,42.9885],[-88.21711,42.98867],[-88.21712,42.98789],[-88.22091,42.9875],[-88.22098,42.98461],[-88.22398,42.98464],[-88.2232,42.9814],[-88.2239,42.98142],[-88.22435,42.97797],[-88.22359,42.97852],[-88.2234,42.97776],[-88.22475,42.97592],[-88.22713,42.97605],[-88.22737,42.9734],[-88.23267,42.97272],[-88.23362,42.96653],[-88.24039,42.96642],[-88.24058,42.95925],[-88.24624,42.9592],[-88.24624,42.95792],[-88.24289,42.95794],[-88.24297,42.95471],[-88.2479,42.95467],[-88.24844,42.95573],[-88.24841,42.95804],[-88.24706,42.95805],[-88.24709,42.95919],[-88.24784,42.95918],[-88.24774,42.96192],[-88.24655,42.96191],[-88.24773,42.96237],[-88.24768,42.9639],[-88.24662,42.96432],[-88.24767,42.96431],[-88.24683,42.96775],[-88.24777,42.96775],[-88.24764,42.97137],[-88.24788,42.96771],[-88.24895,42.96756],[-88.24929,42.96818],[-88.25474,42.96825],[-88.25486,42.96743],[-88.25486,42.96825],[-88.25628,42.96827],[-88.25623,42.97005],[-88.25752,42.97007],[-88.25779,42.96347],[-88.26016,42.95493],[-88.26007,42.94968],[-88.25789,42.94446],[-88.25794,42.93018],[-88.30677,42.92993],[-88.30467,43.03187],[-88.2856,43.03207],[-88.2858,43.03727],[-88.28983,43.03798],[-88.29001,43.03724],[-88.29108,43.03739],[-88.29069,43.03931],[-88.28658,43.03957],[-88.28653,43.04227],[-88.288,43.0428],[-88.29033,43.04193],[-88.29245,43.04323],[-88.29211,43.04485],[-88.28962,43.0455],[-88.29008,43.04656],[-88.28566,43.04668],[-88.28556,43.04992],[-88.28248,43.05028],[-88.28243,43.05208],[-88.28103,43.05208],[-88.27086,43.04692],[-88.2708,43.05025],[-88.26815,43.05023],[-88.2681,43.05388],[-88.26572,43.05387],[-88.2655,43.05943],[-88.25158,43.05966]]]}},{"type":"Feature","properties":{"ad":83,"sd":28},"geometry":{"type":"Polygon","coordinates":[[[-88.20137,43.02067],[-88.20096,43.01731],[-88.19651,43.01727],[-88.19652,43.01646],[-88.19447,43.01642],[-88.19442,43.01741],[-88.06726,43.01641],[-88.06911,42.96617],[-88.06959,42.91329],[-88.09238,42.91965],[-88.09544,42.92393],[-88.11308,42.91748],[-88.11953,42.91279],[-88.12945,42.90842],[-88.12946,42.91118],[-88.13064,42.91054],[-88.13113,42.91132],[-88.13456,42.91072],[-88.14441,42.91407],[-88.14503,42.91764],[-88.14438,42.92035],[-88.14255,42.92246],[-88.14062,42.92336],[-88.14106,42.92432],[-88.13888,42.92607],[-88.14676,42.92995],[-88.1589,42.93002],[-88.15953,42.92697],[-88.16138,42.92698],[-88.16153,42.92336],[-88.1688,42.92343],[-88.17125,42.9248],[-88.17396,42.92328],[-88.18889,42.92287],[-88.18881,42.93022],[-88.25794,42.93018],[-88.25789,42.94446],[-88.26007,42.94968],[-88.26016,42.95493],[-88.25779,42.96347],[-88.25752,42.97007],[-88.25623,42.97005],[-88.25628,42.96827],[-88.25486,42.96825],[-88.25486,42.96743],[-88.25474,42.96825],[-88.24929,42.96818],[-88.24895,42.96756],[-88.24788,42.96771],[-88.24764,42.97137],[-88.24777,42.96775],[-88.24683,42.96775],[-88.24767,42.96431],[-88.24662,42.96432],[-88.24768,42.9639],[-88.24773,42.96237],[-88.24655,42.96191],[-88.24774,42.96192],[-88.24784,42.95918],[-88.24709,42.95919],[-88.24706,42.95805],[-88.24841,42.95804],[-88.24844,42.95573],[-88.2479,42.95467],[-88.24297,42.95471],[-88.24289,42.95794],[-88.24624,42.95792],[-88.24624,42.9592],[-88.24058,42.95925],[-88.24039,42.96642],[-88.23362,42.96653],[-88.23267,42.97272],[-88.22737,42.9734],[-88.22713,42.97605],[-88.22475,42.97592],[-88.2234,42.97776],[-88.22359,42.97852],[-88.22435,42.97797],[-88.2239,42.98142],[-88.2232,42.9814],[-88.22398,42.98464],[-88.22098,42.98461],[-88.22091,42.9875],[-88.21712,42.98789],[-88.21711,42.98867],[-88.22126,42.9885],[-88.22112,42.99392],[-88.21785,42.99612],[-88.21762,42.99755],[-88.22199,42.99745],[-88.22171,43.00804],[-88.22,43.00822],[-88.22001,43.00738],[-88.20772,43.00928],[-88.19976,43.00965],[-88.20065,43.01392],[-88.20955,43.01407],[-88.21526,43.01308],[-88.21604,43.01708],[-88.21099,43.0192],[-88.20137,43.02067]]]}},{"type":"Feature","properties":{"ad":84,"sd":28},"geometry":{"type":"Polygon","coordinates":[[[-88.28754,42.93002],[-88.18881,42.93022],[-88.18889,42.92287],[-88.17396,42.92328],[-88.17125,42.9248],[-88.1688,42.92343],[-88.16153,42.92336],[-88.16138,42.92698],[-88.15953,42.92697],[-88.1589,42.93002],[-88.14676,42.92995],[-88.13888,42.92607],[-88.14106,42.92432],[-88.14062,42.92336],[-88.14255,42.92246],[-88.14438,42.92035],[-88.14503,42.91764],[-88.14441,42.91407],[-88.13456,42.91072],[-88.13113,42.91132],[-88.13064,42.91054],[-88.12946,42.91118],[-88.12945,42.90842],[-88.11953,42.91279],[-88.11308,42.91748],[-88.09544,42.92393],[-88.09238,42.91965],[-88.06959,42.91329],[-88.06959,42.86702],[-88.07177,42.75707],[-88.19965,42.75639],[-88.19967,42.75444],[-88.20456,42.75436],[-88.20453,42.75294],[-88.20744,42.75292],[-88.20424,42.75632],[-88.21698,42.75617],[-88.21687,42.75434],[-88.21966,42.75166],[-88.21962,42.74877],[-88.22069,42.74657],[-88.22548,42.74594],[-88.22548,42.74849],[-88.229,42.74847],[-88.22859,42.75148],[-88.22925,42.75213],[-88.22932,42.75601],[-88.30807,42.75549],[-88.30651,42.83892],[-88.30744,42.83858],[-88.3081,42.83929],[-88.30647,42.83987],[-88.30644,42.84068],[-88.30936,42.84001],[-88.31006,42.83798],[-88.30959,42.83699],[-88.31175,42.83656],[-88.31179,42.83456],[-88.31635,42.83462],[-88.3165,42.82605],[-88.31831,42.82459],[-88.31941,42.82502],[-88.32065,42.82397],[-88.32145,42.82437],[-88.32181,42.82162],[-88.32406,42.82426],[-88.32485,42.82173],[-88.3228,42.82102],[-88.3265,42.81912],[-88.32677,42.8199],[-88.32679,42.81899],[-88.32794,42.81848],[-88.32894,42.81913],[-88.3289,42.82085],[-88.33138,42.82087],[-88.3313,42.82447],[-88.32636,42.82444],[-88.32634,42.8353],[-88.33606,42.83627],[-88.33607,42.83311],[-88.33733,42.83312],[-88.33735,42.83173],[-88.33609,42.83129],[-88.33775,42.83128],[-88.33777,42.83011],[-88.33611,42.8301],[-88.33614,42.8281],[-88.35323,42.82831],[-88.35321,42.8312],[-88.34971,42.83546],[-88.34586,42.8354],[-88.34583,42.83767],[-88.3449,42.83859],[-88.34552,42.84083],[-88.34383,42.84286],[-88.42411,42.84259],[-88.42428,42.87877],[-88.4109,42.87618],[-88.39033,42.87566],[-88.39026,42.88603],[-88.38537,42.88863],[-88.38527,42.89344],[-88.37342,42.88498],[-88.35534,42.87652],[-88.35535,42.88289],[-88.34537,42.88282],[-88.34537,42.88159],[-88.34226,42.88121],[-88.34045,42.88151],[-88.34044,42.88258],[-88.33557,42.88258],[-88.33556,42.87891],[-88.33108,42.87888],[-88.33112,42.87527],[-88.32734,42.87523],[-88.32652,42.87759],[-88.32119,42.88045],[-88.31474,42.8858],[-88.31101,42.8823],[-88.31096,42.87535],[-88.31008,42.87458],[-88.30616,42.87571],[-88.30657,42.91458],[-88.29748,42.91469],[-88.29754,42.92197],[-88.28763,42.9221],[-88.28754,42.93002]]]}},{"type":"Feature","properties":{"ad":85,"sd":29},"geometry":{"type":"Polygon","coordinates":[[[-89.49221,45.03235],[-89.49076,44.85843],[-89.59233,44.85847],[-89.59233,44.8621],[-89.58979,44.86209],[-89.58978,44.86572],[-89.59231,44.86576],[-89.59296,44.88744],[-89.58248,44.88732],[-89.58258,44.89107],[-89.58775,44.89107],[-89.58774,44.89444],[-89.60924,44.89452],[-89.60869,44.90075],[-89.60743,44.90283],[-89.60862,44.90282],[-89.60875,44.90899],[-89.60256,44.90902],[-89.60256,44.9109],[-89.60087,44.9103],[-89.60086,44.91094],[-89.59957,44.91096],[-89.59958,44.91278],[-89.59262,44.91286],[-89.59278,44.92017],[-89.58972,44.92021],[-89.58979,44.92144],[-89.59056,44.92143],[-89.59071,44.92375],[-89.59522,44.92409],[-89.59322,44.9256],[-89.59398,44.9263],[-89.59331,44.9278],[-89.5947,44.92942],[-89.60116,44.92952],[-89.60116,44.9308],[-89.61745,44.93072],[-89.61743,44.92987],[-89.61421,44.92919],[-89.61508,44.92904],[-89.61483,44.92789],[-89.61941,44.925],[-89.61914,44.91906],[-89.62165,44.91942],[-89.62121,44.92041],[-89.62186,44.92119],[-89.62458,44.92131],[-89.62798,44.92403],[-89.63101,44.92427],[-89.63397,44.92666],[-89.63832,44.92796],[-89.63891,44.92739],[-89.64414,44.92977],[-89.64628,44.93166],[-89.64418,44.93366],[-89.64446,44.93541],[-89.64667,44.93678],[-89.65023,44.93666],[-89.65045,44.94273],[-89.65595,44.94467],[-89.77029,44.94419],[-89.76025,44.94486],[-89.74181,44.95101],[-89.74721,44.94971],[-89.74718,44.95142],[-89.74209,44.95141],[-89.74238,44.95865],[-89.74668,44.95865],[-89.74747,44.95924],[-89.74735,44.9623],[-89.76289,44.96236],[-89.76282,44.95868],[-89.76796,44.95874],[-89.76805,44.96358],[-89.76507,44.96356],[-89.76511,44.96602],[-89.76295,44.96601],[-89.76298,44.96783],[-89.75784,44.9678],[-89.75781,44.96599],[-89.74227,44.96591],[-89.74239,44.96952],[-89.73223,44.96946],[-89.73221,44.97104],[-89.73097,44.97058],[-89.73081,44.97154],[-89.7298,44.97116],[-89.73087,44.97116],[-89.73087,44.97054],[-89.72954,44.97004],[-89.72954,44.97072],[-89.7285,44.97072],[-89.7285,44.96982],[-89.72706,44.96946],[-89.72706,44.97304],[-89.672,44.97354],[-89.67204,44.97534],[-89.66604,44.97535],[-89.66598,44.97353],[-89.66253,44.9741],[-89.66251,44.97354],[-89.66091,44.97351],[-89.66085,44.97717],[-89.6661,44.97717],[-89.66614,44.97899],[-89.66266,44.979],[-89.66272,44.98081],[-89.66622,44.9808],[-89.6666,44.98812],[-89.66425,44.98766],[-89.66349,44.98849],[-89.66555,44.9892],[-89.66559,44.99017],[-89.66213,44.99085],[-89.66097,44.98961],[-89.66183,44.98921],[-89.66151,44.98848],[-89.65747,44.98872],[-89.65881,44.9913],[-89.66245,44.9947],[-89.66423,44.9942],[-89.66368,44.99361],[-89.66426,44.99334],[-89.66517,44.99432],[-89.66372,44.99477],[-89.66429,44.99538],[-89.66215,44.99537],[-89.66614,45.00002],[-89.66181,45.00001],[-89.66143,44.999],[-89.65856,44.999],[-89.65841,44.99538],[-89.65557,44.99536],[-89.65572,44.99903],[-89.64923,44.99903],[-89.64914,44.99549],[-89.65047,44.99547],[-89.65034,44.99355],[-89.64778,44.99356],[-89.6477,44.99175],[-89.64644,44.99176],[-89.64612,44.98867],[-89.64122,44.98871],[-89.64133,44.99173],[-89.63649,44.99086],[-89.6363,44.99363],[-89.63124,44.99365],[-89.63385,44.99359],[-89.63367,44.9882],[-89.62127,44.98862],[-89.62204,44.99187],[-89.62744,45.00135],[-89.62685,45.00274],[-89.62456,45.00322],[-89.61355,45.00282],[-89.61092,45.0034],[-89.61077,45.03228],[-89.49221,45.03235]]]}},{"type":"Feature","properties":{"ad":86,"sd":29},"geometry":{"type":"Polygon","coordinates":[[[-89.96387,45.0329],[-89.72703,45.03228],[-89.72706,44.96946],[-89.7285,44.96982],[-89.7285,44.97072],[-89.72954,44.97072],[-89.72954,44.97004],[-89.73087,44.97054],[-89.73087,44.97116],[-89.7298,44.97116],[-89.73081,44.97154],[-89.73097,44.97058],[-89.73221,44.97104],[-89.73223,44.96946],[-89.74239,44.96952],[-89.74227,44.96591],[-89.75781,44.96599],[-89.75784,44.9678],[-89.76298,44.96783],[-89.76295,44.96601],[-89.76511,44.96602],[-89.76507,44.96356],[-89.76805,44.96358],[-89.76796,44.95874],[-89.76282,44.95868],[-89.76289,44.96236],[-89.74735,44.9623],[-89.74747,44.95924],[-89.74668,44.95865],[-89.74238,44.95865],[-89.74209,44.95141],[-89.74718,44.95142],[-89.74721,44.94971],[-89.74181,44.95101],[-89.76025,44.94486],[-89.77029,44.94419],[-89.72705,44.94422],[-89.72745,44.85818],[-89.84541,44.85814],[-89.84526,44.81526],[-89.80908,44.81512],[-89.80872,44.7714],[-89.72741,44.77173],[-89.72671,44.68484],[-89.68306,44.68502],[-89.67271,44.68364],[-89.66966,44.68234],[-89.66804,44.6801],[-89.6679,44.67535],[-89.6716,44.66936],[-89.67578,44.66707],[-89.67799,44.66452],[-89.67826,44.65714],[-89.67736,44.65629],[-89.67457,44.65629],[-89.66919,44.65867],[-89.66512,44.66342],[-89.65885,44.66757],[-89.65349,44.66746],[-89.65069,44.66561],[-89.6464,44.65576],[-89.63914,44.64577],[-89.63746,44.63939],[-89.63818,44.63441],[-89.64408,44.62452],[-89.64447,44.62083],[-89.6429,44.61501],[-89.63794,44.60732],[-89.63624,44.60258],[-89.6372,44.60035],[-89.63901,44.59877],[-89.63837,44.59877],[-89.64355,44.59523],[-89.65313,44.59268],[-89.65706,44.59074],[-89.65837,44.57907],[-89.65585,44.57628],[-89.64998,44.57267],[-89.64993,44.56918],[-89.65175,44.5664],[-89.64975,44.56334],[-89.64419,44.55996],[-89.63964,44.55921],[-89.63847,44.55807],[-89.6384,44.55652],[-89.63928,44.55536],[-89.64352,44.55367],[-89.64487,44.55223],[-89.64525,44.55043],[-89.64445,44.549],[-89.64194,44.54702],[-89.63408,44.54482],[-89.62595,44.54718],[-89.62245,44.54629],[-89.62182,44.54546],[-89.62387,44.54175],[-89.62416,44.53944],[-89.61388,44.53435],[-89.60735,44.53362],[-89.6073,44.52625],[-89.72699,44.52569],[-89.7264,44.44936],[-89.75059,44.4492],[-89.75121,44.44581],[-89.75862,44.44138],[-89.76062,44.44131],[-89.76359,44.44279],[-89.77161,44.4402],[-89.77529,44.43797],[-89.77946,44.4373],[-89.77962,44.43628],[-89.78295,44.43443],[-89.78387,44.43487],[-89.78865,44.43332],[-89.79031,44.43127],[-89.78926,44.42651],[-89.79127,44.42576],[-89.79855,44.4255],[-89.80514,44.42357],[-89.82236,44.42355],[-89.82248,44.42719],[-89.83739,44.42719],[-89.83734,44.42357],[-89.84917,44.4236],[-89.8523,44.4261],[-89.85271,44.42536],[-89.85053,44.42362],[-90.31597,44.42459],[-90.31538,44.54712],[-90.31687,44.77206],[-90.19886,44.77175],[-90.1981,44.85879],[-90.07908,44.85874],[-90.07854,44.91121],[-90.07924,44.94535],[-90.05338,44.94414],[-89.96395,44.94428],[-89.96387,45.0329]]]}},{"type":"Feature","properties":{"ad":87,"sd":29},"geometry":{"type":"Polygon","coordinates":[[[-89.35712,44.94305],[-89.11373,44.9434],[-88.98133,44.94275],[-88.98149,44.87016],[-88.9915,44.87037],[-88.99152,44.8681],[-88.99195,44.87038],[-88.99334,44.87035],[-88.99356,44.8696],[-88.9923,44.86972],[-88.99262,44.8678],[-88.99154,44.86672],[-88.99166,44.85579],[-88.98322,44.8557],[-88.98321,44.85389],[-88.98255,44.85396],[-88.98253,44.85569],[-88.98159,44.85569],[-88.98174,44.76795],[-88.85812,44.76785],[-88.85894,44.62713],[-88.85979,44.59043],[-88.85931,44.50302],[-89.10272,44.50379],[-89.10285,44.41755],[-89.22367,44.41745],[-89.22334,44.50399],[-89.34534,44.50407],[-89.34525,44.54755],[-89.48939,44.55624],[-89.48941,44.59901],[-89.63901,44.59877],[-89.63661,44.6013],[-89.63635,44.60341],[-89.63921,44.60957],[-89.6429,44.61501],[-89.64448,44.62125],[-89.6429,44.62707],[-89.63844,44.63373],[-89.63746,44.63939],[-89.63914,44.64577],[-89.6464,44.65576],[-89.65069,44.66561],[-89.65349,44.66746],[-89.65885,44.66757],[-89.66512,44.66342],[-89.66919,44.65867],[-89.67457,44.65629],[-89.67736,44.65629],[-89.67826,44.65714],[-89.67799,44.66452],[-89.67578,44.66707],[-89.6716,44.66936],[-89.6679,44.67535],[-89.66804,44.6801],[-89.66966,44.68234],[-89.67271,44.68364],[-89.68306,44.68502],[-89.72671,44.68484],[-89.72741,44.77173],[-89.80872,44.7714],[-89.80908,44.81512],[-89.84526,44.81526],[-89.84541,44.85814],[-89.72745,44.85818],[-89.72705,44.94422],[-89.65595,44.94467],[-89.65268,44.94391],[-89.65182,44.94272],[-89.65045,44.94273],[-89.65023,44.93666],[-89.64654,44.93675],[-89.64433,44.93521],[-89.64418,44.93366],[-89.64628,44.93166],[-89.64414,44.92977],[-89.63891,44.92739],[-89.63832,44.92796],[-89.63397,44.92666],[-89.63101,44.92427],[-89.62798,44.92403],[-89.62458,44.92131],[-89.62186,44.92119],[-89.62121,44.92041],[-89.62165,44.91942],[-89.61914,44.91906],[-89.61941,44.925],[-89.61483,44.92789],[-89.61508,44.92904],[-89.61421,44.92919],[-89.61743,44.92987],[-89.61745,44.93072],[-89.60116,44.9308],[-89.60116,44.92952],[-89.5941,44.92914],[-89.59331,44.9278],[-89.59398,44.9263],[-89.59322,44.9256],[-89.59522,44.92409],[-89.59071,44.92375],[-89.59056,44.92143],[-89.58979,44.92144],[-89.58972,44.92021],[-89.59278,44.92017],[-89.59262,44.91286],[-89.59958,44.91278],[-89.59957,44.91096],[-89.60086,44.91094],[-89.60087,44.9103],[-89.60256,44.9109],[-89.60256,44.90902],[-89.60875,44.90899],[-89.60862,44.90282],[-89.60743,44.90283],[-89.60869,44.90075],[-89.60924,44.89452],[-89.58774,44.89444],[-89.58775,44.89107],[-89.58258,44.89107],[-89.58248,44.88732],[-89.59296,44.88744],[-89.59231,44.86576],[-89.58978,44.86572],[-89.58979,44.86209],[-89.59233,44.8621],[-89.59233,44.85847],[-89.56671,44.85827],[-89.49076,44.85843],[-89.49176,44.94567],[-89.35712,44.94305]]]}},{"type":"Feature","properties":{"ad":88,"sd":30},"geometry":{"type":"Polygon","coordinates":[[[-87.98878,44.48459],[-87.99178,44.48178],[-87.98731,44.48017],[-87.98904,44.47771],[-87.98751,44.47717],[-87.98853,44.47569],[-87.98286,44.47353],[-87.98229,44.47645],[-87.98674,44.47776],[-87.98543,44.47952],[-87.98184,44.47883],[-87.97895,44.48513],[-87.97863,44.48774],[-87.97707,44.48541],[-87.97041,44.48316],[-87.97008,44.48193],[-87.96772,44.48109],[-87.95681,44.47344],[-87.88719,44.47295],[-87.88712,44.44386],[-87.9073,44.44411],[-87.90739,44.44048],[-87.91285,44.4405],[-87.9144,44.44122],[-87.91245,44.44169],[-87.91242,44.44412],[-87.91763,44.44412],[-87.91755,44.44269],[-87.91863,44.44319],[-87.91863,44.44412],[-87.92492,44.44416],[-87.92433,44.44375],[-87.92489,44.44334],[-87.92199,44.44129],[-87.92119,44.44187],[-87.91929,44.44052],[-87.92773,44.44057],[-87.92774,44.44187],[-87.92625,44.44188],[-87.92626,44.44276],[-87.92775,44.44275],[-87.92777,44.44418],[-87.97927,44.44495],[-87.98634,44.4345],[-87.9926,44.43669],[-87.99401,44.43464],[-88.00137,44.43717],[-87.99997,44.43924],[-88.01678,44.44506],[-88.01686,44.44322],[-88.01522,44.44433],[-88.01544,44.44295],[-88.01363,44.44271],[-88.01518,44.44187],[-88.01389,44.44082],[-88.01524,44.4388],[-88.01749,44.43933],[-88.01693,44.4375],[-88.02766,44.44122],[-88.03025,44.43755],[-88.03813,44.44027],[-88.03956,44.43815],[-88.0426,44.43917],[-88.04322,44.43828],[-88.04683,44.43954],[-88.04751,44.43855],[-88.04389,44.43731],[-88.04628,44.43378],[-88.0437,44.43351],[-88.04426,44.43246],[-88.04354,44.43221],[-88.04221,44.433],[-88.03685,44.43109],[-88.03794,44.42945],[-88.03425,44.42816],[-88.03575,44.42734],[-88.04633,44.43114],[-88.04581,44.42967],[-88.04962,44.43092],[-88.05709,44.4309],[-88.05653,44.42808],[-88.04525,44.42747],[-88.04158,44.42341],[-88.04235,44.4224],[-88.0416,44.42095],[-88.03986,44.42196],[-88.03754,44.42096],[-88.041,44.41583],[-88.04039,44.41425],[-88.04222,44.41135],[-88.05279,44.41507],[-88.0543,44.41285],[-88.0569,44.41285],[-88.05687,44.4103],[-88.05813,44.40989],[-88.05677,44.40982],[-88.0562,44.40867],[-88.05973,44.40863],[-88.0605,44.40473],[-88.06479,44.40473],[-88.06479,44.39622],[-88.05973,44.39746],[-88.05973,44.39383],[-88.06479,44.39383],[-88.06478,44.38657],[-88.06981,44.38657],[-88.06989,44.36471],[-88.04962,44.36474],[-88.04957,44.35745],[-88.14409,44.35725],[-88.14389,44.3593],[-88.13897,44.36753],[-88.13313,44.37012],[-88.12956,44.37526],[-88.12633,44.37697],[-88.12427,44.37749],[-88.12385,44.37684],[-88.12409,44.3775],[-88.12165,44.37895],[-88.1179,44.38383],[-88.11751,44.38821],[-88.11194,44.39421],[-88.10184,44.40071],[-88.09523,44.40697],[-88.09126,44.4143],[-88.08915,44.41672],[-88.09021,44.41847],[-88.0918,44.41842],[-88.09529,44.41295],[-88.10936,44.40062],[-88.11407,44.40321],[-88.12174,44.39632],[-88.12288,44.39697],[-88.12415,44.3958],[-88.1326,44.40044],[-88.13142,44.40162],[-88.14078,44.40694],[-88.13708,44.41036],[-88.13451,44.40895],[-88.13286,44.41046],[-88.13196,44.40996],[-88.13137,44.4105],[-88.13451,44.41262],[-88.13293,44.4123],[-88.13207,44.4131],[-88.1299,44.41191],[-88.12861,44.41303],[-88.1331,44.41546],[-88.13124,44.41719],[-88.11582,44.42765],[-88.10858,44.43067],[-88.11179,44.4307],[-88.09878,44.43935],[-88.09084,44.45091],[-88.09503,44.45305],[-88.09412,44.4538],[-88.09555,44.45387],[-88.09513,44.45486],[-88.09234,44.45403],[-88.09132,44.45547],[-88.08776,44.45701],[-88.08233,44.4564],[-88.08172,44.45721],[-88.08075,44.45682],[-88.0805,44.45759],[-88.07901,44.45719],[-88.0759,44.4604],[-88.07586,44.46157],[-88.07365,44.46259],[-88.07308,44.46508],[-88.07096,44.4661],[-88.06656,44.46418],[-88.06539,44.46476],[-88.05778,44.46213],[-88.05115,44.47201],[-88.04433,44.47607],[-88.0395,44.48181],[-88.02633,44.49189],[-88.02779,44.49239],[-88.02514,44.49522],[-88.02413,44.49862],[-87.99464,44.48814],[-87.98996,44.486],[-87.99053,44.48522],[-87.98878,44.48459]]]}},{"type":"Feature","properties":{"ad":89,"sd":30},"geometry":{"type":"Polygon","coordinates":[[[-88.0475,44.54806],[-88.02847,44.53345],[-88.02608,44.53071],[-88.02447,44.52693],[-88.02357,44.52656],[-88.02687,44.52174],[-88.01571,44.51832],[-88.01843,44.5152],[-88.02331,44.5041],[-88.02376,44.49849],[-88.02514,44.49522],[-88.02779,44.49239],[-88.02633,44.49189],[-88.0395,44.48181],[-88.04433,44.47607],[-88.05115,44.47201],[-88.05778,44.46213],[-88.06539,44.46476],[-88.06656,44.46418],[-88.07096,44.4661],[-88.07308,44.46508],[-88.07365,44.46259],[-88.07586,44.46157],[-88.0759,44.4604],[-88.07901,44.45719],[-88.0805,44.45759],[-88.08075,44.45682],[-88.08172,44.45721],[-88.08233,44.4564],[-88.08776,44.45701],[-88.09132,44.45547],[-88.09234,44.45403],[-88.09513,44.45486],[-88.09555,44.45387],[-88.09412,44.4538],[-88.09503,44.45305],[-88.09343,44.45231],[-88.09478,44.45165],[-88.09505,44.45053],[-88.09931,44.45208],[-88.09932,44.44876],[-88.1044,44.44874],[-88.1044,44.44698],[-88.11042,44.44724],[-88.10949,44.44694],[-88.10948,44.44519],[-88.11828,44.44513],[-88.11829,44.44693],[-88.11966,44.44692],[-88.11966,44.44513],[-88.12199,44.44517],[-88.12194,44.44679],[-88.12293,44.44681],[-88.12299,44.4452],[-88.13289,44.44541],[-88.13187,44.44794],[-88.12154,44.45968],[-88.12985,44.45973],[-88.12981,44.46373],[-88.12461,44.46371],[-88.12439,44.46504],[-88.12828,44.4664],[-88.12671,44.46892],[-88.11837,44.46618],[-88.1176,44.46736],[-88.12661,44.47059],[-88.12659,44.4742],[-88.12464,44.4742],[-88.12469,44.47652],[-88.12214,44.47644],[-88.12233,44.4778],[-88.1207,44.4778],[-88.12077,44.4742],[-88.10952,44.4742],[-88.10949,44.47783],[-88.10789,44.47785],[-88.10788,44.47914],[-88.10948,44.47914],[-88.10948,44.48143],[-88.1066,44.48554],[-88.1155,44.48867],[-88.12972,44.48864],[-88.1297,44.4936],[-88.14987,44.50056],[-88.14989,44.50134],[-88.14845,44.50185],[-88.14031,44.49904],[-88.13786,44.49914],[-88.13784,44.50223],[-88.13589,44.50224],[-88.13583,44.50582],[-88.13979,44.50587],[-88.13981,44.52387],[-88.12993,44.5238],[-88.12977,44.5166],[-88.11978,44.51666],[-88.11956,44.52387],[-88.09948,44.52396],[-88.09869,44.52635],[-88.09462,44.53003],[-88.0944,44.5377],[-88.09275,44.53764],[-88.09278,44.53639],[-88.08807,44.535],[-88.0881,44.5343],[-88.08483,44.53433],[-88.08486,44.53363],[-88.07676,44.5301],[-88.07402,44.5326],[-88.07259,44.53622],[-88.0668,44.54477],[-88.053,44.53997],[-88.0475,44.54806]]]}},{"type":"Feature","properties":{"ad":90,"sd":30},"geometry":{"type":"MultiPolygon","coordinates":[[[[-87.90081,44.57448],[-87.89599,44.57468],[-87.89614,44.55487],[-87.88908,44.55475],[-87.89015,44.55332],[-87.89231,44.55298],[-87.89974,44.54044],[-87.90063,44.54044],[-87.90067,44.53866],[-87.90693,44.53872],[-87.90686,44.53157],[-87.88654,44.53115],[-87.88671,44.52627],[-87.88419,44.52903],[-87.88421,44.52753],[-87.87924,44.5275],[-87.8792,44.52391],[-87.88499,44.52392],[-87.88503,44.52264],[-87.88682,44.52264],[-87.88719,44.47295],[-87.95681,44.47344],[-87.96772,44.48109],[-87.97008,44.48193],[-87.97041,44.48316],[-87.97707,44.48541],[-87.97863,44.48774],[-87.97895,44.48513],[-87.98184,44.47883],[-87.98543,44.47952],[-87.98674,44.47776],[-87.98229,44.47645],[-87.98254,44.4735],[-87.98853,44.47569],[-87.98751,44.47717],[-87.98904,44.47771],[-87.98731,44.48017],[-87.99178,44.48178],[-87.98878,44.48459],[-87.99053,44.48522],[-87.98996,44.486],[-88.02376,44.49849],[-88.02331,44.5041],[-88.01843,44.5152],[-88.01571,44.51832],[-88.02687,44.52174],[-88.02357,44.52656],[-88.02447,44.52693],[-88.02635,44.53113],[-88.0396,44.54274],[-88.0475,44.54806],[-88.03931,44.55971],[-88.03716,44.56077],[-88.03254,44.561],[-88.01873,44.54936],[-88.01837,44.54816],[-88.01433,44.54626],[-88.00649,44.54065],[-88.00651,44.53936],[-88.00765,44.54011],[-88.00664,44.53927],[-88.00725,44.53806],[-88.01014,44.53869],[-88.00774,44.5374],[-88.00798,44.53622],[-88.0139,44.53759],[-88.00838,44.53538],[-88.00911,44.53406],[-88.01011,44.53416],[-88.00623,44.5329],[-88.00497,44.53432],[-88.00508,44.53658],[-88.00288,44.53544],[-88.00474,44.53676],[-88.00124,44.53976],[-88.00146,44.53898],[-87.99591,44.53738],[-87.99853,44.53861],[-87.99703,44.5393],[-87.99764,44.53982],[-88.00089,44.54003],[-87.99933,44.54052],[-87.99631,44.5392],[-87.99451,44.53719],[-87.97087,44.53019],[-87.95782,44.52886],[-87.9438,44.52955],[-87.9401,44.53108],[-87.9392,44.53279],[-87.93636,44.53288],[-87.92892,44.53594],[-87.92433,44.54022],[-87.92315,44.54362],[-87.9169,44.54807],[-87.90748,44.56173],[-87.90199,44.56829],[-87.90003,44.57194],[-87.89985,44.57387],[-87.90081,44.57448]]],[[[-87.9809,44.53819],[-87.9805,44.53657],[-87.98217,44.53556],[-87.98527,44.53767],[-87.98883,44.53767],[-87.98947,44.53878],[-87.98832,44.54],[-87.98519,44.54033],[-87.9809,44.53819]]]]}},{"type":"Feature","properties":{"ad":91,"sd":31},"geometry":{"type":"Polygon","coordinates":[[[-91.16572,44.96627],[-91.13666,44.96602],[-91.13663,44.95928],[-91.13124,44.95884],[-91.12903,44.95606],[-91.12902,44.95499],[-91.13027,44.95506],[-91.12825,44.95393],[-91.12433,44.94915],[-91.11982,44.94645],[-91.11754,44.94795],[-91.11525,44.94792],[-91.11635,44.94993],[-91.11311,44.94966],[-91.11101,44.95208],[-91.11092,44.94434],[-90.92268,44.94444],[-90.9215,44.76572],[-90.92236,44.5963],[-91.28646,44.59681],[-91.28573,44.68351],[-91.32938,44.68318],[-91.33792,44.69457],[-91.34755,44.71439],[-91.35214,44.72077],[-91.35669,44.72486],[-91.36597,44.73128],[-91.38464,44.74984],[-91.40717,44.76498],[-91.41232,44.76671],[-91.41398,44.76339],[-91.40872,44.76328],[-91.40788,44.76274],[-91.40826,44.76186],[-91.40726,44.76192],[-91.4073,44.76001],[-91.41151,44.75972],[-91.41224,44.76027],[-91.41306,44.75967],[-91.41203,44.75895],[-91.41371,44.75658],[-91.41784,44.75666],[-91.41771,44.75985],[-91.41364,44.75977],[-91.41881,44.76351],[-91.42183,44.76361],[-91.42284,44.76473],[-91.42371,44.76489],[-91.42375,44.76366],[-91.42286,44.76364],[-91.42296,44.76006],[-91.4281,44.76007],[-91.42791,44.76375],[-91.43299,44.76376],[-91.43288,44.76588],[-91.45458,44.7656],[-91.45884,44.76443],[-91.45932,44.77117],[-91.48347,44.77118],[-91.48339,44.77799],[-91.48067,44.77794],[-91.47985,44.77625],[-91.47833,44.77625],[-91.47842,44.79442],[-91.48225,44.79411],[-91.48109,44.79493],[-91.48112,44.79641],[-91.47846,44.79643],[-91.4785,44.79861],[-91.47698,44.80014],[-91.48054,44.8024],[-91.48961,44.80551],[-91.49131,44.80712],[-91.49449,44.80561],[-91.49519,44.80637],[-91.49668,44.80567],[-91.49866,44.80806],[-91.50051,44.8073],[-91.50277,44.80956],[-91.50206,44.80979],[-91.50561,44.81282],[-91.50859,44.82159],[-91.51246,44.82951],[-91.51245,44.83151],[-91.51144,44.83323],[-91.5068,44.83538],[-91.50388,44.83507],[-91.49667,44.83032],[-91.49521,44.83101],[-91.49514,44.83331],[-91.49406,44.83533],[-91.50021,44.84299],[-91.50505,44.84618],[-91.51476,44.85737],[-91.22684,44.85694],[-91.226,44.91575],[-91.22772,44.94901],[-91.22536,44.94681],[-91.22458,44.9447],[-91.22115,44.94438],[-91.21792,44.94271],[-91.21458,44.94568],[-91.2107,44.94439],[-91.20599,44.94453],[-91.20358,44.94356],[-91.20134,44.94419],[-91.20204,44.94757],[-91.19887,44.94907],[-91.191,44.94853],[-91.18616,44.94518],[-91.18403,44.94487],[-91.18265,44.94676],[-91.17998,44.94736],[-91.18107,44.9497],[-91.17636,44.95012],[-91.176,44.95171],[-91.16561,44.9518],[-91.16572,44.96627]]]}},{"type":"Feature","properties":{"ad":92,"sd":31},"geometry":{"type":"Polygon","coordinates":[[[-91.32227,44.97753],[-91.31775,44.97547],[-91.31372,44.97135],[-91.31301,44.96845],[-91.31115,44.96719],[-91.30125,44.96567],[-91.29881,44.96163],[-91.29024,44.95815],[-91.28967,44.95589],[-91.28594,44.95568],[-91.28407,44.95296],[-91.28486,44.95191],[-91.28436,44.95076],[-91.27547,44.95086],[-91.27059,44.94635],[-91.26894,44.94745],[-91.26794,44.95171],[-91.26508,44.95376],[-91.26012,44.95371],[-91.26042,44.95269],[-91.26226,44.95176],[-91.26096,44.95038],[-91.25556,44.9513],[-91.25493,44.94642],[-91.2556,44.94512],[-91.25205,44.94362],[-91.25007,44.94519],[-91.24719,44.94562],[-91.24632,44.94788],[-91.24454,44.94722],[-91.2408,44.9494],[-91.23998,44.94933],[-91.24006,44.94868],[-91.24194,44.94769],[-91.24017,44.94714],[-91.2347,44.94754],[-91.2322,44.94874],[-91.22838,44.94818],[-91.22772,44.94901],[-91.226,44.91575],[-91.22684,44.85694],[-91.52712,44.85737],[-91.65046,44.85596],[-91.83361,44.85743],[-91.83244,44.81414],[-92.01439,44.81485],[-92.01457,44.94445],[-91.78664,44.94399],[-91.65103,44.94284],[-91.52874,44.94447],[-91.43331,44.94433],[-91.43298,44.94796],[-91.42721,44.94796],[-91.42879,44.94434],[-91.42045,44.94439],[-91.4209,44.94799],[-91.41887,44.95024],[-91.41943,44.95048],[-91.41897,44.95162],[-91.41793,44.95163],[-91.41788,44.95525],[-91.41277,44.95527],[-91.4128,44.95347],[-91.4107,44.95348],[-91.40797,44.95171],[-91.40391,44.95171],[-91.40378,44.95894],[-91.4076,44.95893],[-91.40755,44.96614],[-91.39855,44.96623],[-91.39871,44.95898],[-91.39676,44.95954],[-91.39368,44.95903],[-91.3937,44.95539],[-91.38865,44.95543],[-91.38871,44.95177],[-91.38743,44.95176],[-91.38677,44.95333],[-91.38737,44.95542],[-91.38212,44.95358],[-91.38211,44.95467],[-91.37841,44.95538],[-91.37828,44.96623],[-91.37616,44.96622],[-91.3761,44.9651],[-91.3746,44.96509],[-91.37195,44.95657],[-91.37075,44.95679],[-91.3678,44.95891],[-91.36804,44.96593],[-91.36024,44.966],[-91.36026,44.9642],[-91.35804,44.96625],[-91.34785,44.96637],[-91.34364,44.96809],[-91.34264,44.96951],[-91.34213,44.97752],[-91.32834,44.97854],[-91.32227,44.97753]]]}},{"type":"Feature","properties":{"ad":93,"sd":31},"geometry":{"type":"Polygon","coordinates":[[[-91.83361,44.85743],[-91.65046,44.85596],[-91.51476,44.85737],[-91.50505,44.84618],[-91.50021,44.84299],[-91.49406,44.83533],[-91.49514,44.83331],[-91.49521,44.83101],[-91.49667,44.83032],[-91.50388,44.83507],[-91.5068,44.83538],[-91.51144,44.83323],[-91.51245,44.83151],[-91.51246,44.82951],[-91.50859,44.82159],[-91.50561,44.81282],[-91.50206,44.80979],[-91.50277,44.80956],[-91.50051,44.8073],[-91.49866,44.80806],[-91.49668,44.80567],[-91.49519,44.80637],[-91.49449,44.80561],[-91.49131,44.80712],[-91.48961,44.80551],[-91.48054,44.8024],[-91.47698,44.80014],[-91.4785,44.79861],[-91.47846,44.79643],[-91.48112,44.79641],[-91.48109,44.79493],[-91.48225,44.79411],[-91.47842,44.79442],[-91.47833,44.77625],[-91.47985,44.77625],[-91.48067,44.77794],[-91.48339,44.77799],[-91.48347,44.77118],[-91.45932,44.77117],[-91.45884,44.76443],[-91.45458,44.7656],[-91.43288,44.76588],[-91.43299,44.76376],[-91.42791,44.76375],[-91.4281,44.76007],[-91.42296,44.76006],[-91.42286,44.76364],[-91.42375,44.76366],[-91.42371,44.76489],[-91.42284,44.76473],[-91.42183,44.76361],[-91.41881,44.76351],[-91.41364,44.75977],[-91.41771,44.75985],[-91.41784,44.75666],[-91.41371,44.75658],[-91.41203,44.75895],[-91.41306,44.75967],[-91.41224,44.76027],[-91.41151,44.75972],[-91.4073,44.76001],[-91.40726,44.76192],[-91.40826,44.76186],[-91.40788,44.76274],[-91.40872,44.76328],[-91.41398,44.76339],[-91.41232,44.76671],[-91.40717,44.76498],[-91.38464,44.74984],[-91.36597,44.73128],[-91.35669,44.72486],[-91.35214,44.72077],[-91.34755,44.71439],[-91.33792,44.69457],[-91.32938,44.68318],[-91.28573,44.68351],[-91.28646,44.59681],[-91.16563,44.597],[-91.16601,44.50987],[-91.52893,44.50945],[-91.52911,44.59621],[-91.65026,44.59666],[-91.65037,44.68364],[-91.97408,44.68385],[-91.9751,44.81493],[-91.83244,44.81414],[-91.83361,44.85743]]]}},{"type":"Feature","properties":{"ad":94,"sd":32},"geometry":{"type":"Polygon","coordinates":[[[-91.15357,44.24759],[-91.15266,44.2124],[-91.15185,44.071],[-90.95307,44.07114],[-90.95276,44.00697],[-90.97269,44.00692],[-90.97221,43.98534],[-91.03245,43.9853],[-91.03112,43.9064],[-91.03117,43.86286],[-91.14963,43.86277],[-91.14974,43.86718],[-91.15206,43.86584],[-91.15591,43.86647],[-91.15699,43.86401],[-91.15954,43.86458],[-91.15959,43.86646],[-91.16183,43.8662],[-91.16128,43.86738],[-91.16405,43.86824],[-91.16474,43.86797],[-91.16472,43.86418],[-91.17472,43.86485],[-91.17471,43.86287],[-91.17791,43.86279],[-91.17761,43.86075],[-91.17663,43.86091],[-91.17689,43.85924],[-91.17397,43.85924],[-91.17475,43.85558],[-91.17976,43.85551],[-91.18103,43.85462],[-91.18066,43.85579],[-91.18756,43.85799],[-91.18915,43.85695],[-91.18979,43.85525],[-91.19283,43.85523],[-91.19199,43.85699],[-91.19556,43.85779],[-91.19579,43.85698],[-91.19803,43.85736],[-91.19766,43.85949],[-91.20093,43.85729],[-91.20192,43.85869],[-91.2048,43.8583],[-91.20482,43.85516],[-91.20793,43.85515],[-91.2079,43.85302],[-91.20979,43.85234],[-91.20982,43.85057],[-91.20891,43.85045],[-91.20981,43.84779],[-91.21158,43.84782],[-91.21228,43.8467],[-91.21404,43.84751],[-91.21448,43.84571],[-91.21338,43.84557],[-91.21281,43.84411],[-91.20977,43.844],[-91.20972,43.84053],[-91.21435,43.84062],[-91.21428,43.84341],[-91.21522,43.84353],[-91.21536,43.84606],[-91.21662,43.84794],[-91.22025,43.84807],[-91.22065,43.84743],[-91.22479,43.84696],[-91.22478,43.84622],[-91.22755,43.8449],[-91.23441,43.84641],[-91.23833,43.84643],[-91.2383,43.84306],[-91.2425,43.84307],[-91.24247,43.84139],[-91.24812,43.84137],[-91.24813,43.84475],[-91.24252,43.84475],[-91.24259,43.85277],[-91.23337,43.85283],[-91.23323,43.85659],[-91.23021,43.86408],[-91.23002,43.86647],[-91.22927,43.86672],[-91.22929,43.86982],[-91.24285,43.86967],[-91.24387,43.87449],[-91.24255,43.87757],[-91.23932,43.8794],[-91.24038,43.88064],[-91.24037,43.88209],[-91.24085,43.88305],[-91.24523,43.88365],[-91.24524,43.88511],[-91.24805,43.88622],[-91.25517,43.88736],[-91.25513,43.89801],[-91.28965,43.89784],[-91.29028,43.91219],[-91.34775,43.91197],[-91.35743,43.91724],[-91.36323,43.92656],[-91.36473,43.93489],[-91.36665,43.93747],[-91.38581,43.95425],[-91.39509,43.95942],[-91.40602,43.96394],[-91.4125,43.97342],[-91.42414,43.98264],[-91.4252,43.98433],[-91.40092,43.98424],[-91.4009,43.98782],[-91.40303,43.98781],[-91.40285,43.99077],[-91.40592,43.9922],[-91.40582,44.01318],[-91.41091,44.01318],[-91.41125,44.06392],[-91.39127,44.06372],[-91.39119,44.07013],[-91.39623,44.07014],[-91.39651,44.09168],[-91.39131,44.09168],[-91.39257,44.16471],[-91.38398,44.16454],[-91.38384,44.17198],[-91.37362,44.17207],[-91.37365,44.18659],[-91.36332,44.18661],[-91.36372,44.2153],[-91.35346,44.21517],[-91.35448,44.24728],[-91.15357,44.24759]]]}},{"type":"Feature","properties":{"ad":95,"sd":32},"geometry":{"type":"Polygon","coordinates":[[[-90.91292,44.07153],[-90.9132,44.02885],[-90.83171,44.02946],[-90.79169,44.02901],[-90.79175,43.98588],[-90.67137,43.98576],[-90.66988,43.94189],[-90.67012,43.89905],[-90.55167,43.89925],[-90.55246,43.72566],[-90.58721,43.72583],[-90.58722,43.72953],[-90.5998,43.73002],[-90.60703,43.72962],[-90.60706,43.72599],[-90.66614,43.72649],[-90.75779,43.7256],[-91.03093,43.72501],[-91.03117,43.81226],[-91.19289,43.81191],[-91.19303,43.81123],[-91.19221,43.81125],[-91.19422,43.81045],[-91.19445,43.80524],[-91.201,43.80527],[-91.2026,43.80763],[-91.19824,43.80677],[-91.19818,43.80832],[-91.19733,43.80891],[-91.19925,43.80886],[-91.1952,43.81003],[-91.19518,43.81162],[-91.20408,43.8118],[-91.20417,43.80945],[-91.21229,43.8088],[-91.21333,43.80948],[-91.21357,43.80849],[-91.20952,43.80809],[-91.20919,43.80721],[-91.21427,43.80717],[-91.2141,43.80527],[-91.21107,43.8053],[-91.2095,43.80167],[-91.21131,43.80166],[-91.21096,43.80043],[-91.20967,43.79974],[-91.20971,43.79801],[-91.20739,43.79622],[-91.20681,43.79304],[-91.2049,43.79325],[-91.20495,43.79215],[-91.20315,43.79202],[-91.2032,43.79114],[-91.20235,43.79149],[-91.20481,43.78999],[-91.20668,43.79056],[-91.20736,43.78979],[-91.20693,43.79066],[-91.2283,43.80147],[-91.22972,43.80147],[-91.22978,43.80045],[-91.23275,43.80044],[-91.23278,43.79782],[-91.23764,43.79783],[-91.23762,43.80045],[-91.2397,43.80047],[-91.23986,43.79947],[-91.23905,43.80872],[-91.25637,43.80874],[-91.26201,43.80969],[-91.26473,43.81161],[-91.26721,43.81707],[-91.2692,43.81818],[-91.27309,43.81869],[-91.27574,43.82487],[-91.2777,43.83775],[-91.28198,43.84275],[-91.28415,43.84707],[-91.29101,43.85274],[-91.29882,43.85656],[-91.30334,43.8619],[-91.311,43.86739],[-91.31419,43.87914],[-91.319,43.88675],[-91.32547,43.89223],[-91.33662,43.89687],[-91.33929,43.89867],[-91.34775,43.91197],[-91.29028,43.91219],[-91.28965,43.89784],[-91.25513,43.89801],[-91.25517,43.88736],[-91.24805,43.88622],[-91.24524,43.88511],[-91.24523,43.88365],[-91.24085,43.88305],[-91.24037,43.88209],[-91.24038,43.88064],[-91.23932,43.8794],[-91.24255,43.87757],[-91.24387,43.87449],[-91.24285,43.86967],[-91.22929,43.86982],[-91.22927,43.86672],[-91.23002,43.86647],[-91.23021,43.86408],[-91.23323,43.85659],[-91.23337,43.85283],[-91.24259,43.85277],[-91.24252,43.84475],[-91.24813,43.84475],[-91.24812,43.84137],[-91.24247,43.84139],[-91.2425,43.84307],[-91.2383,43.84306],[-91.23833,43.84643],[-91.23441,43.84641],[-91.22755,43.8449],[-91.22478,43.84622],[-91.22479,43.84696],[-91.22065,43.84743],[-91.22025,43.84807],[-91.21662,43.84794],[-91.21536,43.84606],[-91.21522,43.84353],[-91.21428,43.84341],[-91.21435,43.84062],[-91.20972,43.84053],[-91.20977,43.844],[-91.21281,43.84411],[-91.21338,43.84557],[-91.21448,43.84571],[-91.21404,43.84751],[-91.21228,43.8467],[-91.21158,43.84782],[-91.20981,43.84779],[-91.20891,43.85045],[-91.20982,43.85057],[-91.20979,43.85234],[-91.2079,43.85302],[-91.20793,43.85515],[-91.20482,43.85516],[-91.2048,43.8583],[-91.20192,43.85869],[-91.20093,43.85729],[-91.19766,43.85949],[-91.19803,43.85736],[-91.19579,43.85698],[-91.19556,43.85779],[-91.19199,43.85699],[-91.19283,43.85523],[-91.18979,43.85525],[-91.18915,43.85695],[-91.18756,43.85799],[-91.18066,43.85579],[-91.18103,43.85462],[-91.17976,43.85551],[-91.17475,43.85558],[-91.17397,43.85924],[-91.17689,43.85924],[-91.17663,43.86091],[-91.17761,43.86075],[-91.17791,43.86279],[-91.17471,43.86287],[-91.17472,43.86485],[-91.16472,43.86418],[-91.16474,43.86797],[-91.16405,43.86824],[-91.16128,43.86738],[-91.16183,43.8662],[-91.15959,43.86646],[-91.15954,43.86458],[-91.15699,43.86401],[-91.15591,43.86647],[-91.15206,43.86584],[-91.14974,43.86718],[-91.14963,43.86277],[-91.03117,43.86286],[-91.03112,43.9064],[-91.03245,43.9853],[-90.97221,43.98534],[-90.97269,44.00692],[-90.95276,44.00697],[-90.95307,44.07114],[-90.91292,44.07153]]]}},{"type":"Feature","properties":{"ad":96,"sd":32},"geometry":{"type":"Polygon","coordinates":[[[-91.27309,43.81869],[-91.2692,43.81818],[-91.26721,43.81707],[-91.26473,43.81161],[-91.26201,43.80969],[-91.25637,43.80874],[-91.23905,43.80872],[-91.23986,43.79947],[-91.2397,43.80047],[-91.23762,43.80045],[-91.23764,43.79783],[-91.23278,43.79782],[-91.23275,43.80044],[-91.22978,43.80045],[-91.22972,43.80147],[-91.2283,43.80147],[-91.20693,43.79066],[-91.20736,43.78979],[-91.20668,43.79056],[-91.20481,43.78999],[-91.20235,43.79149],[-91.2032,43.79114],[-91.20315,43.79202],[-91.20495,43.79215],[-91.2049,43.79325],[-91.20681,43.79304],[-91.20739,43.79622],[-91.20971,43.79801],[-91.20967,43.79974],[-91.21096,43.80043],[-91.21131,43.80166],[-91.2095,43.80167],[-91.21107,43.8053],[-91.2141,43.80527],[-91.21427,43.80717],[-91.20919,43.80721],[-91.20952,43.80809],[-91.21357,43.80849],[-91.21333,43.80948],[-91.21229,43.8088],[-91.20417,43.80945],[-91.20408,43.8118],[-91.19518,43.81162],[-91.1952,43.81003],[-91.19925,43.80886],[-91.19733,43.80891],[-91.19818,43.80832],[-91.19824,43.80677],[-91.2026,43.80763],[-91.201,43.80527],[-91.19445,43.80524],[-91.19422,43.81045],[-91.19221,43.81125],[-91.19303,43.81123],[-91.19289,43.81191],[-91.03117,43.81226],[-91.03093,43.72501],[-90.75779,43.7256],[-90.66614,43.72649],[-90.60706,43.72599],[-90.60703,43.72962],[-90.5998,43.73002],[-90.58722,43.72953],[-90.58721,43.72583],[-90.43289,43.7259],[-90.3122,43.73149],[-90.3127,43.648],[-90.31108,43.554],[-90.67166,43.55286],[-90.67072,43.51304],[-90.68064,43.51308],[-90.68482,43.50866],[-90.68408,43.50818],[-90.68597,43.50571],[-90.68486,43.50395],[-90.68576,43.50243],[-90.68446,43.5025],[-90.68412,43.50112],[-90.68512,43.50009],[-90.68504,43.49867],[-90.67504,43.49867],[-90.67515,43.50226],[-90.67035,43.50227],[-90.66849,43.46712],[-90.66857,43.423],[-90.68886,43.42228],[-90.74669,43.42456],[-90.76759,43.42305],[-90.81721,43.42385],[-90.97778,43.42396],[-91.18811,43.423],[-91.18815,43.43439],[-91.18633,43.43548],[-91.18592,43.43673],[-91.18549,43.4361],[-91.18345,43.43703],[-91.18416,43.43766],[-91.18603,43.43681],[-91.19486,43.43671],[-91.19548,43.43582],[-91.19552,43.43671],[-91.20157,43.43669],[-91.20108,43.43773],[-91.202,43.43831],[-91.20066,43.4405],[-91.19895,43.44123],[-91.19628,43.4405],[-91.19624,43.4443],[-91.198,43.44424],[-91.19783,43.44268],[-91.19972,43.44179],[-91.20229,43.44197],[-91.20195,43.4404],[-91.20595,43.43863],[-91.20547,43.4376],[-91.20388,43.43777],[-91.20316,43.43669],[-91.20896,43.43672],[-91.2018,43.42296],[-91.20556,43.42296],[-91.22876,43.44554],[-91.23228,43.45096],[-91.23337,43.45518],[-91.23225,43.46003],[-91.22459,43.46553],[-91.22041,43.47131],[-91.21604,43.48115],[-91.21529,43.48481],[-91.21762,43.49102],[-91.21828,43.49724],[-91.21736,43.51248],[-91.2183,43.51444],[-91.22262,43.5179],[-91.23003,43.5216],[-91.23295,43.52397],[-91.23673,43.53294],[-91.24319,43.54032],[-91.2441,43.54563],[-91.24383,43.54914],[-91.24221,43.55283],[-91.23444,43.56179],[-91.23282,43.56485],[-91.2315,43.5756],[-91.23187,43.58183],[-91.23451,43.58554],[-91.23912,43.58977],[-91.26164,43.60618],[-91.2651,43.60998],[-91.26899,43.61659],[-91.26799,43.62332],[-91.26846,43.62736],[-91.26319,43.63821],[-91.2624,43.64177],[-91.26386,43.64767],[-91.27077,43.65309],[-91.27176,43.65494],[-91.27238,43.65767],[-91.27204,43.66144],[-91.27326,43.66663],[-91.27332,43.66831],[-91.27131,43.67276],[-91.27275,43.67662],[-91.27086,43.68147],[-91.2678,43.69566],[-91.26846,43.70983],[-91.26655,43.71395],[-91.26132,43.7195],[-91.25876,43.72343],[-91.25594,43.72986],[-91.25491,43.73354],[-91.25544,43.74488],[-91.24714,43.76664],[-91.24396,43.77305],[-91.24414,43.77467],[-91.26244,43.79218],[-91.26444,43.80037],[-91.26744,43.80417],[-91.26786,43.80877],[-91.27204,43.81377],[-91.27309,43.81869]]]}},{"type":"Feature","properties":{"ad":97,"sd":33},"geometry":{"type":"Polygon","coordinates":[[[-88.45504,43.10978],[-88.45333,43.10772],[-88.44552,43.10851],[-88.43171,43.10681],[-88.42194,43.10308],[-88.42184,43.10607],[-88.41275,43.106],[-88.41345,43.07985],[-88.39774,43.08002],[-88.3995,43.08374],[-88.39908,43.08601],[-88.39765,43.08745],[-88.3976,43.08918],[-88.39577,43.08852],[-88.39432,43.08968],[-88.3947,43.09095],[-88.39196,43.09095],[-88.39037,43.09189],[-88.39071,43.09251],[-88.39117,43.09165],[-88.39157,43.09377],[-88.3908,43.0939],[-88.39211,43.09553],[-88.39062,43.09684],[-88.39545,43.09655],[-88.3946,43.09789],[-88.39811,43.09828],[-88.39806,43.09941],[-88.38124,43.10238],[-88.37154,43.1007],[-88.37149,43.1057],[-88.35956,43.10556],[-88.35966,43.10264],[-88.36273,43.10268],[-88.36284,43.09393],[-88.36207,43.09392],[-88.36285,43.09377],[-88.36367,43.07255],[-88.36292,43.07253],[-88.35955,43.07454],[-88.35664,43.07497],[-88.35651,43.07601],[-88.35348,43.07594],[-88.35336,43.07958],[-88.34843,43.07947],[-88.34839,43.08101],[-88.34359,43.0815],[-88.34355,43.08302],[-88.33839,43.0829],[-88.33832,43.08467],[-88.33702,43.08465],[-88.33709,43.08288],[-88.33343,43.0828],[-88.33319,43.09012],[-88.32822,43.09001],[-88.32757,43.09544],[-88.32813,43.09544],[-88.32802,43.10324],[-88.32619,43.10216],[-88.32487,43.10335],[-88.32566,43.10336],[-88.32575,43.10504],[-88.32801,43.1052],[-88.30373,43.10502],[-88.30367,43.08622],[-88.30272,43.08622],[-88.30377,43.08412],[-88.30301,43.08319],[-88.30383,43.08268],[-88.30374,43.07263],[-88.30464,43.07238],[-88.30382,43.0694],[-88.30685,42.93],[-88.28755,42.92962],[-88.28763,42.9221],[-88.29754,42.92197],[-88.29748,42.91469],[-88.30657,42.91458],[-88.30616,42.87571],[-88.31008,42.87458],[-88.31096,42.87535],[-88.31101,42.8823],[-88.31474,42.8858],[-88.32119,42.88045],[-88.32652,42.87759],[-88.32734,42.87523],[-88.33112,42.87527],[-88.33108,42.87888],[-88.33556,42.87891],[-88.33557,42.88258],[-88.34044,42.88258],[-88.34045,42.88151],[-88.34226,42.88121],[-88.34537,42.88159],[-88.34537,42.88282],[-88.35535,42.88289],[-88.35534,42.87652],[-88.37342,42.88498],[-88.38527,42.89344],[-88.38537,42.88863],[-88.39026,42.88603],[-88.39033,42.87566],[-88.4109,42.87618],[-88.42428,42.87877],[-88.42411,42.84259],[-88.65929,42.84255],[-88.66013,42.9018],[-88.66199,42.90112],[-88.66327,42.89803],[-88.66691,42.89855],[-88.66821,42.89794],[-88.66767,42.89618],[-88.66861,42.89508],[-88.67143,42.89632],[-88.67355,42.89909],[-88.67828,42.89652],[-88.68449,42.89538],[-88.68567,42.89454],[-88.68764,42.89557],[-88.68956,42.89341],[-88.6981,42.894],[-88.70223,42.89487],[-88.70627,42.89786],[-88.70755,42.90136],[-88.7107,42.90229],[-88.71075,42.9042],[-88.71378,42.90388],[-88.71457,42.90578],[-88.71577,42.90501],[-88.71528,42.90165],[-88.71689,42.90163],[-88.71845,42.90291],[-88.72232,42.90401],[-88.72536,42.90659],[-88.72463,42.90845],[-88.72756,42.91098],[-88.73303,42.91016],[-88.736,42.91197],[-88.74019,42.90978],[-88.74171,42.91154],[-88.74181,42.91344],[-88.74278,42.91408],[-88.74711,42.91384],[-88.74959,42.91109],[-88.75083,42.91144],[-88.75362,42.91463],[-88.76293,42.91426],[-88.76474,42.91348],[-88.76434,42.91053],[-88.76494,42.90937],[-88.76669,42.90906],[-88.7699,42.91006],[-88.77015,42.90739],[-88.77094,42.90687],[-88.77394,42.90878],[-88.77433,42.91113],[-88.7736,42.91348],[-88.77781,42.91235],[-88.77716,42.97544],[-88.66017,42.97442],[-88.66003,43.01953],[-88.65832,43.04847],[-88.65694,43.10791],[-88.53963,43.10761],[-88.54005,43.08055],[-88.53462,43.0825],[-88.52067,43.08463],[-88.52057,43.07741],[-88.50562,43.07712],[-88.50562,43.08476],[-88.49998,43.0848],[-88.49468,43.08266],[-88.49074,43.08199],[-88.49089,43.08119],[-88.48961,43.0807],[-88.49055,43.07969],[-88.48864,43.07896],[-88.48779,43.08049],[-88.48813,43.08171],[-88.48083,43.08151],[-88.48095,43.07683],[-88.48002,43.07678],[-88.48005,43.07575],[-88.48097,43.07577],[-88.48161,43.05769],[-88.47163,43.05751],[-88.47135,43.06935],[-88.46894,43.06932],[-88.44725,43.06256],[-88.44634,43.06976],[-88.45175,43.0698],[-88.4521,43.08353],[-88.45997,43.08362],[-88.46271,43.08628],[-88.46666,43.08739],[-88.46587,43.08741],[-88.46584,43.09104],[-88.47075,43.09114],[-88.47061,43.09539],[-88.47336,43.09533],[-88.47408,43.09728],[-88.47554,43.09729],[-88.47531,43.10045],[-88.47685,43.10091],[-88.47662,43.10231],[-88.47769,43.10312],[-88.47733,43.10497],[-88.48381,43.10639],[-88.48166,43.10703],[-88.45934,43.10674],[-88.45463,43.10751],[-88.45504,43.10978]]]}},{"type":"Feature","properties":{"ad":98,"sd":33},"geometry":{"type":"Polygon","coordinates":[[[-88.41845,43.37018],[-88.29858,43.36954],[-88.2989,43.35021],[-88.30384,43.35017],[-88.30389,43.34833],[-88.30636,43.3483],[-88.30626,43.35373],[-88.31851,43.35359],[-88.31846,43.35628],[-88.31654,43.35662],[-88.31656,43.35757],[-88.31865,43.35768],[-88.31873,43.35359],[-88.32611,43.35366],[-88.32623,43.3464],[-88.31878,43.34634],[-88.31924,43.32876],[-88.31422,43.32977],[-88.31427,43.32818],[-88.30929,43.32823],[-88.30937,43.32472],[-88.30439,43.3248],[-88.30428,43.3269],[-88.29932,43.32856],[-88.30044,43.28136],[-88.18919,43.28081],[-88.18957,43.28347],[-88.19156,43.28295],[-88.19158,43.28806],[-88.18724,43.28807],[-88.18748,43.28356],[-88.1892,43.28352],[-88.18881,43.28081],[-88.18167,43.28079],[-88.18218,43.20711],[-88.17495,43.20703],[-88.17512,43.20823],[-88.17407,43.20975],[-88.17173,43.20969],[-88.16861,43.21108],[-88.1623,43.20843],[-88.1622,43.22138],[-88.157,43.22133],[-88.14263,43.20909],[-88.14269,43.19607],[-88.13642,43.19201],[-88.18223,43.19258],[-88.18566,43.10473],[-88.27053,43.10508],[-88.27101,43.10619],[-88.27501,43.10507],[-88.30373,43.10497],[-88.30278,43.1268],[-88.30775,43.12682],[-88.30767,43.12977],[-88.32743,43.13058],[-88.32666,43.15248],[-88.32642,43.15586],[-88.30375,43.15578],[-88.30155,43.15715],[-88.30009,43.19315],[-88.36846,43.19326],[-88.41799,43.19471],[-88.41927,43.2747],[-88.41878,43.35436],[-88.41845,43.37018]]]}},{"type":"Feature","properties":{"ad":99,"sd":33},"geometry":{"type":"Polygon","coordinates":[[[-88.53629,43.37062],[-88.41845,43.37018],[-88.41927,43.2747],[-88.41799,43.19471],[-88.36846,43.19326],[-88.30009,43.19315],[-88.30155,43.15715],[-88.30375,43.15578],[-88.32642,43.15586],[-88.32666,43.15248],[-88.32743,43.13058],[-88.30767,43.12977],[-88.30775,43.12682],[-88.30278,43.1268],[-88.30373,43.10502],[-88.32801,43.1052],[-88.32575,43.10504],[-88.32566,43.10336],[-88.32487,43.10335],[-88.32619,43.10216],[-88.32802,43.10324],[-88.32813,43.09544],[-88.32757,43.09544],[-88.32822,43.09001],[-88.33319,43.09012],[-88.33343,43.0828],[-88.33709,43.08288],[-88.33702,43.08465],[-88.33832,43.08467],[-88.33839,43.0829],[-88.34355,43.08302],[-88.34359,43.0815],[-88.34839,43.08101],[-88.34843,43.07947],[-88.35336,43.07958],[-88.35348,43.07594],[-88.35651,43.07601],[-88.35664,43.07497],[-88.35955,43.07454],[-88.36367,43.07255],[-88.36285,43.09377],[-88.36207,43.09392],[-88.36284,43.09393],[-88.36273,43.10268],[-88.35966,43.10264],[-88.35956,43.10556],[-88.37149,43.1057],[-88.37154,43.1007],[-88.38124,43.10238],[-88.39806,43.09941],[-88.39811,43.09828],[-88.3946,43.09789],[-88.39545,43.09655],[-88.39062,43.09684],[-88.39211,43.09553],[-88.3908,43.0939],[-88.39157,43.09377],[-88.39117,43.09165],[-88.39071,43.09251],[-88.39037,43.09189],[-88.39196,43.09095],[-88.3947,43.09095],[-88.39432,43.08968],[-88.39577,43.08852],[-88.3976,43.08918],[-88.39765,43.08745],[-88.39908,43.08601],[-88.3995,43.08374],[-88.39774,43.08002],[-88.41345,43.07985],[-88.41275,43.106],[-88.42184,43.10607],[-88.42194,43.10308],[-88.43171,43.10681],[-88.44552,43.10851],[-88.45333,43.10772],[-88.45499,43.10978],[-88.45463,43.10751],[-88.45934,43.10674],[-88.48358,43.10696],[-88.48381,43.10639],[-88.47733,43.10497],[-88.47769,43.10312],[-88.47662,43.10231],[-88.47685,43.10091],[-88.47531,43.10045],[-88.47554,43.09729],[-88.47408,43.09728],[-88.47336,43.09533],[-88.47061,43.09539],[-88.47075,43.09114],[-88.46584,43.09104],[-88.46587,43.08741],[-88.46666,43.08739],[-88.46271,43.08628],[-88.45997,43.08362],[-88.4521,43.08353],[-88.45175,43.0698],[-88.44634,43.06976],[-88.44725,43.06256],[-88.46894,43.06932],[-88.47135,43.06935],[-88.47163,43.05751],[-88.48161,43.05769],[-88.48097,43.07577],[-88.48005,43.07575],[-88.48002,43.07678],[-88.48095,43.07683],[-88.48083,43.08151],[-88.48813,43.08171],[-88.48779,43.08049],[-88.48864,43.07896],[-88.49055,43.07969],[-88.48961,43.0807],[-88.49089,43.08119],[-88.49074,43.08199],[-88.49468,43.08266],[-88.49998,43.0848],[-88.50562,43.08476],[-88.50562,43.07712],[-88.52057,43.07741],[-88.52067,43.08463],[-88.53462,43.0825],[-88.54005,43.08055],[-88.53963,43.10761],[-88.65694,43.10791],[-88.65581,43.16593],[-88.65424,43.19748],[-88.65608,43.28448],[-88.53736,43.28303],[-88.53629,43.37062]]]}}]}